table_row,lane,role,current_period_index,previous_period_index
0,0,absolute_start,0,-1
1,0,adjacent_difference,1,0
2,0,adjacent_difference,2,1
3,0,adjacent_difference,3,2
4,0,adjacent_difference,4,3
5,0,adjacent_difference,5,4
6,0,adjacent_difference,6,5
7,0,adjacent_difference,7,6
8,0,adjacent_difference,8,7
9,0,adjacent_difference,9,8
10,0,adjacent_difference,10,9
11,0,adjacent_difference,11,10
12,0,adjacent_difference,12,11
13,0,adjacent_difference,13,12
14,0,adjacent_difference,14,13
15,0,adjacent_difference,15,14
16,0,adjacent_difference,16,15
17,0,adjacent_difference,17,16
18,0,adjacent_difference,18,17
19,0,adjacent_difference,19,18
20,0,adjacent_difference,20,19
21,0,adjacent_difference,21,20
22,0,adjacent_difference,22,21
23,0,adjacent_difference,23,22
24,0,adjacent_difference,24,23
25,0,adjacent_difference,25,24
26,0,adjacent_difference,26,25
27,0,adjacent_difference,27,26
28,0,adjacent_difference,28,27
29,0,adjacent_difference,29,28
30,0,adjacent_difference,30,29
31,0,adjacent_difference,31,30
32,0,adjacent_difference,32,31
33,0,adjacent_difference,33,32
34,0,adjacent_difference,34,33
35,0,adjacent_difference,35,34
36,0,adjacent_difference,36,35
37,0,adjacent_difference,37,36
38,0,adjacent_difference,38,37
39,0,adjacent_difference,39,38
40,0,adjacent_difference,40,39
41,0,adjacent_difference,41,40
42,0,adjacent_difference,42,41
43,0,adjacent_difference,43,42
44,0,adjacent_difference,44,43
45,0,adjacent_difference,45,44
46,0,adjacent_difference,46,45
47,0,adjacent_difference,47,46
48,0,adjacent_difference,48,47
49,0,adjacent_difference,49,48
50,0,adjacent_difference,50,49
51,0,adjacent_difference,51,50
52,0,adjacent_difference,52,51
53,0,adjacent_difference,53,52
54,0,adjacent_difference,54,53
55,0,adjacent_difference,55,54
56,0,adjacent_difference,56,55
57,0,adjacent_difference,57,56
58,0,adjacent_difference,58,57
59,0,adjacent_difference,59,58
60,0,adjacent_difference,60,59
61,0,adjacent_difference,61,60
62,0,adjacent_difference,62,61
63,0,adjacent_difference,63,62
64,0,adjacent_difference,64,63
65,0,adjacent_difference,65,64
66,0,adjacent_difference,66,65
67,0,adjacent_difference,67,66
68,0,adjacent_difference,68,67
69,0,adjacent_difference,69,68
70,0,adjacent_difference,70,69
71,0,adjacent_difference,71,70
72,0,adjacent_difference,72,71
73,0,adjacent_difference,73,72
74,0,adjacent_difference,74,73
75,0,adjacent_difference,75,74
76,0,adjacent_difference,76,75
77,0,adjacent_difference,77,76
78,0,adjacent_difference,78,77
79,0,adjacent_difference,79,78
80,0,adjacent_difference,80,79
81,0,adjacent_difference,81,80
82,0,adjacent_difference,82,81
83,0,adjacent_difference,83,82
84,0,adjacent_difference,84,83
85,0,adjacent_difference,85,84
86,0,adjacent_difference,86,85
87,0,adjacent_difference,87,86
88,0,adjacent_difference,88,87
89,0,adjacent_difference,89,88
90,0,adjacent_difference,90,89
91,0,adjacent_difference,91,90
92,0,adjacent_difference,92,91
93,0,adjacent_difference,93,92
94,0,adjacent_difference,94,93
95,0,adjacent_difference,95,94
96,0,adjacent_difference,96,95
97,0,adjacent_difference,97,96
98,0,adjacent_difference,98,97
99,0,adjacent_difference,99,98
100,0,adjacent_difference,100,99
101,0,adjacent_difference,101,100
102,0,adjacent_difference,102,101
103,0,adjacent_difference,103,102
104,0,adjacent_difference,104,103
105,0,adjacent_difference,105,104
106,0,adjacent_difference,106,105
107,0,adjacent_difference,107,106
108,0,adjacent_difference,108,107
109,0,adjacent_difference,109,108
110,0,adjacent_difference,110,109
111,0,adjacent_difference,111,110
112,0,adjacent_difference,112,111
113,0,adjacent_difference,113,112
114,0,adjacent_difference,114,113
115,0,adjacent_difference,115,114
116,0,adjacent_difference,116,115
117,0,adjacent_difference,117,116
118,0,adjacent_difference,118,117
119,0,adjacent_difference,119,118
120,0,adjacent_difference,120,119
121,0,adjacent_difference,121,120
122,0,adjacent_difference,122,121
123,0,adjacent_difference,123,122
124,0,adjacent_difference,124,123
125,0,adjacent_difference,125,124
126,0,adjacent_difference,126,125
127,0,adjacent_difference,127,126
128,0,adjacent_difference,128,127
129,0,adjacent_difference,129,128
130,0,adjacent_difference,130,129
131,0,adjacent_difference,131,130
132,0,adjacent_difference,132,131
133,0,adjacent_difference,133,132
134,0,adjacent_difference,134,133
135,0,adjacent_difference,135,134
136,0,adjacent_difference,136,135
137,0,adjacent_difference,137,136
138,0,adjacent_difference,138,137
139,0,adjacent_difference,139,138
140,0,adjacent_difference,140,139
141,0,adjacent_difference,141,140
142,0,adjacent_difference,142,141
143,0,adjacent_difference,143,142
144,0,adjacent_difference,144,143
145,0,adjacent_difference,145,144
146,0,adjacent_difference,146,145
147,0,adjacent_difference,147,146
148,0,adjacent_difference,148,147
149,0,adjacent_difference,149,148
150,0,adjacent_difference,150,149
151,0,adjacent_difference,151,150
152,0,adjacent_difference,152,151
153,0,adjacent_difference,153,152
154,0,adjacent_difference,154,153
155,0,adjacent_difference,155,154
156,0,adjacent_difference,156,155
157,0,adjacent_difference,157,156
158,0,adjacent_difference,158,157
159,0,adjacent_difference,159,158
160,0,adjacent_difference,160,159
161,0,adjacent_difference,161,160
162,0,adjacent_difference,162,161
163,0,adjacent_difference,163,162
164,0,adjacent_difference,164,163
165,0,adjacent_difference,165,164
166,0,adjacent_difference,166,165
167,0,adjacent_difference,167,166
168,0,adjacent_difference,168,167
169,0,adjacent_difference,169,168
170,0,adjacent_difference,170,169
171,0,adjacent_difference,171,170
172,0,adjacent_difference,172,171
173,0,adjacent_difference,173,172
174,0,adjacent_difference,174,173
175,0,adjacent_difference,175,174
176,0,adjacent_difference,176,175
177,0,adjacent_difference,177,176
178,0,adjacent_difference,178,177
179,0,adjacent_difference,179,178
180,0,adjacent_difference,180,179
181,0,adjacent_difference,181,180
182,0,adjacent_difference,182,181
183,0,adjacent_difference,183,182
184,0,adjacent_difference,184,183
185,0,adjacent_difference,185,184
186,0,adjacent_difference,186,185
187,0,adjacent_difference,187,186
188,0,adjacent_difference,188,187
189,0,adjacent_difference,189,188
190,0,adjacent_difference,190,189
191,0,adjacent_difference,191,190
192,0,adjacent_difference,192,191
193,0,adjacent_difference,193,192
194,0,adjacent_difference,194,193
195,0,adjacent_difference,195,194
196,0,adjacent_difference,196,195
197,0,adjacent_difference,197,196
198,0,adjacent_difference,198,197
199,0,adjacent_difference,199,198
200,0,adjacent_difference,200,199
201,0,adjacent_difference,201,200
202,0,adjacent_difference,202,201
203,0,adjacent_difference,203,202
204,0,adjacent_difference,204,203
205,0,adjacent_difference,205,204
206,0,adjacent_difference,206,205
207,0,adjacent_difference,207,206
208,0,adjacent_difference,208,207
209,0,adjacent_difference,209,208
210,0,adjacent_difference,210,209
211,0,adjacent_difference,211,210
212,0,adjacent_difference,212,211
213,0,adjacent_difference,213,212
214,0,adjacent_difference,214,213
215,0,adjacent_difference,215,214
216,0,adjacent_difference,216,215
217,0,adjacent_difference,217,216
218,0,adjacent_difference,218,217
219,0,adjacent_difference,219,218
220,0,adjacent_difference,220,219
221,0,adjacent_difference,221,220
222,0,adjacent_difference,222,221
223,0,adjacent_difference,223,222
224,0,adjacent_difference,224,223
225,0,adjacent_difference,225,224
226,0,adjacent_difference,226,225
227,0,adjacent_difference,227,226
228,0,adjacent_difference,228,227
229,0,adjacent_difference,229,228
230,0,adjacent_difference,230,229
231,0,adjacent_difference,231,230
232,0,adjacent_difference,232,231
233,0,adjacent_difference,233,232
234,0,adjacent_difference,234,233
235,0,adjacent_difference,235,234
236,0,adjacent_difference,236,235
237,0,adjacent_difference,237,236
238,0,adjacent_difference,238,237
239,0,adjacent_difference,239,238
240,0,adjacent_difference,240,239
241,0,adjacent_difference,241,240
242,0,adjacent_difference,242,241
243,0,adjacent_difference,243,242
244,0,adjacent_difference,244,243
245,0,adjacent_difference,245,244
246,0,adjacent_difference,246,245
247,0,adjacent_difference,247,246
248,0,adjacent_difference,248,247
249,0,adjacent_difference,249,248
250,0,adjacent_difference,250,249
251,0,adjacent_difference,251,250
252,0,adjacent_difference,252,251
253,0,adjacent_difference,253,252
254,0,adjacent_difference,254,253
255,0,adjacent_difference,255,254
256,0,adjacent_difference,256,255
257,0,adjacent_difference,257,256
258,0,adjacent_difference,258,257
259,0,adjacent_difference,259,258
260,0,adjacent_difference,260,259
261,0,adjacent_difference,261,260
262,0,adjacent_difference,262,261
263,0,adjacent_difference,263,262
264,0,adjacent_difference,264,263
265,0,adjacent_difference,265,264
266,0,adjacent_difference,266,265
267,0,adjacent_difference,267,266
268,0,adjacent_difference,268,267
269,0,adjacent_difference,269,268
270,0,adjacent_difference,270,269
271,0,adjacent_difference,271,270
272,0,adjacent_difference,272,271
273,0,adjacent_difference,273,272
274,0,adjacent_difference,274,273
275,0,adjacent_difference,275,274
276,0,adjacent_difference,276,275
277,0,adjacent_difference,277,276
278,0,adjacent_difference,278,277
279,0,adjacent_difference,279,278
280,0,adjacent_difference,280,279
281,0,adjacent_difference,281,280
282,0,adjacent_difference,282,281
283,0,adjacent_difference,283,282
284,0,adjacent_difference,284,283
285,0,adjacent_difference,285,284
286,0,adjacent_difference,286,285
287,0,adjacent_difference,287,286
288,0,adjacent_difference,288,287
289,0,adjacent_difference,289,288
290,0,adjacent_difference,290,289
291,0,adjacent_difference,291,290
292,0,adjacent_difference,292,291
293,0,adjacent_difference,293,292
294,0,adjacent_difference,294,293
295,0,adjacent_difference,295,294
296,0,adjacent_difference,296,295
297,0,adjacent_difference,297,296
298,0,adjacent_difference,298,297
299,0,adjacent_difference,299,298
300,0,adjacent_difference,300,299
301,0,adjacent_difference,301,300
302,0,adjacent_difference,302,301
303,0,adjacent_difference,303,302
304,0,adjacent_difference,304,303
305,0,adjacent_difference,305,304
306,0,adjacent_difference,306,305
307,0,adjacent_difference,307,306
308,0,adjacent_difference,308,307
309,0,adjacent_difference,309,308
310,0,adjacent_difference,310,309
311,0,adjacent_difference,311,310
312,0,adjacent_difference,312,311
313,0,adjacent_difference,313,312
314,0,adjacent_difference,314,313
315,0,adjacent_difference,315,314
316,0,adjacent_difference,316,315
317,0,adjacent_difference,317,316
318,0,adjacent_difference,318,317
319,0,adjacent_difference,319,318
320,0,adjacent_difference,320,319
321,0,adjacent_difference,321,320
322,0,adjacent_difference,322,321
323,0,adjacent_difference,323,322
324,0,adjacent_difference,324,323
325,0,adjacent_difference,325,324
326,0,adjacent_difference,326,325
327,0,adjacent_difference,327,326
328,0,adjacent_difference,328,327
329,0,adjacent_difference,329,328
330,0,adjacent_difference,330,329
331,0,adjacent_difference,331,330
332,0,adjacent_difference,332,331
333,0,adjacent_difference,333,332
334,0,adjacent_difference,334,333
335,0,adjacent_difference,335,334
336,0,adjacent_difference,336,335
337,0,adjacent_difference,337,336
338,0,adjacent_difference,338,337
339,0,adjacent_difference,339,338
340,0,adjacent_difference,340,339
341,0,adjacent_difference,341,340
342,0,adjacent_difference,342,341
343,0,adjacent_difference,343,342
344,0,adjacent_difference,344,343
345,0,adjacent_difference,345,344
346,0,adjacent_difference,346,345
347,0,adjacent_difference,347,346
348,0,adjacent_difference,348,347
349,0,adjacent_difference,349,348
350,0,adjacent_difference,350,349
351,0,adjacent_difference,351,350
352,0,adjacent_difference,352,351
353,0,adjacent_difference,353,352
354,0,adjacent_difference,354,353
355,0,adjacent_difference,355,354
356,0,adjacent_difference,356,355
357,0,adjacent_difference,357,356
358,0,adjacent_difference,358,357
359,0,adjacent_difference,359,358
360,0,adjacent_difference,360,359
361,0,adjacent_difference,361,360
362,0,adjacent_difference,362,361
363,0,adjacent_difference,363,362
364,0,adjacent_difference,364,363
365,0,adjacent_difference,365,364
366,0,adjacent_difference,366,365
367,0,adjacent_difference,367,366
368,0,adjacent_difference,368,367
369,0,adjacent_difference,369,368
370,0,adjacent_difference,370,369
371,0,adjacent_difference,371,370
372,0,adjacent_difference,372,371
373,0,adjacent_difference,373,372
374,0,adjacent_difference,374,373
375,0,adjacent_difference,375,374
376,0,adjacent_difference,376,375
377,0,adjacent_difference,377,376
378,0,adjacent_difference,378,377
379,0,adjacent_difference,379,378
380,0,adjacent_difference,380,379
381,0,adjacent_difference,381,380
382,0,adjacent_difference,382,381
383,0,adjacent_difference,383,382
384,0,adjacent_difference,384,383
385,0,adjacent_difference,385,384
386,0,adjacent_difference,386,385
387,0,adjacent_difference,387,386
388,0,adjacent_difference,388,387
389,0,adjacent_difference,389,388
390,0,adjacent_difference,390,389
391,0,adjacent_difference,391,390
392,0,adjacent_difference,392,391
393,0,adjacent_difference,393,392
394,0,adjacent_difference,394,393
395,0,adjacent_difference,395,394
396,0,adjacent_difference,396,395
397,0,adjacent_difference,397,396
398,0,adjacent_difference,398,397
399,0,adjacent_difference,399,398
400,0,adjacent_difference,400,399
401,0,adjacent_difference,401,400
402,0,adjacent_difference,402,401
403,0,adjacent_difference,403,402
404,0,adjacent_difference,404,403
405,0,adjacent_difference,405,404
406,0,adjacent_difference,406,405
407,0,adjacent_difference,407,406
408,0,adjacent_difference,408,407
409,0,adjacent_difference,409,408
410,0,adjacent_difference,410,409
411,0,adjacent_difference,411,410
412,0,adjacent_difference,412,411
413,0,adjacent_difference,413,412
414,0,adjacent_difference,414,413
415,0,adjacent_difference,415,414
416,0,adjacent_difference,416,415
417,0,adjacent_difference,417,416
418,0,adjacent_difference,418,417
419,0,adjacent_difference,419,418
420,0,adjacent_difference,420,419
421,0,adjacent_difference,421,420
422,0,adjacent_difference,422,421
423,0,adjacent_difference,423,422
424,0,adjacent_difference,424,423
425,0,adjacent_difference,425,424
426,0,adjacent_difference,426,425
427,0,adjacent_difference,427,426
428,0,adjacent_difference,428,427
429,0,adjacent_difference,429,428
430,0,adjacent_difference,430,429
431,0,adjacent_difference,431,430
432,0,adjacent_difference,432,431
433,0,adjacent_difference,433,432
434,0,adjacent_difference,434,433
435,0,adjacent_difference,435,434
436,0,adjacent_difference,436,435
437,0,adjacent_difference,437,436
438,0,adjacent_difference,438,437
439,0,adjacent_difference,439,438
440,0,adjacent_difference,440,439
441,0,adjacent_difference,441,440
442,0,adjacent_difference,442,441
443,0,adjacent_difference,443,442
444,0,adjacent_difference,444,443
445,0,adjacent_difference,445,444
446,0,adjacent_difference,446,445
447,0,adjacent_difference,447,446
448,0,adjacent_difference,448,447
449,0,adjacent_difference,449,448
450,0,adjacent_difference,450,449
451,0,adjacent_difference,451,450
452,0,adjacent_difference,452,451
453,0,adjacent_difference,453,452
454,0,adjacent_difference,454,453
455,0,adjacent_difference,455,454
456,0,adjacent_difference,456,455
457,0,adjacent_difference,457,456
458,0,adjacent_difference,458,457
459,0,adjacent_difference,459,458
460,0,adjacent_difference,460,459
461,0,adjacent_difference,461,460
462,0,adjacent_difference,462,461
463,0,adjacent_difference,463,462
464,0,adjacent_difference,464,463
465,0,adjacent_difference,465,464
466,0,adjacent_difference,466,465
467,0,adjacent_difference,467,466
468,0,adjacent_difference,468,467
469,0,adjacent_difference,469,468
470,0,adjacent_difference,470,469
471,0,adjacent_difference,471,470
472,0,adjacent_difference,472,471
473,0,adjacent_difference,473,472
474,0,adjacent_difference,474,473
475,0,adjacent_difference,475,474
476,0,adjacent_difference,476,475
477,0,adjacent_difference,477,476
478,0,adjacent_difference,478,477
479,0,adjacent_difference,479,478
480,0,adjacent_difference,480,479
481,0,adjacent_difference,481,480
482,0,adjacent_difference,482,481
483,0,adjacent_difference,483,482
484,0,adjacent_difference,484,483
485,0,adjacent_difference,485,484
486,0,adjacent_difference,486,485
487,0,adjacent_difference,487,486
488,0,adjacent_difference,488,487
489,0,adjacent_difference,489,488
490,0,adjacent_difference,490,489
491,0,adjacent_difference,491,490
492,0,adjacent_difference,492,491
493,0,adjacent_difference,493,492
494,0,adjacent_difference,494,493
495,0,adjacent_difference,495,494
496,0,adjacent_difference,496,495
497,0,adjacent_difference,497,496
498,0,adjacent_difference,498,497
499,0,adjacent_difference,499,498
500,0,adjacent_difference,500,499
501,0,adjacent_difference,501,500
502,0,adjacent_difference,502,501
503,0,adjacent_difference,503,502
504,0,adjacent_difference,504,503
505,0,adjacent_difference,505,504
506,0,adjacent_difference,506,505
507,0,adjacent_difference,507,506
508,0,adjacent_difference,508,507
509,0,adjacent_difference,509,508
510,0,adjacent_difference,510,509
511,0,adjacent_difference,511,510
512,0,adjacent_difference,512,511
513,0,adjacent_difference,513,512
514,0,adjacent_difference,514,513
515,0,adjacent_difference,515,514
516,0,adjacent_difference,516,515
517,0,adjacent_difference,517,516
518,0,adjacent_difference,518,517
519,0,adjacent_difference,519,518
520,0,adjacent_difference,520,519
521,0,adjacent_difference,521,520
522,0,adjacent_difference,522,521
523,0,adjacent_difference,523,522
524,0,adjacent_difference,524,523
525,0,adjacent_difference,525,524
526,0,adjacent_difference,526,525
527,0,adjacent_difference,527,526
528,0,adjacent_difference,528,527
529,0,adjacent_difference,529,528
530,0,adjacent_difference,530,529
531,0,adjacent_difference,531,530
532,0,adjacent_difference,532,531
533,0,adjacent_difference,533,532
534,0,adjacent_difference,534,533
535,0,adjacent_difference,535,534
536,0,adjacent_difference,536,535
537,0,adjacent_difference,537,536
538,0,adjacent_difference,538,537
539,0,adjacent_difference,539,538
540,0,adjacent_difference,540,539
541,0,adjacent_difference,541,540
542,0,adjacent_difference,542,541
543,0,adjacent_difference,543,542
544,0,adjacent_difference,544,543
545,0,adjacent_difference,545,544
546,0,adjacent_difference,546,545
547,0,adjacent_difference,547,546
548,0,adjacent_difference,548,547
549,0,adjacent_difference,549,548
550,0,adjacent_difference,550,549
551,0,adjacent_difference,551,550
552,0,adjacent_difference,552,551
553,0,adjacent_difference,553,552
554,0,adjacent_difference,554,553
555,0,adjacent_difference,555,554
556,0,adjacent_difference,556,555
557,0,adjacent_difference,557,556
558,0,adjacent_difference,558,557
559,0,adjacent_difference,559,558
560,0,adjacent_difference,560,559
561,0,adjacent_difference,561,560
562,0,adjacent_difference,562,561
563,0,adjacent_difference,563,562
564,0,adjacent_difference,564,563
565,0,adjacent_difference,565,564
566,0,adjacent_difference,566,565
567,0,adjacent_difference,567,566
568,0,adjacent_difference,568,567
569,0,adjacent_difference,569,568
570,0,adjacent_difference,570,569
571,0,adjacent_difference,571,570
572,0,adjacent_difference,572,571
573,0,adjacent_difference,573,572
574,0,adjacent_difference,574,573
575,0,adjacent_difference,575,574
576,0,adjacent_difference,576,575
577,0,adjacent_difference,577,576
578,0,adjacent_difference,578,577
579,0,adjacent_difference,579,578
580,0,adjacent_difference,580,579
581,0,adjacent_difference,581,580
582,0,adjacent_difference,582,581
583,0,adjacent_difference,583,582
584,0,adjacent_difference,584,583
585,0,adjacent_difference,585,584
586,0,adjacent_difference,586,585
587,0,adjacent_difference,587,586
588,0,adjacent_difference,588,587
589,0,adjacent_difference,589,588
590,0,adjacent_difference,590,589
591,0,adjacent_difference,591,590
592,0,adjacent_difference,592,591
593,0,adjacent_difference,593,592
594,0,adjacent_difference,594,593
595,0,adjacent_difference,595,594
596,0,adjacent_difference,596,595
597,0,adjacent_difference,597,596
598,0,adjacent_difference,598,597
599,0,adjacent_difference,599,598
600,0,adjacent_difference,600,599
601,0,adjacent_difference,601,600
602,0,adjacent_difference,602,601
603,0,adjacent_difference,603,602
604,0,adjacent_difference,604,603
605,0,adjacent_difference,605,604
606,0,adjacent_difference,606,605
607,0,adjacent_difference,607,606
608,0,adjacent_difference,608,607
609,0,adjacent_difference,609,608
610,0,adjacent_difference,610,609
611,0,adjacent_difference,611,610
612,0,adjacent_difference,612,611
613,0,adjacent_difference,613,612
614,0,adjacent_difference,614,613
615,0,adjacent_difference,615,614
616,0,adjacent_difference,616,615
617,0,adjacent_difference,617,616
618,0,adjacent_difference,618,617
619,0,adjacent_difference,619,618
620,0,adjacent_difference,620,619
621,0,adjacent_difference,621,620
622,0,adjacent_difference,622,621
623,0,adjacent_difference,623,622
624,0,adjacent_difference,624,623
625,0,adjacent_difference,625,624
626,0,adjacent_difference,626,625
627,0,adjacent_difference,627,626
628,0,adjacent_difference,628,627
629,0,adjacent_difference,629,628
630,0,adjacent_difference,630,629
631,0,adjacent_difference,631,630
632,0,adjacent_difference,632,631
633,0,adjacent_difference,633,632
634,0,adjacent_difference,634,633
635,0,adjacent_difference,635,634
636,0,adjacent_difference,636,635
637,0,adjacent_difference,637,636
638,0,adjacent_difference,638,637
639,0,adjacent_difference,639,638
640,0,adjacent_difference,640,639
641,0,adjacent_difference,641,640
642,0,adjacent_difference,642,641
643,0,adjacent_difference,643,642
644,0,adjacent_difference,644,643
645,0,adjacent_difference,645,644
646,0,adjacent_difference,646,645
647,0,adjacent_difference,647,646
648,0,adjacent_difference,648,647
649,0,adjacent_difference,649,648
650,0,adjacent_difference,650,649
651,0,adjacent_difference,651,650
652,0,adjacent_difference,652,651
653,0,adjacent_difference,653,652
654,0,adjacent_difference,654,653
655,0,adjacent_difference,655,654
656,0,adjacent_difference,656,655
657,0,adjacent_difference,657,656
658,0,adjacent_difference,658,657
659,0,adjacent_difference,659,658
660,0,adjacent_difference,660,659
661,0,adjacent_difference,661,660
662,0,adjacent_difference,662,661
663,0,adjacent_difference,663,662
664,0,adjacent_difference,664,663
665,0,adjacent_difference,665,664
666,0,adjacent_difference,666,665
667,0,adjacent_difference,667,666
668,0,adjacent_difference,668,667
669,0,adjacent_difference,669,668
670,0,adjacent_difference,670,669
671,0,adjacent_difference,671,670
672,0,adjacent_difference,672,671
673,0,adjacent_difference,673,672
674,0,adjacent_difference,674,673
675,0,adjacent_difference,675,674
676,0,adjacent_difference,676,675
677,0,adjacent_difference,677,676
678,0,adjacent_difference,678,677
679,0,adjacent_difference,679,678
680,0,adjacent_difference,680,679
681,0,adjacent_difference,681,680
682,0,adjacent_difference,682,681
683,0,adjacent_difference,683,682
684,0,adjacent_difference,684,683
685,0,adjacent_difference,685,684
686,0,adjacent_difference,686,685
687,0,adjacent_difference,687,686
688,0,adjacent_difference,688,687
689,0,adjacent_difference,689,688
690,0,adjacent_difference,690,689
691,0,adjacent_difference,691,690
692,0,adjacent_difference,692,691
693,0,adjacent_difference,693,692
694,0,adjacent_difference,694,693
695,0,adjacent_difference,695,694
696,0,adjacent_difference,696,695
697,0,adjacent_difference,697,696
698,0,adjacent_difference,698,697
699,0,adjacent_difference,699,698
700,0,adjacent_difference,700,699
701,0,adjacent_difference,701,700
702,0,adjacent_difference,702,701
703,0,adjacent_difference,703,702
704,0,adjacent_difference,704,703
705,0,adjacent_difference,705,704
706,0,adjacent_difference,706,705
707,0,adjacent_difference,707,706
708,0,adjacent_difference,708,707
709,0,adjacent_difference,709,708
710,0,adjacent_difference,710,709
711,0,adjacent_difference,711,710
712,0,adjacent_difference,712,711
713,0,adjacent_difference,713,712
714,0,adjacent_difference,714,713
715,0,adjacent_difference,715,714
716,0,adjacent_difference,716,715
717,0,adjacent_difference,717,716
718,0,adjacent_difference,718,717
719,0,adjacent_difference,719,718
720,0,adjacent_difference,720,719
721,0,adjacent_difference,721,720
722,0,adjacent_difference,722,721
723,0,adjacent_difference,723,722
724,0,adjacent_difference,724,723
725,0,adjacent_difference,725,724
726,0,adjacent_difference,726,725
727,0,adjacent_difference,727,726
728,0,adjacent_difference,728,727
729,0,adjacent_difference,729,728
730,0,adjacent_difference,730,729
731,0,adjacent_difference,731,730
732,0,adjacent_difference,732,731
733,0,adjacent_difference,733,732
734,0,adjacent_difference,734,733
735,0,adjacent_difference,735,734
736,0,adjacent_difference,736,735
737,0,adjacent_difference,737,736
738,0,adjacent_difference,738,737
739,0,adjacent_difference,739,738
740,0,adjacent_difference,740,739
741,0,adjacent_difference,741,740
742,0,adjacent_difference,742,741
743,0,adjacent_difference,743,742
744,0,adjacent_difference,744,743
745,0,adjacent_difference,745,744
746,0,adjacent_difference,746,745
747,0,adjacent_difference,747,746
748,0,adjacent_difference,748,747
749,0,adjacent_difference,749,748
750,0,adjacent_difference,750,749
751,0,adjacent_difference,751,750
752,0,adjacent_difference,752,751
753,0,adjacent_difference,753,752
754,0,adjacent_difference,754,753
755,0,adjacent_difference,755,754
756,0,adjacent_difference,756,755
757,0,adjacent_difference,757,756
758,0,adjacent_difference,758,757
759,0,adjacent_difference,759,758
760,0,adjacent_difference,760,759
761,0,adjacent_difference,761,760
762,0,adjacent_difference,762,761
763,0,adjacent_difference,763,762
764,0,adjacent_difference,764,763
765,0,adjacent_difference,765,764
766,0,adjacent_difference,766,765
767,0,adjacent_difference,767,766
768,0,adjacent_difference,768,767
769,0,adjacent_difference,769,768
770,0,adjacent_difference,770,769
771,0,adjacent_difference,771,770
772,0,adjacent_difference,772,771
773,0,adjacent_difference,773,772
774,0,adjacent_difference,774,773
775,0,adjacent_difference,775,774
776,0,adjacent_difference,776,775
777,0,adjacent_difference,777,776
778,0,adjacent_difference,778,777
779,0,adjacent_difference,779,778
780,0,adjacent_difference,780,779
781,0,adjacent_difference,781,780
782,0,adjacent_difference,782,781
783,0,adjacent_difference,783,782
784,0,adjacent_difference,784,783
785,0,adjacent_difference,785,784
786,0,adjacent_difference,786,785
787,0,adjacent_difference,787,786
788,0,adjacent_difference,788,787
789,0,adjacent_difference,789,788
790,0,adjacent_difference,790,789
791,0,adjacent_difference,791,790
792,0,adjacent_difference,792,791
793,0,adjacent_difference,793,792
794,0,adjacent_difference,794,793
795,0,adjacent_difference,795,794
796,0,adjacent_difference,796,795
797,0,adjacent_difference,797,796
798,0,adjacent_difference,798,797
799,0,adjacent_difference,799,798
800,0,adjacent_difference,800,799
801,0,adjacent_difference,801,800
802,0,adjacent_difference,802,801
803,0,adjacent_difference,803,802
804,0,adjacent_difference,804,803
805,0,adjacent_difference,805,804
806,0,adjacent_difference,806,805
807,0,adjacent_difference,807,806
808,0,adjacent_difference,808,807
809,0,adjacent_difference,809,808
810,0,adjacent_difference,810,809
811,0,adjacent_difference,811,810
812,0,adjacent_difference,812,811
813,0,adjacent_difference,813,812
814,0,adjacent_difference,814,813
815,0,adjacent_difference,815,814
816,0,adjacent_difference,816,815
817,0,adjacent_difference,817,816
818,0,adjacent_difference,818,817
819,0,adjacent_difference,819,818
820,0,adjacent_difference,820,819
821,0,adjacent_difference,821,820
822,0,adjacent_difference,822,821
823,0,adjacent_difference,823,822
824,0,adjacent_difference,824,823
825,0,adjacent_difference,825,824
826,0,adjacent_difference,826,825
827,0,adjacent_difference,827,826
828,0,adjacent_difference,828,827
829,0,adjacent_difference,829,828
830,0,adjacent_difference,830,829
831,0,adjacent_difference,831,830
832,0,adjacent_difference,832,831
833,0,adjacent_difference,833,832
834,0,adjacent_difference,834,833
835,0,adjacent_difference,835,834
836,0,adjacent_difference,836,835
837,0,adjacent_difference,837,836
838,0,adjacent_difference,838,837
839,0,adjacent_difference,839,838
840,0,adjacent_difference,840,839
841,0,adjacent_difference,841,840
842,0,adjacent_difference,842,841
843,0,adjacent_difference,843,842
844,0,adjacent_difference,844,843
845,0,terminal_inverse,-1,844
846,1,absolute_start,845,-1
847,1,adjacent_difference,846,845
848,1,adjacent_difference,847,846
849,1,adjacent_difference,848,847
850,1,adjacent_difference,849,848
851,1,adjacent_difference,850,849
852,1,adjacent_difference,851,850
853,1,adjacent_difference,852,851
854,1,adjacent_difference,853,852
855,1,adjacent_difference,854,853
856,1,adjacent_difference,855,854
857,1,adjacent_difference,856,855
858,1,adjacent_difference,857,856
859,1,adjacent_difference,858,857
860,1,adjacent_difference,859,858
861,1,adjacent_difference,860,859
862,1,adjacent_difference,861,860
863,1,adjacent_difference,862,861
864,1,adjacent_difference,863,862
865,1,adjacent_difference,864,863
866,1,adjacent_difference,865,864
867,1,adjacent_difference,866,865
868,1,adjacent_difference,867,866
869,1,adjacent_difference,868,867
870,1,adjacent_difference,869,868
871,1,adjacent_difference,870,869
872,1,adjacent_difference,871,870
873,1,adjacent_difference,872,871
874,1,adjacent_difference,873,872
875,1,adjacent_difference,874,873
876,1,adjacent_difference,875,874
877,1,adjacent_difference,876,875
878,1,adjacent_difference,877,876
879,1,adjacent_difference,878,877
880,1,adjacent_difference,879,878
881,1,adjacent_difference,880,879
882,1,adjacent_difference,881,880
883,1,adjacent_difference,882,881
884,1,adjacent_difference,883,882
885,1,adjacent_difference,884,883
886,1,adjacent_difference,885,884
887,1,adjacent_difference,886,885
888,1,adjacent_difference,887,886
889,1,adjacent_difference,888,887
890,1,adjacent_difference,889,888
891,1,adjacent_difference,890,889
892,1,adjacent_difference,891,890
893,1,adjacent_difference,892,891
894,1,adjacent_difference,893,892
895,1,adjacent_difference,894,893
896,1,adjacent_difference,895,894
897,1,adjacent_difference,896,895
898,1,adjacent_difference,897,896
899,1,adjacent_difference,898,897
900,1,adjacent_difference,899,898
901,1,adjacent_difference,900,899
902,1,adjacent_difference,901,900
903,1,adjacent_difference,902,901
904,1,adjacent_difference,903,902
905,1,adjacent_difference,904,903
906,1,adjacent_difference,905,904
907,1,adjacent_difference,906,905
908,1,adjacent_difference,907,906
909,1,adjacent_difference,908,907
910,1,adjacent_difference,909,908
911,1,adjacent_difference,910,909
912,1,adjacent_difference,911,910
913,1,adjacent_difference,912,911
914,1,adjacent_difference,913,912
915,1,adjacent_difference,914,913
916,1,adjacent_difference,915,914
917,1,adjacent_difference,916,915
918,1,adjacent_difference,917,916
919,1,adjacent_difference,918,917
920,1,adjacent_difference,919,918
921,1,adjacent_difference,920,919
922,1,adjacent_difference,921,920
923,1,adjacent_difference,922,921
924,1,adjacent_difference,923,922
925,1,adjacent_difference,924,923
926,1,adjacent_difference,925,924
927,1,adjacent_difference,926,925
928,1,adjacent_difference,927,926
929,1,adjacent_difference,928,927
930,1,adjacent_difference,929,928
931,1,adjacent_difference,930,929
932,1,adjacent_difference,931,930
933,1,adjacent_difference,932,931
934,1,adjacent_difference,933,932
935,1,adjacent_difference,934,933
936,1,adjacent_difference,935,934
937,1,adjacent_difference,936,935
938,1,adjacent_difference,937,936
939,1,adjacent_difference,938,937
940,1,adjacent_difference,939,938
941,1,adjacent_difference,940,939
942,1,adjacent_difference,941,940
943,1,adjacent_difference,942,941
944,1,adjacent_difference,943,942
945,1,adjacent_difference,944,943
946,1,adjacent_difference,945,944
947,1,adjacent_difference,946,945
948,1,adjacent_difference,947,946
949,1,adjacent_difference,948,947
950,1,adjacent_difference,949,948
951,1,adjacent_difference,950,949
952,1,adjacent_difference,951,950
953,1,adjacent_difference,952,951
954,1,adjacent_difference,953,952
955,1,adjacent_difference,954,953
956,1,adjacent_difference,955,954
957,1,adjacent_difference,956,955
958,1,adjacent_difference,957,956
959,1,adjacent_difference,958,957
960,1,adjacent_difference,959,958
961,1,adjacent_difference,960,959
962,1,adjacent_difference,961,960
963,1,adjacent_difference,962,961
964,1,adjacent_difference,963,962
965,1,adjacent_difference,964,963
966,1,adjacent_difference,965,964
967,1,adjacent_difference,966,965
968,1,adjacent_difference,967,966
969,1,adjacent_difference,968,967
970,1,adjacent_difference,969,968
971,1,adjacent_difference,970,969
972,1,adjacent_difference,971,970
973,1,adjacent_difference,972,971
974,1,adjacent_difference,973,972
975,1,adjacent_difference,974,973
976,1,adjacent_difference,975,974
977,1,adjacent_difference,976,975
978,1,adjacent_difference,977,976
979,1,adjacent_difference,978,977
980,1,adjacent_difference,979,978
981,1,adjacent_difference,980,979
982,1,adjacent_difference,981,980
983,1,adjacent_difference,982,981
984,1,adjacent_difference,983,982
985,1,adjacent_difference,984,983
986,1,adjacent_difference,985,984
987,1,adjacent_difference,986,985
988,1,adjacent_difference,987,986
989,1,adjacent_difference,988,987
990,1,adjacent_difference,989,988
991,1,adjacent_difference,990,989
992,1,adjacent_difference,991,990
993,1,adjacent_difference,992,991
994,1,adjacent_difference,993,992
995,1,adjacent_difference,994,993
996,1,adjacent_difference,995,994
997,1,adjacent_difference,996,995
998,1,adjacent_difference,997,996
999,1,adjacent_difference,998,997
1000,1,adjacent_difference,999,998
1001,1,adjacent_difference,1000,999
1002,1,adjacent_difference,1001,1000
1003,1,adjacent_difference,1002,1001
1004,1,adjacent_difference,1003,1002
1005,1,adjacent_difference,1004,1003
1006,1,adjacent_difference,1005,1004
1007,1,adjacent_difference,1006,1005
1008,1,adjacent_difference,1007,1006
1009,1,adjacent_difference,1008,1007
1010,1,adjacent_difference,1009,1008
1011,1,adjacent_difference,1010,1009
1012,1,adjacent_difference,1011,1010
1013,1,adjacent_difference,1012,1011
1014,1,adjacent_difference,1013,1012
1015,1,adjacent_difference,1014,1013
1016,1,adjacent_difference,1015,1014
1017,1,adjacent_difference,1016,1015
1018,1,adjacent_difference,1017,1016
1019,1,adjacent_difference,1018,1017
1020,1,adjacent_difference,1019,1018
1021,1,adjacent_difference,1020,1019
1022,1,adjacent_difference,1021,1020
1023,1,adjacent_difference,1022,1021
1024,1,adjacent_difference,1023,1022
1025,1,adjacent_difference,1024,1023
1026,1,adjacent_difference,1025,1024
1027,1,adjacent_difference,1026,1025
1028,1,adjacent_difference,1027,1026
1029,1,adjacent_difference,1028,1027
1030,1,adjacent_difference,1029,1028
1031,1,adjacent_difference,1030,1029
1032,1,adjacent_difference,1031,1030
1033,1,adjacent_difference,1032,1031
1034,1,adjacent_difference,1033,1032
1035,1,adjacent_difference,1034,1033
1036,1,adjacent_difference,1035,1034
1037,1,adjacent_difference,1036,1035
1038,1,adjacent_difference,1037,1036
1039,1,adjacent_difference,1038,1037
1040,1,adjacent_difference,1039,1038
1041,1,adjacent_difference,1040,1039
1042,1,adjacent_difference,1041,1040
1043,1,adjacent_difference,1042,1041
1044,1,adjacent_difference,1043,1042
1045,1,adjacent_difference,1044,1043
1046,1,adjacent_difference,1045,1044
1047,1,adjacent_difference,1046,1045
1048,1,adjacent_difference,1047,1046
1049,1,adjacent_difference,1048,1047
1050,1,adjacent_difference,1049,1048
1051,1,adjacent_difference,1050,1049
1052,1,adjacent_difference,1051,1050
1053,1,adjacent_difference,1052,1051
1054,1,adjacent_difference,1053,1052
1055,1,adjacent_difference,1054,1053
1056,1,adjacent_difference,1055,1054
1057,1,adjacent_difference,1056,1055
1058,1,adjacent_difference,1057,1056
1059,1,adjacent_difference,1058,1057
1060,1,adjacent_difference,1059,1058
1061,1,adjacent_difference,1060,1059
1062,1,adjacent_difference,1061,1060
1063,1,adjacent_difference,1062,1061
1064,1,adjacent_difference,1063,1062
1065,1,adjacent_difference,1064,1063
1066,1,adjacent_difference,1065,1064
1067,1,adjacent_difference,1066,1065
1068,1,adjacent_difference,1067,1066
1069,1,adjacent_difference,1068,1067
1070,1,adjacent_difference,1069,1068
1071,1,adjacent_difference,1070,1069
1072,1,adjacent_difference,1071,1070
1073,1,adjacent_difference,1072,1071
1074,1,adjacent_difference,1073,1072
1075,1,adjacent_difference,1074,1073
1076,1,adjacent_difference,1075,1074
1077,1,adjacent_difference,1076,1075
1078,1,adjacent_difference,1077,1076
1079,1,adjacent_difference,1078,1077
1080,1,adjacent_difference,1079,1078
1081,1,adjacent_difference,1080,1079
1082,1,adjacent_difference,1081,1080
1083,1,adjacent_difference,1082,1081
1084,1,adjacent_difference,1083,1082
1085,1,adjacent_difference,1084,1083
1086,1,adjacent_difference,1085,1084
1087,1,adjacent_difference,1086,1085
1088,1,adjacent_difference,1087,1086
1089,1,adjacent_difference,1088,1087
1090,1,adjacent_difference,1089,1088
1091,1,adjacent_difference,1090,1089
1092,1,adjacent_difference,1091,1090
1093,1,adjacent_difference,1092,1091
1094,1,adjacent_difference,1093,1092
1095,1,adjacent_difference,1094,1093
1096,1,adjacent_difference,1095,1094
1097,1,adjacent_difference,1096,1095
1098,1,adjacent_difference,1097,1096
1099,1,adjacent_difference,1098,1097
1100,1,adjacent_difference,1099,1098
1101,1,adjacent_difference,1100,1099
1102,1,adjacent_difference,1101,1100
1103,1,adjacent_difference,1102,1101
1104,1,adjacent_difference,1103,1102
1105,1,adjacent_difference,1104,1103
1106,1,adjacent_difference,1105,1104
1107,1,adjacent_difference,1106,1105
1108,1,adjacent_difference,1107,1106
1109,1,adjacent_difference,1108,1107
1110,1,adjacent_difference,1109,1108
1111,1,adjacent_difference,1110,1109
1112,1,adjacent_difference,1111,1110
1113,1,adjacent_difference,1112,1111
1114,1,adjacent_difference,1113,1112
1115,1,adjacent_difference,1114,1113
1116,1,adjacent_difference,1115,1114
1117,1,adjacent_difference,1116,1115
1118,1,adjacent_difference,1117,1116
1119,1,adjacent_difference,1118,1117
1120,1,adjacent_difference,1119,1118
1121,1,adjacent_difference,1120,1119
1122,1,adjacent_difference,1121,1120
1123,1,adjacent_difference,1122,1121
1124,1,adjacent_difference,1123,1122
1125,1,adjacent_difference,1124,1123
1126,1,adjacent_difference,1125,1124
1127,1,adjacent_difference,1126,1125
1128,1,adjacent_difference,1127,1126
1129,1,adjacent_difference,1128,1127
1130,1,adjacent_difference,1129,1128
1131,1,adjacent_difference,1130,1129
1132,1,adjacent_difference,1131,1130
1133,1,adjacent_difference,1132,1131
1134,1,adjacent_difference,1133,1132
1135,1,adjacent_difference,1134,1133
1136,1,adjacent_difference,1135,1134
1137,1,adjacent_difference,1136,1135
1138,1,adjacent_difference,1137,1136
1139,1,adjacent_difference,1138,1137
1140,1,adjacent_difference,1139,1138
1141,1,adjacent_difference,1140,1139
1142,1,adjacent_difference,1141,1140
1143,1,adjacent_difference,1142,1141
1144,1,adjacent_difference,1143,1142
1145,1,adjacent_difference,1144,1143
1146,1,adjacent_difference,1145,1144
1147,1,adjacent_difference,1146,1145
1148,1,adjacent_difference,1147,1146
1149,1,adjacent_difference,1148,1147
1150,1,adjacent_difference,1149,1148
1151,1,adjacent_difference,1150,1149
1152,1,adjacent_difference,1151,1150
1153,1,adjacent_difference,1152,1151
1154,1,adjacent_difference,1153,1152
1155,1,adjacent_difference,1154,1153
1156,1,adjacent_difference,1155,1154
1157,1,adjacent_difference,1156,1155
1158,1,adjacent_difference,1157,1156
1159,1,adjacent_difference,1158,1157
1160,1,adjacent_difference,1159,1158
1161,1,adjacent_difference,1160,1159
1162,1,adjacent_difference,1161,1160
1163,1,adjacent_difference,1162,1161
1164,1,adjacent_difference,1163,1162
1165,1,adjacent_difference,1164,1163
1166,1,adjacent_difference,1165,1164
1167,1,adjacent_difference,1166,1165
1168,1,adjacent_difference,1167,1166
1169,1,adjacent_difference,1168,1167
1170,1,adjacent_difference,1169,1168
1171,1,adjacent_difference,1170,1169
1172,1,adjacent_difference,1171,1170
1173,1,adjacent_difference,1172,1171
1174,1,adjacent_difference,1173,1172
1175,1,adjacent_difference,1174,1173
1176,1,adjacent_difference,1175,1174
1177,1,adjacent_difference,1176,1175
1178,1,adjacent_difference,1177,1176
1179,1,adjacent_difference,1178,1177
1180,1,adjacent_difference,1179,1178
1181,1,adjacent_difference,1180,1179
1182,1,adjacent_difference,1181,1180
1183,1,adjacent_difference,1182,1181
1184,1,adjacent_difference,1183,1182
1185,1,adjacent_difference,1184,1183
1186,1,adjacent_difference,1185,1184
1187,1,adjacent_difference,1186,1185
1188,1,adjacent_difference,1187,1186
1189,1,adjacent_difference,1188,1187
1190,1,adjacent_difference,1189,1188
1191,1,adjacent_difference,1190,1189
1192,1,adjacent_difference,1191,1190
1193,1,adjacent_difference,1192,1191
1194,1,adjacent_difference,1193,1192
1195,1,adjacent_difference,1194,1193
1196,1,adjacent_difference,1195,1194
1197,1,adjacent_difference,1196,1195
1198,1,adjacent_difference,1197,1196
1199,1,adjacent_difference,1198,1197
1200,1,adjacent_difference,1199,1198
1201,1,adjacent_difference,1200,1199
1202,1,adjacent_difference,1201,1200
1203,1,adjacent_difference,1202,1201
1204,1,adjacent_difference,1203,1202
1205,1,adjacent_difference,1204,1203
1206,1,adjacent_difference,1205,1204
1207,1,adjacent_difference,1206,1205
1208,1,adjacent_difference,1207,1206
1209,1,adjacent_difference,1208,1207
1210,1,adjacent_difference,1209,1208
1211,1,adjacent_difference,1210,1209
1212,1,adjacent_difference,1211,1210
1213,1,adjacent_difference,1212,1211
1214,1,adjacent_difference,1213,1212
1215,1,adjacent_difference,1214,1213
1216,1,adjacent_difference,1215,1214
1217,1,adjacent_difference,1216,1215
1218,1,adjacent_difference,1217,1216
1219,1,adjacent_difference,1218,1217
1220,1,adjacent_difference,1219,1218
1221,1,adjacent_difference,1220,1219
1222,1,adjacent_difference,1221,1220
1223,1,adjacent_difference,1222,1221
1224,1,adjacent_difference,1223,1222
1225,1,adjacent_difference,1224,1223
1226,1,adjacent_difference,1225,1224
1227,1,adjacent_difference,1226,1225
1228,1,adjacent_difference,1227,1226
1229,1,adjacent_difference,1228,1227
1230,1,adjacent_difference,1229,1228
1231,1,adjacent_difference,1230,1229
1232,1,adjacent_difference,1231,1230
1233,1,adjacent_difference,1232,1231
1234,1,adjacent_difference,1233,1232
1235,1,adjacent_difference,1234,1233
1236,1,adjacent_difference,1235,1234
1237,1,adjacent_difference,1236,1235
1238,1,adjacent_difference,1237,1236
1239,1,adjacent_difference,1238,1237
1240,1,adjacent_difference,1239,1238
1241,1,adjacent_difference,1240,1239
1242,1,adjacent_difference,1241,1240
1243,1,adjacent_difference,1242,1241
1244,1,adjacent_difference,1243,1242
1245,1,adjacent_difference,1244,1243
1246,1,adjacent_difference,1245,1244
1247,1,adjacent_difference,1246,1245
1248,1,adjacent_difference,1247,1246
1249,1,adjacent_difference,1248,1247
1250,1,adjacent_difference,1249,1248
1251,1,adjacent_difference,1250,1249
1252,1,adjacent_difference,1251,1250
1253,1,adjacent_difference,1252,1251
1254,1,adjacent_difference,1253,1252
1255,1,adjacent_difference,1254,1253
1256,1,adjacent_difference,1255,1254
1257,1,adjacent_difference,1256,1255
1258,1,adjacent_difference,1257,1256
1259,1,adjacent_difference,1258,1257
1260,1,adjacent_difference,1259,1258
1261,1,adjacent_difference,1260,1259
1262,1,adjacent_difference,1261,1260
1263,1,adjacent_difference,1262,1261
1264,1,adjacent_difference,1263,1262
1265,1,adjacent_difference,1264,1263
1266,1,adjacent_difference,1265,1264
1267,1,adjacent_difference,1266,1265
1268,1,adjacent_difference,1267,1266
1269,1,adjacent_difference,1268,1267
1270,1,adjacent_difference,1269,1268
1271,1,adjacent_difference,1270,1269
1272,1,adjacent_difference,1271,1270
1273,1,adjacent_difference,1272,1271
1274,1,adjacent_difference,1273,1272
1275,1,adjacent_difference,1274,1273
1276,1,adjacent_difference,1275,1274
1277,1,adjacent_difference,1276,1275
1278,1,adjacent_difference,1277,1276
1279,1,adjacent_difference,1278,1277
1280,1,adjacent_difference,1279,1278
1281,1,adjacent_difference,1280,1279
1282,1,adjacent_difference,1281,1280
1283,1,adjacent_difference,1282,1281
1284,1,adjacent_difference,1283,1282
1285,1,adjacent_difference,1284,1283
1286,1,adjacent_difference,1285,1284
1287,1,adjacent_difference,1286,1285
1288,1,adjacent_difference,1287,1286
1289,1,adjacent_difference,1288,1287
1290,1,adjacent_difference,1289,1288
1291,1,adjacent_difference,1290,1289
1292,1,adjacent_difference,1291,1290
1293,1,adjacent_difference,1292,1291
1294,1,adjacent_difference,1293,1292
1295,1,adjacent_difference,1294,1293
1296,1,adjacent_difference,1295,1294
1297,1,adjacent_difference,1296,1295
1298,1,adjacent_difference,1297,1296
1299,1,adjacent_difference,1298,1297
1300,1,adjacent_difference,1299,1298
1301,1,adjacent_difference,1300,1299
1302,1,adjacent_difference,1301,1300
1303,1,adjacent_difference,1302,1301
1304,1,adjacent_difference,1303,1302
1305,1,adjacent_difference,1304,1303
1306,1,adjacent_difference,1305,1304
1307,1,adjacent_difference,1306,1305
1308,1,adjacent_difference,1307,1306
1309,1,adjacent_difference,1308,1307
1310,1,adjacent_difference,1309,1308
1311,1,adjacent_difference,1310,1309
1312,1,adjacent_difference,1311,1310
1313,1,adjacent_difference,1312,1311
1314,1,adjacent_difference,1313,1312
1315,1,adjacent_difference,1314,1313
1316,1,adjacent_difference,1315,1314
1317,1,adjacent_difference,1316,1315
1318,1,adjacent_difference,1317,1316
1319,1,adjacent_difference,1318,1317
1320,1,adjacent_difference,1319,1318
1321,1,adjacent_difference,1320,1319
1322,1,adjacent_difference,1321,1320
1323,1,adjacent_difference,1322,1321
1324,1,adjacent_difference,1323,1322
1325,1,adjacent_difference,1324,1323
1326,1,adjacent_difference,1325,1324
1327,1,adjacent_difference,1326,1325
1328,1,adjacent_difference,1327,1326
1329,1,adjacent_difference,1328,1327
1330,1,adjacent_difference,1329,1328
1331,1,adjacent_difference,1330,1329
1332,1,adjacent_difference,1331,1330
1333,1,adjacent_difference,1332,1331
1334,1,adjacent_difference,1333,1332
1335,1,adjacent_difference,1334,1333
1336,1,adjacent_difference,1335,1334
1337,1,adjacent_difference,1336,1335
1338,1,adjacent_difference,1337,1336
1339,1,adjacent_difference,1338,1337
1340,1,adjacent_difference,1339,1338
1341,1,adjacent_difference,1340,1339
1342,1,adjacent_difference,1341,1340
1343,1,adjacent_difference,1342,1341
1344,1,adjacent_difference,1343,1342
1345,1,adjacent_difference,1344,1343
1346,1,adjacent_difference,1345,1344
1347,1,adjacent_difference,1346,1345
1348,1,adjacent_difference,1347,1346
1349,1,adjacent_difference,1348,1347
1350,1,adjacent_difference,1349,1348
1351,1,adjacent_difference,1350,1349
1352,1,adjacent_difference,1351,1350
1353,1,adjacent_difference,1352,1351
1354,1,adjacent_difference,1353,1352
1355,1,adjacent_difference,1354,1353
1356,1,adjacent_difference,1355,1354
1357,1,adjacent_difference,1356,1355
1358,1,adjacent_difference,1357,1356
1359,1,adjacent_difference,1358,1357
1360,1,adjacent_difference,1359,1358
1361,1,adjacent_difference,1360,1359
1362,1,adjacent_difference,1361,1360
1363,1,adjacent_difference,1362,1361
1364,1,adjacent_difference,1363,1362
1365,1,adjacent_difference,1364,1363
1366,1,adjacent_difference,1365,1364
1367,1,adjacent_difference,1366,1365
1368,1,adjacent_difference,1367,1366
1369,1,adjacent_difference,1368,1367
1370,1,adjacent_difference,1369,1368
1371,1,adjacent_difference,1370,1369
1372,1,adjacent_difference,1371,1370
1373,1,adjacent_difference,1372,1371
1374,1,adjacent_difference,1373,1372
1375,1,adjacent_difference,1374,1373
1376,1,adjacent_difference,1375,1374
1377,1,adjacent_difference,1376,1375
1378,1,adjacent_difference,1377,1376
1379,1,adjacent_difference,1378,1377
1380,1,adjacent_difference,1379,1378
1381,1,adjacent_difference,1380,1379
1382,1,adjacent_difference,1381,1380
1383,1,adjacent_difference,1382,1381
1384,1,adjacent_difference,1383,1382
1385,1,adjacent_difference,1384,1383
1386,1,adjacent_difference,1385,1384
1387,1,adjacent_difference,1386,1385
1388,1,adjacent_difference,1387,1386
1389,1,adjacent_difference,1388,1387
1390,1,adjacent_difference,1389,1388
1391,1,adjacent_difference,1390,1389
1392,1,adjacent_difference,1391,1390
1393,1,adjacent_difference,1392,1391
1394,1,adjacent_difference,1393,1392
1395,1,adjacent_difference,1394,1393
1396,1,adjacent_difference,1395,1394
1397,1,adjacent_difference,1396,1395
1398,1,adjacent_difference,1397,1396
1399,1,adjacent_difference,1398,1397
1400,1,adjacent_difference,1399,1398
1401,1,adjacent_difference,1400,1399
1402,1,adjacent_difference,1401,1400
1403,1,adjacent_difference,1402,1401
1404,1,adjacent_difference,1403,1402
1405,1,adjacent_difference,1404,1403
1406,1,adjacent_difference,1405,1404
1407,1,adjacent_difference,1406,1405
1408,1,adjacent_difference,1407,1406
1409,1,adjacent_difference,1408,1407
1410,1,adjacent_difference,1409,1408
1411,1,adjacent_difference,1410,1409
1412,1,adjacent_difference,1411,1410
1413,1,adjacent_difference,1412,1411
1414,1,adjacent_difference,1413,1412
1415,1,adjacent_difference,1414,1413
1416,1,adjacent_difference,1415,1414
1417,1,adjacent_difference,1416,1415
1418,1,adjacent_difference,1417,1416
1419,1,adjacent_difference,1418,1417
1420,1,adjacent_difference,1419,1418
1421,1,adjacent_difference,1420,1419
1422,1,adjacent_difference,1421,1420
1423,1,adjacent_difference,1422,1421
1424,1,adjacent_difference,1423,1422
1425,1,adjacent_difference,1424,1423
1426,1,adjacent_difference,1425,1424
1427,1,adjacent_difference,1426,1425
1428,1,adjacent_difference,1427,1426
1429,1,adjacent_difference,1428,1427
1430,1,adjacent_difference,1429,1428
1431,1,adjacent_difference,1430,1429
1432,1,adjacent_difference,1431,1430
1433,1,adjacent_difference,1432,1431
1434,1,adjacent_difference,1433,1432
1435,1,adjacent_difference,1434,1433
1436,1,adjacent_difference,1435,1434
1437,1,adjacent_difference,1436,1435
1438,1,adjacent_difference,1437,1436
1439,1,adjacent_difference,1438,1437
1440,1,adjacent_difference,1439,1438
1441,1,adjacent_difference,1440,1439
1442,1,adjacent_difference,1441,1440
1443,1,adjacent_difference,1442,1441
1444,1,adjacent_difference,1443,1442
1445,1,adjacent_difference,1444,1443
1446,1,adjacent_difference,1445,1444
1447,1,adjacent_difference,1446,1445
1448,1,adjacent_difference,1447,1446
1449,1,adjacent_difference,1448,1447
1450,1,adjacent_difference,1449,1448
1451,1,adjacent_difference,1450,1449
1452,1,adjacent_difference,1451,1450
1453,1,adjacent_difference,1452,1451
1454,1,adjacent_difference,1453,1452
1455,1,adjacent_difference,1454,1453
1456,1,adjacent_difference,1455,1454
1457,1,adjacent_difference,1456,1455
1458,1,adjacent_difference,1457,1456
1459,1,adjacent_difference,1458,1457
1460,1,adjacent_difference,1459,1458
1461,1,adjacent_difference,1460,1459
1462,1,adjacent_difference,1461,1460
1463,1,adjacent_difference,1462,1461
1464,1,adjacent_difference,1463,1462
1465,1,adjacent_difference,1464,1463
1466,1,adjacent_difference,1465,1464
1467,1,adjacent_difference,1466,1465
1468,1,adjacent_difference,1467,1466
1469,1,adjacent_difference,1468,1467
1470,1,adjacent_difference,1469,1468
1471,1,adjacent_difference,1470,1469
1472,1,adjacent_difference,1471,1470
1473,1,adjacent_difference,1472,1471
1474,1,adjacent_difference,1473,1472
1475,1,adjacent_difference,1474,1473
1476,1,adjacent_difference,1475,1474
1477,1,adjacent_difference,1476,1475
1478,1,adjacent_difference,1477,1476
1479,1,adjacent_difference,1478,1477
1480,1,adjacent_difference,1479,1478
1481,1,adjacent_difference,1480,1479
1482,1,adjacent_difference,1481,1480
1483,1,adjacent_difference,1482,1481
1484,1,adjacent_difference,1483,1482
1485,1,adjacent_difference,1484,1483
1486,1,adjacent_difference,1485,1484
1487,1,adjacent_difference,1486,1485
1488,1,adjacent_difference,1487,1486
1489,1,adjacent_difference,1488,1487
1490,1,adjacent_difference,1489,1488
1491,1,adjacent_difference,1490,1489
1492,1,adjacent_difference,1491,1490
1493,1,adjacent_difference,1492,1491
1494,1,adjacent_difference,1493,1492
1495,1,adjacent_difference,1494,1493
1496,1,adjacent_difference,1495,1494
1497,1,adjacent_difference,1496,1495
1498,1,adjacent_difference,1497,1496
1499,1,adjacent_difference,1498,1497
1500,1,adjacent_difference,1499,1498
1501,1,adjacent_difference,1500,1499
1502,1,adjacent_difference,1501,1500
1503,1,adjacent_difference,1502,1501
1504,1,adjacent_difference,1503,1502
1505,1,adjacent_difference,1504,1503
1506,1,adjacent_difference,1505,1504
1507,1,adjacent_difference,1506,1505
1508,1,adjacent_difference,1507,1506
1509,1,adjacent_difference,1508,1507
1510,1,adjacent_difference,1509,1508
1511,1,adjacent_difference,1510,1509
1512,1,adjacent_difference,1511,1510
1513,1,adjacent_difference,1512,1511
1514,1,adjacent_difference,1513,1512
1515,1,adjacent_difference,1514,1513
1516,1,adjacent_difference,1515,1514
1517,1,adjacent_difference,1516,1515
1518,1,adjacent_difference,1517,1516
1519,1,adjacent_difference,1518,1517
1520,1,adjacent_difference,1519,1518
1521,1,adjacent_difference,1520,1519
1522,1,adjacent_difference,1521,1520
1523,1,adjacent_difference,1522,1521
1524,1,adjacent_difference,1523,1522
1525,1,adjacent_difference,1524,1523
1526,1,adjacent_difference,1525,1524
1527,1,adjacent_difference,1526,1525
1528,1,adjacent_difference,1527,1526
1529,1,adjacent_difference,1528,1527
1530,1,adjacent_difference,1529,1528
1531,1,adjacent_difference,1530,1529
1532,1,adjacent_difference,1531,1530
1533,1,adjacent_difference,1532,1531
1534,1,adjacent_difference,1533,1532
1535,1,adjacent_difference,1534,1533
1536,1,adjacent_difference,1535,1534
1537,1,adjacent_difference,1536,1535
1538,1,adjacent_difference,1537,1536
1539,1,adjacent_difference,1538,1537
1540,1,adjacent_difference,1539,1538
1541,1,adjacent_difference,1540,1539
1542,1,adjacent_difference,1541,1540
1543,1,adjacent_difference,1542,1541
1544,1,adjacent_difference,1543,1542
1545,1,adjacent_difference,1544,1543
1546,1,adjacent_difference,1545,1544
1547,1,adjacent_difference,1546,1545
1548,1,adjacent_difference,1547,1546
1549,1,adjacent_difference,1548,1547
1550,1,adjacent_difference,1549,1548
1551,1,adjacent_difference,1550,1549
1552,1,adjacent_difference,1551,1550
1553,1,adjacent_difference,1552,1551
1554,1,adjacent_difference,1553,1552
1555,1,adjacent_difference,1554,1553
1556,1,adjacent_difference,1555,1554
1557,1,adjacent_difference,1556,1555
1558,1,adjacent_difference,1557,1556
1559,1,adjacent_difference,1558,1557
1560,1,adjacent_difference,1559,1558
1561,1,adjacent_difference,1560,1559
1562,1,adjacent_difference,1561,1560
1563,1,adjacent_difference,1562,1561
1564,1,adjacent_difference,1563,1562
1565,1,adjacent_difference,1564,1563
1566,1,adjacent_difference,1565,1564
1567,1,adjacent_difference,1566,1565
1568,1,adjacent_difference,1567,1566
1569,1,adjacent_difference,1568,1567
1570,1,adjacent_difference,1569,1568
1571,1,adjacent_difference,1570,1569
1572,1,adjacent_difference,1571,1570
1573,1,adjacent_difference,1572,1571
1574,1,adjacent_difference,1573,1572
1575,1,adjacent_difference,1574,1573
1576,1,adjacent_difference,1575,1574
1577,1,adjacent_difference,1576,1575
1578,1,adjacent_difference,1577,1576
1579,1,adjacent_difference,1578,1577
1580,1,adjacent_difference,1579,1578
1581,1,adjacent_difference,1580,1579
1582,1,adjacent_difference,1581,1580
1583,1,adjacent_difference,1582,1581
1584,1,adjacent_difference,1583,1582
1585,1,adjacent_difference,1584,1583
1586,1,adjacent_difference,1585,1584
1587,1,adjacent_difference,1586,1585
1588,1,adjacent_difference,1587,1586
1589,1,adjacent_difference,1588,1587
1590,1,adjacent_difference,1589,1588
1591,1,adjacent_difference,1590,1589
1592,1,adjacent_difference,1591,1590
1593,1,adjacent_difference,1592,1591
1594,1,adjacent_difference,1593,1592
1595,1,adjacent_difference,1594,1593
1596,1,adjacent_difference,1595,1594
1597,1,adjacent_difference,1596,1595
1598,1,adjacent_difference,1597,1596
1599,1,adjacent_difference,1598,1597
1600,1,adjacent_difference,1599,1598
1601,1,adjacent_difference,1600,1599
1602,1,adjacent_difference,1601,1600
1603,1,adjacent_difference,1602,1601
1604,1,adjacent_difference,1603,1602
1605,1,adjacent_difference,1604,1603
1606,1,adjacent_difference,1605,1604
1607,1,adjacent_difference,1606,1605
1608,1,adjacent_difference,1607,1606
1609,1,adjacent_difference,1608,1607
1610,1,adjacent_difference,1609,1608
1611,1,adjacent_difference,1610,1609
1612,1,adjacent_difference,1611,1610
1613,1,adjacent_difference,1612,1611
1614,1,adjacent_difference,1613,1612
1615,1,adjacent_difference,1614,1613
1616,1,adjacent_difference,1615,1614
1617,1,adjacent_difference,1616,1615
1618,1,adjacent_difference,1617,1616
1619,1,adjacent_difference,1618,1617
1620,1,adjacent_difference,1619,1618
1621,1,adjacent_difference,1620,1619
1622,1,adjacent_difference,1621,1620
1623,1,adjacent_difference,1622,1621
1624,1,adjacent_difference,1623,1622
1625,1,adjacent_difference,1624,1623
1626,1,adjacent_difference,1625,1624
1627,1,adjacent_difference,1626,1625
1628,1,adjacent_difference,1627,1626
1629,1,adjacent_difference,1628,1627
1630,1,adjacent_difference,1629,1628
1631,1,adjacent_difference,1630,1629
1632,1,adjacent_difference,1631,1630
1633,1,adjacent_difference,1632,1631
1634,1,adjacent_difference,1633,1632
1635,1,adjacent_difference,1634,1633
1636,1,adjacent_difference,1635,1634
1637,1,adjacent_difference,1636,1635
1638,1,adjacent_difference,1637,1636
1639,1,adjacent_difference,1638,1637
1640,1,adjacent_difference,1639,1638
1641,1,adjacent_difference,1640,1639
1642,1,adjacent_difference,1641,1640
1643,1,adjacent_difference,1642,1641
1644,1,adjacent_difference,1643,1642
1645,1,adjacent_difference,1644,1643
1646,1,adjacent_difference,1645,1644
1647,1,adjacent_difference,1646,1645
1648,1,adjacent_difference,1647,1646
1649,1,adjacent_difference,1648,1647
1650,1,adjacent_difference,1649,1648
1651,1,adjacent_difference,1650,1649
1652,1,adjacent_difference,1651,1650
1653,1,adjacent_difference,1652,1651
1654,1,adjacent_difference,1653,1652
1655,1,adjacent_difference,1654,1653
1656,1,adjacent_difference,1655,1654
1657,1,adjacent_difference,1656,1655
1658,1,adjacent_difference,1657,1656
1659,1,adjacent_difference,1658,1657
1660,1,adjacent_difference,1659,1658
1661,1,adjacent_difference,1660,1659
1662,1,adjacent_difference,1661,1660
1663,1,adjacent_difference,1662,1661
1664,1,adjacent_difference,1663,1662
1665,1,adjacent_difference,1664,1663
1666,1,adjacent_difference,1665,1664
1667,1,adjacent_difference,1666,1665
1668,1,adjacent_difference,1667,1666
1669,1,adjacent_difference,1668,1667
1670,1,adjacent_difference,1669,1668
1671,1,adjacent_difference,1670,1669
1672,1,adjacent_difference,1671,1670
1673,1,adjacent_difference,1672,1671
1674,1,adjacent_difference,1673,1672
1675,1,adjacent_difference,1674,1673
1676,1,adjacent_difference,1675,1674
1677,1,adjacent_difference,1676,1675
1678,1,adjacent_difference,1677,1676
1679,1,adjacent_difference,1678,1677
1680,1,adjacent_difference,1679,1678
1681,1,adjacent_difference,1680,1679
1682,1,adjacent_difference,1681,1680
1683,1,adjacent_difference,1682,1681
1684,1,adjacent_difference,1683,1682
1685,1,adjacent_difference,1684,1683
1686,1,adjacent_difference,1685,1684
1687,1,adjacent_difference,1686,1685
1688,1,adjacent_difference,1687,1686
1689,1,adjacent_difference,1688,1687
1690,1,adjacent_difference,1689,1688
1691,1,terminal_inverse,-1,1689
1692,2,absolute_start,1690,-1
1693,2,adjacent_difference,1691,1690
1694,2,adjacent_difference,1692,1691
1695,2,adjacent_difference,1693,1692
1696,2,adjacent_difference,1694,1693
1697,2,adjacent_difference,1695,1694
1698,2,adjacent_difference,1696,1695
1699,2,adjacent_difference,1697,1696
1700,2,adjacent_difference,1698,1697
1701,2,adjacent_difference,1699,1698
1702,2,adjacent_difference,1700,1699
1703,2,adjacent_difference,1701,1700
1704,2,adjacent_difference,1702,1701
1705,2,adjacent_difference,1703,1702
1706,2,adjacent_difference,1704,1703
1707,2,adjacent_difference,1705,1704
1708,2,adjacent_difference,1706,1705
1709,2,adjacent_difference,1707,1706
1710,2,adjacent_difference,1708,1707
1711,2,adjacent_difference,1709,1708
1712,2,adjacent_difference,1710,1709
1713,2,adjacent_difference,1711,1710
1714,2,adjacent_difference,1712,1711
1715,2,adjacent_difference,1713,1712
1716,2,adjacent_difference,1714,1713
1717,2,adjacent_difference,1715,1714
1718,2,adjacent_difference,1716,1715
1719,2,adjacent_difference,1717,1716
1720,2,adjacent_difference,1718,1717
1721,2,adjacent_difference,1719,1718
1722,2,adjacent_difference,1720,1719
1723,2,adjacent_difference,1721,1720
1724,2,adjacent_difference,1722,1721
1725,2,adjacent_difference,1723,1722
1726,2,adjacent_difference,1724,1723
1727,2,adjacent_difference,1725,1724
1728,2,adjacent_difference,1726,1725
1729,2,adjacent_difference,1727,1726
1730,2,adjacent_difference,1728,1727
1731,2,adjacent_difference,1729,1728
1732,2,adjacent_difference,1730,1729
1733,2,adjacent_difference,1731,1730
1734,2,adjacent_difference,1732,1731
1735,2,adjacent_difference,1733,1732
1736,2,adjacent_difference,1734,1733
1737,2,adjacent_difference,1735,1734
1738,2,adjacent_difference,1736,1735
1739,2,adjacent_difference,1737,1736
1740,2,adjacent_difference,1738,1737
1741,2,adjacent_difference,1739,1738
1742,2,adjacent_difference,1740,1739
1743,2,adjacent_difference,1741,1740
1744,2,adjacent_difference,1742,1741
1745,2,adjacent_difference,1743,1742
1746,2,adjacent_difference,1744,1743
1747,2,adjacent_difference,1745,1744
1748,2,adjacent_difference,1746,1745
1749,2,adjacent_difference,1747,1746
1750,2,adjacent_difference,1748,1747
1751,2,adjacent_difference,1749,1748
1752,2,adjacent_difference,1750,1749
1753,2,adjacent_difference,1751,1750
1754,2,adjacent_difference,1752,1751
1755,2,adjacent_difference,1753,1752
1756,2,adjacent_difference,1754,1753
1757,2,adjacent_difference,1755,1754
1758,2,adjacent_difference,1756,1755
1759,2,adjacent_difference,1757,1756
1760,2,adjacent_difference,1758,1757
1761,2,adjacent_difference,1759,1758
1762,2,adjacent_difference,1760,1759
1763,2,adjacent_difference,1761,1760
1764,2,adjacent_difference,1762,1761
1765,2,adjacent_difference,1763,1762
1766,2,adjacent_difference,1764,1763
1767,2,adjacent_difference,1765,1764
1768,2,adjacent_difference,1766,1765
1769,2,adjacent_difference,1767,1766
1770,2,adjacent_difference,1768,1767
1771,2,adjacent_difference,1769,1768
1772,2,adjacent_difference,1770,1769
1773,2,adjacent_difference,1771,1770
1774,2,adjacent_difference,1772,1771
1775,2,adjacent_difference,1773,1772
1776,2,adjacent_difference,1774,1773
1777,2,adjacent_difference,1775,1774
1778,2,adjacent_difference,1776,1775
1779,2,adjacent_difference,1777,1776
1780,2,adjacent_difference,1778,1777
1781,2,adjacent_difference,1779,1778
1782,2,adjacent_difference,1780,1779
1783,2,adjacent_difference,1781,1780
1784,2,adjacent_difference,1782,1781
1785,2,adjacent_difference,1783,1782
1786,2,adjacent_difference,1784,1783
1787,2,adjacent_difference,1785,1784
1788,2,adjacent_difference,1786,1785
1789,2,adjacent_difference,1787,1786
1790,2,adjacent_difference,1788,1787
1791,2,adjacent_difference,1789,1788
1792,2,adjacent_difference,1790,1789
1793,2,adjacent_difference,1791,1790
1794,2,adjacent_difference,1792,1791
1795,2,adjacent_difference,1793,1792
1796,2,adjacent_difference,1794,1793
1797,2,adjacent_difference,1795,1794
1798,2,adjacent_difference,1796,1795
1799,2,adjacent_difference,1797,1796
1800,2,adjacent_difference,1798,1797
1801,2,adjacent_difference,1799,1798
1802,2,adjacent_difference,1800,1799
1803,2,adjacent_difference,1801,1800
1804,2,adjacent_difference,1802,1801
1805,2,adjacent_difference,1803,1802
1806,2,adjacent_difference,1804,1803
1807,2,adjacent_difference,1805,1804
1808,2,adjacent_difference,1806,1805
1809,2,adjacent_difference,1807,1806
1810,2,adjacent_difference,1808,1807
1811,2,adjacent_difference,1809,1808
1812,2,adjacent_difference,1810,1809
1813,2,adjacent_difference,1811,1810
1814,2,adjacent_difference,1812,1811
1815,2,adjacent_difference,1813,1812
1816,2,adjacent_difference,1814,1813
1817,2,adjacent_difference,1815,1814
1818,2,adjacent_difference,1816,1815
1819,2,adjacent_difference,1817,1816
1820,2,adjacent_difference,1818,1817
1821,2,adjacent_difference,1819,1818
1822,2,adjacent_difference,1820,1819
1823,2,adjacent_difference,1821,1820
1824,2,adjacent_difference,1822,1821
1825,2,adjacent_difference,1823,1822
1826,2,adjacent_difference,1824,1823
1827,2,adjacent_difference,1825,1824
1828,2,adjacent_difference,1826,1825
1829,2,adjacent_difference,1827,1826
1830,2,adjacent_difference,1828,1827
1831,2,adjacent_difference,1829,1828
1832,2,adjacent_difference,1830,1829
1833,2,adjacent_difference,1831,1830
1834,2,adjacent_difference,1832,1831
1835,2,adjacent_difference,1833,1832
1836,2,adjacent_difference,1834,1833
1837,2,adjacent_difference,1835,1834
1838,2,adjacent_difference,1836,1835
1839,2,adjacent_difference,1837,1836
1840,2,adjacent_difference,1838,1837
1841,2,adjacent_difference,1839,1838
1842,2,adjacent_difference,1840,1839
1843,2,adjacent_difference,1841,1840
1844,2,adjacent_difference,1842,1841
1845,2,adjacent_difference,1843,1842
1846,2,adjacent_difference,1844,1843
1847,2,adjacent_difference,1845,1844
1848,2,adjacent_difference,1846,1845
1849,2,adjacent_difference,1847,1846
1850,2,adjacent_difference,1848,1847
1851,2,adjacent_difference,1849,1848
1852,2,adjacent_difference,1850,1849
1853,2,adjacent_difference,1851,1850
1854,2,adjacent_difference,1852,1851
1855,2,adjacent_difference,1853,1852
1856,2,adjacent_difference,1854,1853
1857,2,adjacent_difference,1855,1854
1858,2,adjacent_difference,1856,1855
1859,2,adjacent_difference,1857,1856
1860,2,adjacent_difference,1858,1857
1861,2,adjacent_difference,1859,1858
1862,2,adjacent_difference,1860,1859
1863,2,adjacent_difference,1861,1860
1864,2,adjacent_difference,1862,1861
1865,2,adjacent_difference,1863,1862
1866,2,adjacent_difference,1864,1863
1867,2,adjacent_difference,1865,1864
1868,2,adjacent_difference,1866,1865
1869,2,adjacent_difference,1867,1866
1870,2,adjacent_difference,1868,1867
1871,2,adjacent_difference,1869,1868
1872,2,adjacent_difference,1870,1869
1873,2,adjacent_difference,1871,1870
1874,2,adjacent_difference,1872,1871
1875,2,adjacent_difference,1873,1872
1876,2,adjacent_difference,1874,1873
1877,2,adjacent_difference,1875,1874
1878,2,adjacent_difference,1876,1875
1879,2,adjacent_difference,1877,1876
1880,2,adjacent_difference,1878,1877
1881,2,adjacent_difference,1879,1878
1882,2,adjacent_difference,1880,1879
1883,2,adjacent_difference,1881,1880
1884,2,adjacent_difference,1882,1881
1885,2,adjacent_difference,1883,1882
1886,2,adjacent_difference,1884,1883
1887,2,adjacent_difference,1885,1884
1888,2,adjacent_difference,1886,1885
1889,2,adjacent_difference,1887,1886
1890,2,adjacent_difference,1888,1887
1891,2,adjacent_difference,1889,1888
1892,2,adjacent_difference,1890,1889
1893,2,adjacent_difference,1891,1890
1894,2,adjacent_difference,1892,1891
1895,2,adjacent_difference,1893,1892
1896,2,adjacent_difference,1894,1893
1897,2,adjacent_difference,1895,1894
1898,2,adjacent_difference,1896,1895
1899,2,adjacent_difference,1897,1896
1900,2,adjacent_difference,1898,1897
1901,2,adjacent_difference,1899,1898
1902,2,adjacent_difference,1900,1899
1903,2,adjacent_difference,1901,1900
1904,2,adjacent_difference,1902,1901
1905,2,adjacent_difference,1903,1902
1906,2,adjacent_difference,1904,1903
1907,2,adjacent_difference,1905,1904
1908,2,adjacent_difference,1906,1905
1909,2,adjacent_difference,1907,1906
1910,2,adjacent_difference,1908,1907
1911,2,adjacent_difference,1909,1908
1912,2,adjacent_difference,1910,1909
1913,2,adjacent_difference,1911,1910
1914,2,adjacent_difference,1912,1911
1915,2,adjacent_difference,1913,1912
1916,2,adjacent_difference,1914,1913
1917,2,adjacent_difference,1915,1914
1918,2,adjacent_difference,1916,1915
1919,2,adjacent_difference,1917,1916
1920,2,adjacent_difference,1918,1917
1921,2,adjacent_difference,1919,1918
1922,2,adjacent_difference,1920,1919
1923,2,adjacent_difference,1921,1920
1924,2,adjacent_difference,1922,1921
1925,2,adjacent_difference,1923,1922
1926,2,adjacent_difference,1924,1923
1927,2,adjacent_difference,1925,1924
1928,2,adjacent_difference,1926,1925
1929,2,adjacent_difference,1927,1926
1930,2,adjacent_difference,1928,1927
1931,2,adjacent_difference,1929,1928
1932,2,adjacent_difference,1930,1929
1933,2,adjacent_difference,1931,1930
1934,2,adjacent_difference,1932,1931
1935,2,adjacent_difference,1933,1932
1936,2,adjacent_difference,1934,1933
1937,2,adjacent_difference,1935,1934
1938,2,adjacent_difference,1936,1935
1939,2,adjacent_difference,1937,1936
1940,2,adjacent_difference,1938,1937
1941,2,adjacent_difference,1939,1938
1942,2,adjacent_difference,1940,1939
1943,2,adjacent_difference,1941,1940
1944,2,adjacent_difference,1942,1941
1945,2,adjacent_difference,1943,1942
1946,2,adjacent_difference,1944,1943
1947,2,adjacent_difference,1945,1944
1948,2,adjacent_difference,1946,1945
1949,2,adjacent_difference,1947,1946
1950,2,adjacent_difference,1948,1947
1951,2,adjacent_difference,1949,1948
1952,2,adjacent_difference,1950,1949
1953,2,adjacent_difference,1951,1950
1954,2,adjacent_difference,1952,1951
1955,2,adjacent_difference,1953,1952
1956,2,adjacent_difference,1954,1953
1957,2,adjacent_difference,1955,1954
1958,2,adjacent_difference,1956,1955
1959,2,adjacent_difference,1957,1956
1960,2,adjacent_difference,1958,1957
1961,2,adjacent_difference,1959,1958
1962,2,adjacent_difference,1960,1959
1963,2,adjacent_difference,1961,1960
1964,2,adjacent_difference,1962,1961
1965,2,adjacent_difference,1963,1962
1966,2,adjacent_difference,1964,1963
1967,2,adjacent_difference,1965,1964
1968,2,adjacent_difference,1966,1965
1969,2,adjacent_difference,1967,1966
1970,2,adjacent_difference,1968,1967
1971,2,adjacent_difference,1969,1968
1972,2,adjacent_difference,1970,1969
1973,2,adjacent_difference,1971,1970
1974,2,adjacent_difference,1972,1971
1975,2,adjacent_difference,1973,1972
1976,2,adjacent_difference,1974,1973
1977,2,adjacent_difference,1975,1974
1978,2,adjacent_difference,1976,1975
1979,2,adjacent_difference,1977,1976
1980,2,adjacent_difference,1978,1977
1981,2,adjacent_difference,1979,1978
1982,2,adjacent_difference,1980,1979
1983,2,adjacent_difference,1981,1980
1984,2,adjacent_difference,1982,1981
1985,2,adjacent_difference,1983,1982
1986,2,adjacent_difference,1984,1983
1987,2,adjacent_difference,1985,1984
1988,2,adjacent_difference,1986,1985
1989,2,adjacent_difference,1987,1986
1990,2,adjacent_difference,1988,1987
1991,2,adjacent_difference,1989,1988
1992,2,adjacent_difference,1990,1989
1993,2,adjacent_difference,1991,1990
1994,2,adjacent_difference,1992,1991
1995,2,adjacent_difference,1993,1992
1996,2,adjacent_difference,1994,1993
1997,2,adjacent_difference,1995,1994
1998,2,adjacent_difference,1996,1995
1999,2,adjacent_difference,1997,1996
2000,2,adjacent_difference,1998,1997
2001,2,adjacent_difference,1999,1998
2002,2,adjacent_difference,2000,1999
2003,2,adjacent_difference,2001,2000
2004,2,adjacent_difference,2002,2001
2005,2,adjacent_difference,2003,2002
2006,2,adjacent_difference,2004,2003
2007,2,adjacent_difference,2005,2004
2008,2,adjacent_difference,2006,2005
2009,2,adjacent_difference,2007,2006
2010,2,adjacent_difference,2008,2007
2011,2,adjacent_difference,2009,2008
2012,2,adjacent_difference,2010,2009
2013,2,adjacent_difference,2011,2010
2014,2,adjacent_difference,2012,2011
2015,2,adjacent_difference,2013,2012
2016,2,adjacent_difference,2014,2013
2017,2,adjacent_difference,2015,2014
2018,2,adjacent_difference,2016,2015
2019,2,adjacent_difference,2017,2016
2020,2,adjacent_difference,2018,2017
2021,2,adjacent_difference,2019,2018
2022,2,adjacent_difference,2020,2019
2023,2,adjacent_difference,2021,2020
2024,2,adjacent_difference,2022,2021
2025,2,adjacent_difference,2023,2022
2026,2,adjacent_difference,2024,2023
2027,2,adjacent_difference,2025,2024
2028,2,adjacent_difference,2026,2025
2029,2,adjacent_difference,2027,2026
2030,2,adjacent_difference,2028,2027
2031,2,adjacent_difference,2029,2028
2032,2,adjacent_difference,2030,2029
2033,2,adjacent_difference,2031,2030
2034,2,adjacent_difference,2032,2031
2035,2,adjacent_difference,2033,2032
2036,2,adjacent_difference,2034,2033
2037,2,adjacent_difference,2035,2034
2038,2,adjacent_difference,2036,2035
2039,2,adjacent_difference,2037,2036
2040,2,adjacent_difference,2038,2037
2041,2,adjacent_difference,2039,2038
2042,2,adjacent_difference,2040,2039
2043,2,adjacent_difference,2041,2040
2044,2,adjacent_difference,2042,2041
2045,2,adjacent_difference,2043,2042
2046,2,adjacent_difference,2044,2043
2047,2,adjacent_difference,2045,2044
2048,2,adjacent_difference,2046,2045
2049,2,adjacent_difference,2047,2046
2050,2,adjacent_difference,2048,2047
2051,2,adjacent_difference,2049,2048
2052,2,adjacent_difference,2050,2049
2053,2,adjacent_difference,2051,2050
2054,2,adjacent_difference,2052,2051
2055,2,adjacent_difference,2053,2052
2056,2,adjacent_difference,2054,2053
2057,2,adjacent_difference,2055,2054
2058,2,adjacent_difference,2056,2055
2059,2,adjacent_difference,2057,2056
2060,2,adjacent_difference,2058,2057
2061,2,adjacent_difference,2059,2058
2062,2,adjacent_difference,2060,2059
2063,2,adjacent_difference,2061,2060
2064,2,adjacent_difference,2062,2061
2065,2,adjacent_difference,2063,2062
2066,2,adjacent_difference,2064,2063
2067,2,adjacent_difference,2065,2064
2068,2,adjacent_difference,2066,2065
2069,2,adjacent_difference,2067,2066
2070,2,adjacent_difference,2068,2067
2071,2,adjacent_difference,2069,2068
2072,2,adjacent_difference,2070,2069
2073,2,adjacent_difference,2071,2070
2074,2,adjacent_difference,2072,2071
2075,2,adjacent_difference,2073,2072
2076,2,adjacent_difference,2074,2073
2077,2,adjacent_difference,2075,2074
2078,2,adjacent_difference,2076,2075
2079,2,adjacent_difference,2077,2076
2080,2,adjacent_difference,2078,2077
2081,2,adjacent_difference,2079,2078
2082,2,adjacent_difference,2080,2079
2083,2,adjacent_difference,2081,2080
2084,2,adjacent_difference,2082,2081
2085,2,adjacent_difference,2083,2082
2086,2,adjacent_difference,2084,2083
2087,2,adjacent_difference,2085,2084
2088,2,adjacent_difference,2086,2085
2089,2,adjacent_difference,2087,2086
2090,2,adjacent_difference,2088,2087
2091,2,adjacent_difference,2089,2088
2092,2,adjacent_difference,2090,2089
2093,2,adjacent_difference,2091,2090
2094,2,adjacent_difference,2092,2091
2095,2,adjacent_difference,2093,2092
2096,2,adjacent_difference,2094,2093
2097,2,adjacent_difference,2095,2094
2098,2,adjacent_difference,2096,2095
2099,2,adjacent_difference,2097,2096
2100,2,adjacent_difference,2098,2097
2101,2,adjacent_difference,2099,2098
2102,2,adjacent_difference,2100,2099
2103,2,adjacent_difference,2101,2100
2104,2,adjacent_difference,2102,2101
2105,2,adjacent_difference,2103,2102
2106,2,adjacent_difference,2104,2103
2107,2,adjacent_difference,2105,2104
2108,2,adjacent_difference,2106,2105
2109,2,adjacent_difference,2107,2106
2110,2,adjacent_difference,2108,2107
2111,2,adjacent_difference,2109,2108
2112,2,adjacent_difference,2110,2109
2113,2,adjacent_difference,2111,2110
2114,2,adjacent_difference,2112,2111
2115,2,adjacent_difference,2113,2112
2116,2,adjacent_difference,2114,2113
2117,2,adjacent_difference,2115,2114
2118,2,adjacent_difference,2116,2115
2119,2,adjacent_difference,2117,2116
2120,2,adjacent_difference,2118,2117
2121,2,adjacent_difference,2119,2118
2122,2,adjacent_difference,2120,2119
2123,2,adjacent_difference,2121,2120
2124,2,adjacent_difference,2122,2121
2125,2,adjacent_difference,2123,2122
2126,2,adjacent_difference,2124,2123
2127,2,adjacent_difference,2125,2124
2128,2,adjacent_difference,2126,2125
2129,2,adjacent_difference,2127,2126
2130,2,adjacent_difference,2128,2127
2131,2,adjacent_difference,2129,2128
2132,2,adjacent_difference,2130,2129
2133,2,adjacent_difference,2131,2130
2134,2,adjacent_difference,2132,2131
2135,2,adjacent_difference,2133,2132
2136,2,adjacent_difference,2134,2133
2137,2,adjacent_difference,2135,2134
2138,2,adjacent_difference,2136,2135
2139,2,adjacent_difference,2137,2136
2140,2,adjacent_difference,2138,2137
2141,2,adjacent_difference,2139,2138
2142,2,adjacent_difference,2140,2139
2143,2,adjacent_difference,2141,2140
2144,2,adjacent_difference,2142,2141
2145,2,adjacent_difference,2143,2142
2146,2,adjacent_difference,2144,2143
2147,2,adjacent_difference,2145,2144
2148,2,adjacent_difference,2146,2145
2149,2,adjacent_difference,2147,2146
2150,2,adjacent_difference,2148,2147
2151,2,adjacent_difference,2149,2148
2152,2,adjacent_difference,2150,2149
2153,2,adjacent_difference,2151,2150
2154,2,adjacent_difference,2152,2151
2155,2,adjacent_difference,2153,2152
2156,2,adjacent_difference,2154,2153
2157,2,adjacent_difference,2155,2154
2158,2,adjacent_difference,2156,2155
2159,2,adjacent_difference,2157,2156
2160,2,adjacent_difference,2158,2157
2161,2,adjacent_difference,2159,2158
2162,2,adjacent_difference,2160,2159
2163,2,adjacent_difference,2161,2160
2164,2,adjacent_difference,2162,2161
2165,2,adjacent_difference,2163,2162
2166,2,adjacent_difference,2164,2163
2167,2,adjacent_difference,2165,2164
2168,2,adjacent_difference,2166,2165
2169,2,adjacent_difference,2167,2166
2170,2,adjacent_difference,2168,2167
2171,2,adjacent_difference,2169,2168
2172,2,adjacent_difference,2170,2169
2173,2,adjacent_difference,2171,2170
2174,2,adjacent_difference,2172,2171
2175,2,adjacent_difference,2173,2172
2176,2,adjacent_difference,2174,2173
2177,2,adjacent_difference,2175,2174
2178,2,adjacent_difference,2176,2175
2179,2,adjacent_difference,2177,2176
2180,2,adjacent_difference,2178,2177
2181,2,adjacent_difference,2179,2178
2182,2,adjacent_difference,2180,2179
2183,2,adjacent_difference,2181,2180
2184,2,adjacent_difference,2182,2181
2185,2,adjacent_difference,2183,2182
2186,2,adjacent_difference,2184,2183
2187,2,adjacent_difference,2185,2184
2188,2,adjacent_difference,2186,2185
2189,2,adjacent_difference,2187,2186
2190,2,adjacent_difference,2188,2187
2191,2,adjacent_difference,2189,2188
2192,2,adjacent_difference,2190,2189
2193,2,adjacent_difference,2191,2190
2194,2,adjacent_difference,2192,2191
2195,2,adjacent_difference,2193,2192
2196,2,adjacent_difference,2194,2193
2197,2,adjacent_difference,2195,2194
2198,2,adjacent_difference,2196,2195
2199,2,adjacent_difference,2197,2196
2200,2,adjacent_difference,2198,2197
2201,2,adjacent_difference,2199,2198
2202,2,adjacent_difference,2200,2199
2203,2,adjacent_difference,2201,2200
2204,2,adjacent_difference,2202,2201
2205,2,adjacent_difference,2203,2202
2206,2,adjacent_difference,2204,2203
2207,2,adjacent_difference,2205,2204
2208,2,adjacent_difference,2206,2205
2209,2,adjacent_difference,2207,2206
2210,2,adjacent_difference,2208,2207
2211,2,adjacent_difference,2209,2208
2212,2,adjacent_difference,2210,2209
2213,2,adjacent_difference,2211,2210
2214,2,adjacent_difference,2212,2211
2215,2,adjacent_difference,2213,2212
2216,2,adjacent_difference,2214,2213
2217,2,adjacent_difference,2215,2214
2218,2,adjacent_difference,2216,2215
2219,2,adjacent_difference,2217,2216
2220,2,adjacent_difference,2218,2217
2221,2,adjacent_difference,2219,2218
2222,2,adjacent_difference,2220,2219
2223,2,adjacent_difference,2221,2220
2224,2,adjacent_difference,2222,2221
2225,2,adjacent_difference,2223,2222
2226,2,adjacent_difference,2224,2223
2227,2,adjacent_difference,2225,2224
2228,2,adjacent_difference,2226,2225
2229,2,adjacent_difference,2227,2226
2230,2,adjacent_difference,2228,2227
2231,2,adjacent_difference,2229,2228
2232,2,adjacent_difference,2230,2229
2233,2,adjacent_difference,2231,2230
2234,2,adjacent_difference,2232,2231
2235,2,adjacent_difference,2233,2232
2236,2,adjacent_difference,2234,2233
2237,2,adjacent_difference,2235,2234
2238,2,adjacent_difference,2236,2235
2239,2,adjacent_difference,2237,2236
2240,2,adjacent_difference,2238,2237
2241,2,adjacent_difference,2239,2238
2242,2,adjacent_difference,2240,2239
2243,2,adjacent_difference,2241,2240
2244,2,adjacent_difference,2242,2241
2245,2,adjacent_difference,2243,2242
2246,2,adjacent_difference,2244,2243
2247,2,adjacent_difference,2245,2244
2248,2,adjacent_difference,2246,2245
2249,2,adjacent_difference,2247,2246
2250,2,adjacent_difference,2248,2247
2251,2,adjacent_difference,2249,2248
2252,2,adjacent_difference,2250,2249
2253,2,adjacent_difference,2251,2250
2254,2,adjacent_difference,2252,2251
2255,2,adjacent_difference,2253,2252
2256,2,adjacent_difference,2254,2253
2257,2,adjacent_difference,2255,2254
2258,2,adjacent_difference,2256,2255
2259,2,adjacent_difference,2257,2256
2260,2,adjacent_difference,2258,2257
2261,2,adjacent_difference,2259,2258
2262,2,adjacent_difference,2260,2259
2263,2,adjacent_difference,2261,2260
2264,2,adjacent_difference,2262,2261
2265,2,adjacent_difference,2263,2262
2266,2,adjacent_difference,2264,2263
2267,2,adjacent_difference,2265,2264
2268,2,adjacent_difference,2266,2265
2269,2,adjacent_difference,2267,2266
2270,2,adjacent_difference,2268,2267
2271,2,adjacent_difference,2269,2268
2272,2,adjacent_difference,2270,2269
2273,2,adjacent_difference,2271,2270
2274,2,adjacent_difference,2272,2271
2275,2,adjacent_difference,2273,2272
2276,2,adjacent_difference,2274,2273
2277,2,adjacent_difference,2275,2274
2278,2,adjacent_difference,2276,2275
2279,2,adjacent_difference,2277,2276
2280,2,adjacent_difference,2278,2277
2281,2,adjacent_difference,2279,2278
2282,2,adjacent_difference,2280,2279
2283,2,adjacent_difference,2281,2280
2284,2,adjacent_difference,2282,2281
2285,2,adjacent_difference,2283,2282
2286,2,adjacent_difference,2284,2283
2287,2,adjacent_difference,2285,2284
2288,2,adjacent_difference,2286,2285
2289,2,adjacent_difference,2287,2286
2290,2,adjacent_difference,2288,2287
2291,2,adjacent_difference,2289,2288
2292,2,adjacent_difference,2290,2289
2293,2,adjacent_difference,2291,2290
2294,2,adjacent_difference,2292,2291
2295,2,adjacent_difference,2293,2292
2296,2,adjacent_difference,2294,2293
2297,2,adjacent_difference,2295,2294
2298,2,adjacent_difference,2296,2295
2299,2,adjacent_difference,2297,2296
2300,2,adjacent_difference,2298,2297
2301,2,adjacent_difference,2299,2298
2302,2,adjacent_difference,2300,2299
2303,2,adjacent_difference,2301,2300
2304,2,adjacent_difference,2302,2301
2305,2,adjacent_difference,2303,2302
2306,2,adjacent_difference,2304,2303
2307,2,adjacent_difference,2305,2304
2308,2,adjacent_difference,2306,2305
2309,2,adjacent_difference,2307,2306
2310,2,adjacent_difference,2308,2307
2311,2,adjacent_difference,2309,2308
2312,2,adjacent_difference,2310,2309
2313,2,adjacent_difference,2311,2310
2314,2,adjacent_difference,2312,2311
2315,2,adjacent_difference,2313,2312
2316,2,adjacent_difference,2314,2313
2317,2,adjacent_difference,2315,2314
2318,2,adjacent_difference,2316,2315
2319,2,adjacent_difference,2317,2316
2320,2,adjacent_difference,2318,2317
2321,2,adjacent_difference,2319,2318
2322,2,adjacent_difference,2320,2319
2323,2,adjacent_difference,2321,2320
2324,2,adjacent_difference,2322,2321
2325,2,adjacent_difference,2323,2322
2326,2,adjacent_difference,2324,2323
2327,2,adjacent_difference,2325,2324
2328,2,adjacent_difference,2326,2325
2329,2,adjacent_difference,2327,2326
2330,2,adjacent_difference,2328,2327
2331,2,adjacent_difference,2329,2328
2332,2,adjacent_difference,2330,2329
2333,2,adjacent_difference,2331,2330
2334,2,adjacent_difference,2332,2331
2335,2,adjacent_difference,2333,2332
2336,2,adjacent_difference,2334,2333
2337,2,adjacent_difference,2335,2334
2338,2,adjacent_difference,2336,2335
2339,2,adjacent_difference,2337,2336
2340,2,adjacent_difference,2338,2337
2341,2,adjacent_difference,2339,2338
2342,2,adjacent_difference,2340,2339
2343,2,adjacent_difference,2341,2340
2344,2,adjacent_difference,2342,2341
2345,2,adjacent_difference,2343,2342
2346,2,adjacent_difference,2344,2343
2347,2,adjacent_difference,2345,2344
2348,2,adjacent_difference,2346,2345
2349,2,adjacent_difference,2347,2346
2350,2,adjacent_difference,2348,2347
2351,2,adjacent_difference,2349,2348
2352,2,adjacent_difference,2350,2349
2353,2,adjacent_difference,2351,2350
2354,2,adjacent_difference,2352,2351
2355,2,adjacent_difference,2353,2352
2356,2,adjacent_difference,2354,2353
2357,2,adjacent_difference,2355,2354
2358,2,adjacent_difference,2356,2355
2359,2,adjacent_difference,2357,2356
2360,2,adjacent_difference,2358,2357
2361,2,adjacent_difference,2359,2358
2362,2,adjacent_difference,2360,2359
2363,2,adjacent_difference,2361,2360
2364,2,adjacent_difference,2362,2361
2365,2,adjacent_difference,2363,2362
2366,2,adjacent_difference,2364,2363
2367,2,adjacent_difference,2365,2364
2368,2,adjacent_difference,2366,2365
2369,2,adjacent_difference,2367,2366
2370,2,adjacent_difference,2368,2367
2371,2,adjacent_difference,2369,2368
2372,2,adjacent_difference,2370,2369
2373,2,adjacent_difference,2371,2370
2374,2,adjacent_difference,2372,2371
2375,2,adjacent_difference,2373,2372
2376,2,adjacent_difference,2374,2373
2377,2,adjacent_difference,2375,2374
2378,2,adjacent_difference,2376,2375
2379,2,adjacent_difference,2377,2376
2380,2,adjacent_difference,2378,2377
2381,2,adjacent_difference,2379,2378
2382,2,adjacent_difference,2380,2379
2383,2,adjacent_difference,2381,2380
2384,2,adjacent_difference,2382,2381
2385,2,adjacent_difference,2383,2382
2386,2,adjacent_difference,2384,2383
2387,2,adjacent_difference,2385,2384
2388,2,adjacent_difference,2386,2385
2389,2,adjacent_difference,2387,2386
2390,2,adjacent_difference,2388,2387
2391,2,adjacent_difference,2389,2388
2392,2,adjacent_difference,2390,2389
2393,2,adjacent_difference,2391,2390
2394,2,adjacent_difference,2392,2391
2395,2,adjacent_difference,2393,2392
2396,2,adjacent_difference,2394,2393
2397,2,adjacent_difference,2395,2394
2398,2,adjacent_difference,2396,2395
2399,2,adjacent_difference,2397,2396
2400,2,adjacent_difference,2398,2397
2401,2,adjacent_difference,2399,2398
2402,2,adjacent_difference,2400,2399
2403,2,adjacent_difference,2401,2400
2404,2,adjacent_difference,2402,2401
2405,2,adjacent_difference,2403,2402
2406,2,adjacent_difference,2404,2403
2407,2,adjacent_difference,2405,2404
2408,2,adjacent_difference,2406,2405
2409,2,adjacent_difference,2407,2406
2410,2,adjacent_difference,2408,2407
2411,2,adjacent_difference,2409,2408
2412,2,adjacent_difference,2410,2409
2413,2,adjacent_difference,2411,2410
2414,2,adjacent_difference,2412,2411
2415,2,adjacent_difference,2413,2412
2416,2,adjacent_difference,2414,2413
2417,2,adjacent_difference,2415,2414
2418,2,adjacent_difference,2416,2415
2419,2,adjacent_difference,2417,2416
2420,2,adjacent_difference,2418,2417
2421,2,adjacent_difference,2419,2418
2422,2,adjacent_difference,2420,2419
2423,2,adjacent_difference,2421,2420
2424,2,adjacent_difference,2422,2421
2425,2,adjacent_difference,2423,2422
2426,2,adjacent_difference,2424,2423
2427,2,adjacent_difference,2425,2424
2428,2,adjacent_difference,2426,2425
2429,2,adjacent_difference,2427,2426
2430,2,adjacent_difference,2428,2427
2431,2,adjacent_difference,2429,2428
2432,2,adjacent_difference,2430,2429
2433,2,adjacent_difference,2431,2430
2434,2,adjacent_difference,2432,2431
2435,2,adjacent_difference,2433,2432
2436,2,adjacent_difference,2434,2433
2437,2,adjacent_difference,2435,2434
2438,2,adjacent_difference,2436,2435
2439,2,adjacent_difference,2437,2436
2440,2,adjacent_difference,2438,2437
2441,2,adjacent_difference,2439,2438
2442,2,adjacent_difference,2440,2439
2443,2,adjacent_difference,2441,2440
2444,2,adjacent_difference,2442,2441
2445,2,adjacent_difference,2443,2442
2446,2,adjacent_difference,2444,2443
2447,2,adjacent_difference,2445,2444
2448,2,adjacent_difference,2446,2445
2449,2,adjacent_difference,2447,2446
2450,2,adjacent_difference,2448,2447
2451,2,adjacent_difference,2449,2448
2452,2,adjacent_difference,2450,2449
2453,2,adjacent_difference,2451,2450
2454,2,adjacent_difference,2452,2451
2455,2,adjacent_difference,2453,2452
2456,2,adjacent_difference,2454,2453
2457,2,adjacent_difference,2455,2454
2458,2,adjacent_difference,2456,2455
2459,2,adjacent_difference,2457,2456
2460,2,adjacent_difference,2458,2457
2461,2,adjacent_difference,2459,2458
2462,2,adjacent_difference,2460,2459
2463,2,adjacent_difference,2461,2460
2464,2,adjacent_difference,2462,2461
2465,2,adjacent_difference,2463,2462
2466,2,adjacent_difference,2464,2463
2467,2,adjacent_difference,2465,2464
2468,2,adjacent_difference,2466,2465
2469,2,adjacent_difference,2467,2466
2470,2,adjacent_difference,2468,2467
2471,2,adjacent_difference,2469,2468
2472,2,adjacent_difference,2470,2469
2473,2,adjacent_difference,2471,2470
2474,2,adjacent_difference,2472,2471
2475,2,adjacent_difference,2473,2472
2476,2,adjacent_difference,2474,2473
2477,2,adjacent_difference,2475,2474
2478,2,adjacent_difference,2476,2475
2479,2,adjacent_difference,2477,2476
2480,2,adjacent_difference,2478,2477
2481,2,adjacent_difference,2479,2478
2482,2,adjacent_difference,2480,2479
2483,2,adjacent_difference,2481,2480
2484,2,adjacent_difference,2482,2481
2485,2,adjacent_difference,2483,2482
2486,2,adjacent_difference,2484,2483
2487,2,adjacent_difference,2485,2484
2488,2,adjacent_difference,2486,2485
2489,2,adjacent_difference,2487,2486
2490,2,adjacent_difference,2488,2487
2491,2,adjacent_difference,2489,2488
2492,2,adjacent_difference,2490,2489
2493,2,adjacent_difference,2491,2490
2494,2,adjacent_difference,2492,2491
2495,2,adjacent_difference,2493,2492
2496,2,adjacent_difference,2494,2493
2497,2,adjacent_difference,2495,2494
2498,2,adjacent_difference,2496,2495
2499,2,adjacent_difference,2497,2496
2500,2,adjacent_difference,2498,2497
2501,2,adjacent_difference,2499,2498
2502,2,adjacent_difference,2500,2499
2503,2,adjacent_difference,2501,2500
2504,2,adjacent_difference,2502,2501
2505,2,adjacent_difference,2503,2502
2506,2,adjacent_difference,2504,2503
2507,2,adjacent_difference,2505,2504
2508,2,adjacent_difference,2506,2505
2509,2,adjacent_difference,2507,2506
2510,2,adjacent_difference,2508,2507
2511,2,adjacent_difference,2509,2508
2512,2,adjacent_difference,2510,2509
2513,2,adjacent_difference,2511,2510
2514,2,adjacent_difference,2512,2511
2515,2,adjacent_difference,2513,2512
2516,2,adjacent_difference,2514,2513
2517,2,adjacent_difference,2515,2514
2518,2,adjacent_difference,2516,2515
2519,2,adjacent_difference,2517,2516
2520,2,adjacent_difference,2518,2517
2521,2,adjacent_difference,2519,2518
2522,2,adjacent_difference,2520,2519
2523,2,adjacent_difference,2521,2520
2524,2,adjacent_difference,2522,2521
2525,2,adjacent_difference,2523,2522
2526,2,adjacent_difference,2524,2523
2527,2,adjacent_difference,2525,2524
2528,2,adjacent_difference,2526,2525
2529,2,adjacent_difference,2527,2526
2530,2,adjacent_difference,2528,2527
2531,2,adjacent_difference,2529,2528
2532,2,adjacent_difference,2530,2529
2533,2,adjacent_difference,2531,2530
2534,2,adjacent_difference,2532,2531
2535,2,adjacent_difference,2533,2532
2536,2,adjacent_difference,2534,2533
2537,2,terminal_inverse,-1,2534
2538,3,absolute_start,2535,-1
2539,3,adjacent_difference,2536,2535
2540,3,adjacent_difference,2537,2536
2541,3,adjacent_difference,2538,2537
2542,3,adjacent_difference,2539,2538
2543,3,adjacent_difference,2540,2539
2544,3,adjacent_difference,2541,2540
2545,3,adjacent_difference,2542,2541
2546,3,adjacent_difference,2543,2542
2547,3,adjacent_difference,2544,2543
2548,3,adjacent_difference,2545,2544
2549,3,adjacent_difference,2546,2545
2550,3,adjacent_difference,2547,2546
2551,3,adjacent_difference,2548,2547
2552,3,adjacent_difference,2549,2548
2553,3,adjacent_difference,2550,2549
2554,3,adjacent_difference,2551,2550
2555,3,adjacent_difference,2552,2551
2556,3,adjacent_difference,2553,2552
2557,3,adjacent_difference,2554,2553
2558,3,adjacent_difference,2555,2554
2559,3,adjacent_difference,2556,2555
2560,3,adjacent_difference,2557,2556
2561,3,adjacent_difference,2558,2557
2562,3,adjacent_difference,2559,2558
2563,3,adjacent_difference,2560,2559
2564,3,adjacent_difference,2561,2560
2565,3,adjacent_difference,2562,2561
2566,3,adjacent_difference,2563,2562
2567,3,adjacent_difference,2564,2563
2568,3,adjacent_difference,2565,2564
2569,3,adjacent_difference,2566,2565
2570,3,adjacent_difference,2567,2566
2571,3,adjacent_difference,2568,2567
2572,3,adjacent_difference,2569,2568
2573,3,adjacent_difference,2570,2569
2574,3,adjacent_difference,2571,2570
2575,3,adjacent_difference,2572,2571
2576,3,adjacent_difference,2573,2572
2577,3,adjacent_difference,2574,2573
2578,3,adjacent_difference,2575,2574
2579,3,adjacent_difference,2576,2575
2580,3,adjacent_difference,2577,2576
2581,3,adjacent_difference,2578,2577
2582,3,adjacent_difference,2579,2578
2583,3,adjacent_difference,2580,2579
2584,3,adjacent_difference,2581,2580
2585,3,adjacent_difference,2582,2581
2586,3,adjacent_difference,2583,2582
2587,3,adjacent_difference,2584,2583
2588,3,adjacent_difference,2585,2584
2589,3,adjacent_difference,2586,2585
2590,3,adjacent_difference,2587,2586
2591,3,adjacent_difference,2588,2587
2592,3,adjacent_difference,2589,2588
2593,3,adjacent_difference,2590,2589
2594,3,adjacent_difference,2591,2590
2595,3,adjacent_difference,2592,2591
2596,3,adjacent_difference,2593,2592
2597,3,adjacent_difference,2594,2593
2598,3,adjacent_difference,2595,2594
2599,3,adjacent_difference,2596,2595
2600,3,adjacent_difference,2597,2596
2601,3,adjacent_difference,2598,2597
2602,3,adjacent_difference,2599,2598
2603,3,adjacent_difference,2600,2599
2604,3,adjacent_difference,2601,2600
2605,3,adjacent_difference,2602,2601
2606,3,adjacent_difference,2603,2602
2607,3,adjacent_difference,2604,2603
2608,3,adjacent_difference,2605,2604
2609,3,adjacent_difference,2606,2605
2610,3,adjacent_difference,2607,2606
2611,3,adjacent_difference,2608,2607
2612,3,adjacent_difference,2609,2608
2613,3,adjacent_difference,2610,2609
2614,3,adjacent_difference,2611,2610
2615,3,adjacent_difference,2612,2611
2616,3,adjacent_difference,2613,2612
2617,3,adjacent_difference,2614,2613
2618,3,adjacent_difference,2615,2614
2619,3,adjacent_difference,2616,2615
2620,3,adjacent_difference,2617,2616
2621,3,adjacent_difference,2618,2617
2622,3,adjacent_difference,2619,2618
2623,3,adjacent_difference,2620,2619
2624,3,adjacent_difference,2621,2620
2625,3,adjacent_difference,2622,2621
2626,3,adjacent_difference,2623,2622
2627,3,adjacent_difference,2624,2623
2628,3,adjacent_difference,2625,2624
2629,3,adjacent_difference,2626,2625
2630,3,adjacent_difference,2627,2626
2631,3,adjacent_difference,2628,2627
2632,3,adjacent_difference,2629,2628
2633,3,adjacent_difference,2630,2629
2634,3,adjacent_difference,2631,2630
2635,3,adjacent_difference,2632,2631
2636,3,adjacent_difference,2633,2632
2637,3,adjacent_difference,2634,2633
2638,3,adjacent_difference,2635,2634
2639,3,adjacent_difference,2636,2635
2640,3,adjacent_difference,2637,2636
2641,3,adjacent_difference,2638,2637
2642,3,adjacent_difference,2639,2638
2643,3,adjacent_difference,2640,2639
2644,3,adjacent_difference,2641,2640
2645,3,adjacent_difference,2642,2641
2646,3,adjacent_difference,2643,2642
2647,3,adjacent_difference,2644,2643
2648,3,adjacent_difference,2645,2644
2649,3,adjacent_difference,2646,2645
2650,3,adjacent_difference,2647,2646
2651,3,adjacent_difference,2648,2647
2652,3,adjacent_difference,2649,2648
2653,3,adjacent_difference,2650,2649
2654,3,adjacent_difference,2651,2650
2655,3,adjacent_difference,2652,2651
2656,3,adjacent_difference,2653,2652
2657,3,adjacent_difference,2654,2653
2658,3,adjacent_difference,2655,2654
2659,3,adjacent_difference,2656,2655
2660,3,adjacent_difference,2657,2656
2661,3,adjacent_difference,2658,2657
2662,3,adjacent_difference,2659,2658
2663,3,adjacent_difference,2660,2659
2664,3,adjacent_difference,2661,2660
2665,3,adjacent_difference,2662,2661
2666,3,adjacent_difference,2663,2662
2667,3,adjacent_difference,2664,2663
2668,3,adjacent_difference,2665,2664
2669,3,adjacent_difference,2666,2665
2670,3,adjacent_difference,2667,2666
2671,3,adjacent_difference,2668,2667
2672,3,adjacent_difference,2669,2668
2673,3,adjacent_difference,2670,2669
2674,3,adjacent_difference,2671,2670
2675,3,adjacent_difference,2672,2671
2676,3,adjacent_difference,2673,2672
2677,3,adjacent_difference,2674,2673
2678,3,adjacent_difference,2675,2674
2679,3,adjacent_difference,2676,2675
2680,3,adjacent_difference,2677,2676
2681,3,adjacent_difference,2678,2677
2682,3,adjacent_difference,2679,2678
2683,3,adjacent_difference,2680,2679
2684,3,adjacent_difference,2681,2680
2685,3,adjacent_difference,2682,2681
2686,3,adjacent_difference,2683,2682
2687,3,adjacent_difference,2684,2683
2688,3,adjacent_difference,2685,2684
2689,3,adjacent_difference,2686,2685
2690,3,adjacent_difference,2687,2686
2691,3,adjacent_difference,2688,2687
2692,3,adjacent_difference,2689,2688
2693,3,adjacent_difference,2690,2689
2694,3,adjacent_difference,2691,2690
2695,3,adjacent_difference,2692,2691
2696,3,adjacent_difference,2693,2692
2697,3,adjacent_difference,2694,2693
2698,3,adjacent_difference,2695,2694
2699,3,adjacent_difference,2696,2695
2700,3,adjacent_difference,2697,2696
2701,3,adjacent_difference,2698,2697
2702,3,adjacent_difference,2699,2698
2703,3,adjacent_difference,2700,2699
2704,3,adjacent_difference,2701,2700
2705,3,adjacent_difference,2702,2701
2706,3,adjacent_difference,2703,2702
2707,3,adjacent_difference,2704,2703
2708,3,adjacent_difference,2705,2704
2709,3,adjacent_difference,2706,2705
2710,3,adjacent_difference,2707,2706
2711,3,adjacent_difference,2708,2707
2712,3,adjacent_difference,2709,2708
2713,3,adjacent_difference,2710,2709
2714,3,adjacent_difference,2711,2710
2715,3,adjacent_difference,2712,2711
2716,3,adjacent_difference,2713,2712
2717,3,adjacent_difference,2714,2713
2718,3,adjacent_difference,2715,2714
2719,3,adjacent_difference,2716,2715
2720,3,adjacent_difference,2717,2716
2721,3,adjacent_difference,2718,2717
2722,3,adjacent_difference,2719,2718
2723,3,adjacent_difference,2720,2719
2724,3,adjacent_difference,2721,2720
2725,3,adjacent_difference,2722,2721
2726,3,adjacent_difference,2723,2722
2727,3,adjacent_difference,2724,2723
2728,3,adjacent_difference,2725,2724
2729,3,adjacent_difference,2726,2725
2730,3,adjacent_difference,2727,2726
2731,3,adjacent_difference,2728,2727
2732,3,adjacent_difference,2729,2728
2733,3,adjacent_difference,2730,2729
2734,3,adjacent_difference,2731,2730
2735,3,adjacent_difference,2732,2731
2736,3,adjacent_difference,2733,2732
2737,3,adjacent_difference,2734,2733
2738,3,adjacent_difference,2735,2734
2739,3,adjacent_difference,2736,2735
2740,3,adjacent_difference,2737,2736
2741,3,adjacent_difference,2738,2737
2742,3,adjacent_difference,2739,2738
2743,3,adjacent_difference,2740,2739
2744,3,adjacent_difference,2741,2740
2745,3,adjacent_difference,2742,2741
2746,3,adjacent_difference,2743,2742
2747,3,adjacent_difference,2744,2743
2748,3,adjacent_difference,2745,2744
2749,3,adjacent_difference,2746,2745
2750,3,adjacent_difference,2747,2746
2751,3,adjacent_difference,2748,2747
2752,3,adjacent_difference,2749,2748
2753,3,adjacent_difference,2750,2749
2754,3,adjacent_difference,2751,2750
2755,3,adjacent_difference,2752,2751
2756,3,adjacent_difference,2753,2752
2757,3,adjacent_difference,2754,2753
2758,3,adjacent_difference,2755,2754
2759,3,adjacent_difference,2756,2755
2760,3,adjacent_difference,2757,2756
2761,3,adjacent_difference,2758,2757
2762,3,adjacent_difference,2759,2758
2763,3,adjacent_difference,2760,2759
2764,3,adjacent_difference,2761,2760
2765,3,adjacent_difference,2762,2761
2766,3,adjacent_difference,2763,2762
2767,3,adjacent_difference,2764,2763
2768,3,adjacent_difference,2765,2764
2769,3,adjacent_difference,2766,2765
2770,3,adjacent_difference,2767,2766
2771,3,adjacent_difference,2768,2767
2772,3,adjacent_difference,2769,2768
2773,3,adjacent_difference,2770,2769
2774,3,adjacent_difference,2771,2770
2775,3,adjacent_difference,2772,2771
2776,3,adjacent_difference,2773,2772
2777,3,adjacent_difference,2774,2773
2778,3,adjacent_difference,2775,2774
2779,3,adjacent_difference,2776,2775
2780,3,adjacent_difference,2777,2776
2781,3,adjacent_difference,2778,2777
2782,3,adjacent_difference,2779,2778
2783,3,adjacent_difference,2780,2779
2784,3,adjacent_difference,2781,2780
2785,3,adjacent_difference,2782,2781
2786,3,adjacent_difference,2783,2782
2787,3,adjacent_difference,2784,2783
2788,3,adjacent_difference,2785,2784
2789,3,adjacent_difference,2786,2785
2790,3,adjacent_difference,2787,2786
2791,3,adjacent_difference,2788,2787
2792,3,adjacent_difference,2789,2788
2793,3,adjacent_difference,2790,2789
2794,3,adjacent_difference,2791,2790
2795,3,adjacent_difference,2792,2791
2796,3,adjacent_difference,2793,2792
2797,3,adjacent_difference,2794,2793
2798,3,adjacent_difference,2795,2794
2799,3,adjacent_difference,2796,2795
2800,3,adjacent_difference,2797,2796
2801,3,adjacent_difference,2798,2797
2802,3,adjacent_difference,2799,2798
2803,3,adjacent_difference,2800,2799
2804,3,adjacent_difference,2801,2800
2805,3,adjacent_difference,2802,2801
2806,3,adjacent_difference,2803,2802
2807,3,adjacent_difference,2804,2803
2808,3,adjacent_difference,2805,2804
2809,3,adjacent_difference,2806,2805
2810,3,adjacent_difference,2807,2806
2811,3,adjacent_difference,2808,2807
2812,3,adjacent_difference,2809,2808
2813,3,adjacent_difference,2810,2809
2814,3,adjacent_difference,2811,2810
2815,3,adjacent_difference,2812,2811
2816,3,adjacent_difference,2813,2812
2817,3,adjacent_difference,2814,2813
2818,3,adjacent_difference,2815,2814
2819,3,adjacent_difference,2816,2815
2820,3,adjacent_difference,2817,2816
2821,3,adjacent_difference,2818,2817
2822,3,adjacent_difference,2819,2818
2823,3,adjacent_difference,2820,2819
2824,3,adjacent_difference,2821,2820
2825,3,adjacent_difference,2822,2821
2826,3,adjacent_difference,2823,2822
2827,3,adjacent_difference,2824,2823
2828,3,adjacent_difference,2825,2824
2829,3,adjacent_difference,2826,2825
2830,3,adjacent_difference,2827,2826
2831,3,adjacent_difference,2828,2827
2832,3,adjacent_difference,2829,2828
2833,3,adjacent_difference,2830,2829
2834,3,adjacent_difference,2831,2830
2835,3,adjacent_difference,2832,2831
2836,3,adjacent_difference,2833,2832
2837,3,adjacent_difference,2834,2833
2838,3,adjacent_difference,2835,2834
2839,3,adjacent_difference,2836,2835
2840,3,adjacent_difference,2837,2836
2841,3,adjacent_difference,2838,2837
2842,3,adjacent_difference,2839,2838
2843,3,adjacent_difference,2840,2839
2844,3,adjacent_difference,2841,2840
2845,3,adjacent_difference,2842,2841
2846,3,adjacent_difference,2843,2842
2847,3,adjacent_difference,2844,2843
2848,3,adjacent_difference,2845,2844
2849,3,adjacent_difference,2846,2845
2850,3,adjacent_difference,2847,2846
2851,3,adjacent_difference,2848,2847
2852,3,adjacent_difference,2849,2848
2853,3,adjacent_difference,2850,2849
2854,3,adjacent_difference,2851,2850
2855,3,adjacent_difference,2852,2851
2856,3,adjacent_difference,2853,2852
2857,3,adjacent_difference,2854,2853
2858,3,adjacent_difference,2855,2854
2859,3,adjacent_difference,2856,2855
2860,3,adjacent_difference,2857,2856
2861,3,adjacent_difference,2858,2857
2862,3,adjacent_difference,2859,2858
2863,3,adjacent_difference,2860,2859
2864,3,adjacent_difference,2861,2860
2865,3,adjacent_difference,2862,2861
2866,3,adjacent_difference,2863,2862
2867,3,adjacent_difference,2864,2863
2868,3,adjacent_difference,2865,2864
2869,3,adjacent_difference,2866,2865
2870,3,adjacent_difference,2867,2866
2871,3,adjacent_difference,2868,2867
2872,3,adjacent_difference,2869,2868
2873,3,adjacent_difference,2870,2869
2874,3,adjacent_difference,2871,2870
2875,3,adjacent_difference,2872,2871
2876,3,adjacent_difference,2873,2872
2877,3,adjacent_difference,2874,2873
2878,3,adjacent_difference,2875,2874
2879,3,adjacent_difference,2876,2875
2880,3,adjacent_difference,2877,2876
2881,3,adjacent_difference,2878,2877
2882,3,adjacent_difference,2879,2878
2883,3,adjacent_difference,2880,2879
2884,3,adjacent_difference,2881,2880
2885,3,adjacent_difference,2882,2881
2886,3,adjacent_difference,2883,2882
2887,3,adjacent_difference,2884,2883
2888,3,adjacent_difference,2885,2884
2889,3,adjacent_difference,2886,2885
2890,3,adjacent_difference,2887,2886
2891,3,adjacent_difference,2888,2887
2892,3,adjacent_difference,2889,2888
2893,3,adjacent_difference,2890,2889
2894,3,adjacent_difference,2891,2890
2895,3,adjacent_difference,2892,2891
2896,3,adjacent_difference,2893,2892
2897,3,adjacent_difference,2894,2893
2898,3,adjacent_difference,2895,2894
2899,3,adjacent_difference,2896,2895
2900,3,adjacent_difference,2897,2896
2901,3,adjacent_difference,2898,2897
2902,3,adjacent_difference,2899,2898
2903,3,adjacent_difference,2900,2899
2904,3,adjacent_difference,2901,2900
2905,3,adjacent_difference,2902,2901
2906,3,adjacent_difference,2903,2902
2907,3,adjacent_difference,2904,2903
2908,3,adjacent_difference,2905,2904
2909,3,adjacent_difference,2906,2905
2910,3,adjacent_difference,2907,2906
2911,3,adjacent_difference,2908,2907
2912,3,adjacent_difference,2909,2908
2913,3,adjacent_difference,2910,2909
2914,3,adjacent_difference,2911,2910
2915,3,adjacent_difference,2912,2911
2916,3,adjacent_difference,2913,2912
2917,3,adjacent_difference,2914,2913
2918,3,adjacent_difference,2915,2914
2919,3,adjacent_difference,2916,2915
2920,3,adjacent_difference,2917,2916
2921,3,adjacent_difference,2918,2917
2922,3,adjacent_difference,2919,2918
2923,3,adjacent_difference,2920,2919
2924,3,adjacent_difference,2921,2920
2925,3,adjacent_difference,2922,2921
2926,3,adjacent_difference,2923,2922
2927,3,adjacent_difference,2924,2923
2928,3,adjacent_difference,2925,2924
2929,3,adjacent_difference,2926,2925
2930,3,adjacent_difference,2927,2926
2931,3,adjacent_difference,2928,2927
2932,3,adjacent_difference,2929,2928
2933,3,adjacent_difference,2930,2929
2934,3,adjacent_difference,2931,2930
2935,3,adjacent_difference,2932,2931
2936,3,adjacent_difference,2933,2932
2937,3,adjacent_difference,2934,2933
2938,3,adjacent_difference,2935,2934
2939,3,adjacent_difference,2936,2935
2940,3,adjacent_difference,2937,2936
2941,3,adjacent_difference,2938,2937
2942,3,adjacent_difference,2939,2938
2943,3,adjacent_difference,2940,2939
2944,3,adjacent_difference,2941,2940
2945,3,adjacent_difference,2942,2941
2946,3,adjacent_difference,2943,2942
2947,3,adjacent_difference,2944,2943
2948,3,adjacent_difference,2945,2944
2949,3,adjacent_difference,2946,2945
2950,3,adjacent_difference,2947,2946
2951,3,adjacent_difference,2948,2947
2952,3,adjacent_difference,2949,2948
2953,3,adjacent_difference,2950,2949
2954,3,adjacent_difference,2951,2950
2955,3,adjacent_difference,2952,2951
2956,3,adjacent_difference,2953,2952
2957,3,adjacent_difference,2954,2953
2958,3,adjacent_difference,2955,2954
2959,3,adjacent_difference,2956,2955
2960,3,adjacent_difference,2957,2956
2961,3,adjacent_difference,2958,2957
2962,3,adjacent_difference,2959,2958
2963,3,adjacent_difference,2960,2959
2964,3,adjacent_difference,2961,2960
2965,3,adjacent_difference,2962,2961
2966,3,adjacent_difference,2963,2962
2967,3,adjacent_difference,2964,2963
2968,3,adjacent_difference,2965,2964
2969,3,adjacent_difference,2966,2965
2970,3,adjacent_difference,2967,2966
2971,3,adjacent_difference,2968,2967
2972,3,adjacent_difference,2969,2968
2973,3,adjacent_difference,2970,2969
2974,3,adjacent_difference,2971,2970
2975,3,adjacent_difference,2972,2971
2976,3,adjacent_difference,2973,2972
2977,3,adjacent_difference,2974,2973
2978,3,adjacent_difference,2975,2974
2979,3,adjacent_difference,2976,2975
2980,3,adjacent_difference,2977,2976
2981,3,adjacent_difference,2978,2977
2982,3,adjacent_difference,2979,2978
2983,3,adjacent_difference,2980,2979
2984,3,adjacent_difference,2981,2980
2985,3,adjacent_difference,2982,2981
2986,3,adjacent_difference,2983,2982
2987,3,adjacent_difference,2984,2983
2988,3,adjacent_difference,2985,2984
2989,3,adjacent_difference,2986,2985
2990,3,adjacent_difference,2987,2986
2991,3,adjacent_difference,2988,2987
2992,3,adjacent_difference,2989,2988
2993,3,adjacent_difference,2990,2989
2994,3,adjacent_difference,2991,2990
2995,3,adjacent_difference,2992,2991
2996,3,adjacent_difference,2993,2992
2997,3,adjacent_difference,2994,2993
2998,3,adjacent_difference,2995,2994
2999,3,adjacent_difference,2996,2995
3000,3,adjacent_difference,2997,2996
3001,3,adjacent_difference,2998,2997
3002,3,adjacent_difference,2999,2998
3003,3,adjacent_difference,3000,2999
3004,3,adjacent_difference,3001,3000
3005,3,adjacent_difference,3002,3001
3006,3,adjacent_difference,3003,3002
3007,3,adjacent_difference,3004,3003
3008,3,adjacent_difference,3005,3004
3009,3,adjacent_difference,3006,3005
3010,3,adjacent_difference,3007,3006
3011,3,adjacent_difference,3008,3007
3012,3,adjacent_difference,3009,3008
3013,3,adjacent_difference,3010,3009
3014,3,adjacent_difference,3011,3010
3015,3,adjacent_difference,3012,3011
3016,3,adjacent_difference,3013,3012
3017,3,adjacent_difference,3014,3013
3018,3,adjacent_difference,3015,3014
3019,3,adjacent_difference,3016,3015
3020,3,adjacent_difference,3017,3016
3021,3,adjacent_difference,3018,3017
3022,3,adjacent_difference,3019,3018
3023,3,adjacent_difference,3020,3019
3024,3,adjacent_difference,3021,3020
3025,3,adjacent_difference,3022,3021
3026,3,adjacent_difference,3023,3022
3027,3,adjacent_difference,3024,3023
3028,3,adjacent_difference,3025,3024
3029,3,adjacent_difference,3026,3025
3030,3,adjacent_difference,3027,3026
3031,3,adjacent_difference,3028,3027
3032,3,adjacent_difference,3029,3028
3033,3,adjacent_difference,3030,3029
3034,3,adjacent_difference,3031,3030
3035,3,adjacent_difference,3032,3031
3036,3,adjacent_difference,3033,3032
3037,3,adjacent_difference,3034,3033
3038,3,adjacent_difference,3035,3034
3039,3,adjacent_difference,3036,3035
3040,3,adjacent_difference,3037,3036
3041,3,adjacent_difference,3038,3037
3042,3,adjacent_difference,3039,3038
3043,3,adjacent_difference,3040,3039
3044,3,adjacent_difference,3041,3040
3045,3,adjacent_difference,3042,3041
3046,3,adjacent_difference,3043,3042
3047,3,adjacent_difference,3044,3043
3048,3,adjacent_difference,3045,3044
3049,3,adjacent_difference,3046,3045
3050,3,adjacent_difference,3047,3046
3051,3,adjacent_difference,3048,3047
3052,3,adjacent_difference,3049,3048
3053,3,adjacent_difference,3050,3049
3054,3,adjacent_difference,3051,3050
3055,3,adjacent_difference,3052,3051
3056,3,adjacent_difference,3053,3052
3057,3,adjacent_difference,3054,3053
3058,3,adjacent_difference,3055,3054
3059,3,adjacent_difference,3056,3055
3060,3,adjacent_difference,3057,3056
3061,3,adjacent_difference,3058,3057
3062,3,adjacent_difference,3059,3058
3063,3,adjacent_difference,3060,3059
3064,3,adjacent_difference,3061,3060
3065,3,adjacent_difference,3062,3061
3066,3,adjacent_difference,3063,3062
3067,3,adjacent_difference,3064,3063
3068,3,adjacent_difference,3065,3064
3069,3,adjacent_difference,3066,3065
3070,3,adjacent_difference,3067,3066
3071,3,adjacent_difference,3068,3067
3072,3,adjacent_difference,3069,3068
3073,3,adjacent_difference,3070,3069
3074,3,adjacent_difference,3071,3070
3075,3,adjacent_difference,3072,3071
3076,3,adjacent_difference,3073,3072
3077,3,adjacent_difference,3074,3073
3078,3,adjacent_difference,3075,3074
3079,3,adjacent_difference,3076,3075
3080,3,adjacent_difference,3077,3076
3081,3,adjacent_difference,3078,3077
3082,3,adjacent_difference,3079,3078
3083,3,adjacent_difference,3080,3079
3084,3,adjacent_difference,3081,3080
3085,3,adjacent_difference,3082,3081
3086,3,adjacent_difference,3083,3082
3087,3,adjacent_difference,3084,3083
3088,3,adjacent_difference,3085,3084
3089,3,adjacent_difference,3086,3085
3090,3,adjacent_difference,3087,3086
3091,3,adjacent_difference,3088,3087
3092,3,adjacent_difference,3089,3088
3093,3,adjacent_difference,3090,3089
3094,3,adjacent_difference,3091,3090
3095,3,adjacent_difference,3092,3091
3096,3,adjacent_difference,3093,3092
3097,3,adjacent_difference,3094,3093
3098,3,adjacent_difference,3095,3094
3099,3,adjacent_difference,3096,3095
3100,3,adjacent_difference,3097,3096
3101,3,adjacent_difference,3098,3097
3102,3,adjacent_difference,3099,3098
3103,3,adjacent_difference,3100,3099
3104,3,adjacent_difference,3101,3100
3105,3,adjacent_difference,3102,3101
3106,3,adjacent_difference,3103,3102
3107,3,adjacent_difference,3104,3103
3108,3,adjacent_difference,3105,3104
3109,3,adjacent_difference,3106,3105
3110,3,adjacent_difference,3107,3106
3111,3,adjacent_difference,3108,3107
3112,3,adjacent_difference,3109,3108
3113,3,adjacent_difference,3110,3109
3114,3,adjacent_difference,3111,3110
3115,3,adjacent_difference,3112,3111
3116,3,adjacent_difference,3113,3112
3117,3,adjacent_difference,3114,3113
3118,3,adjacent_difference,3115,3114
3119,3,adjacent_difference,3116,3115
3120,3,adjacent_difference,3117,3116
3121,3,adjacent_difference,3118,3117
3122,3,adjacent_difference,3119,3118
3123,3,adjacent_difference,3120,3119
3124,3,adjacent_difference,3121,3120
3125,3,adjacent_difference,3122,3121
3126,3,adjacent_difference,3123,3122
3127,3,adjacent_difference,3124,3123
3128,3,adjacent_difference,3125,3124
3129,3,adjacent_difference,3126,3125
3130,3,adjacent_difference,3127,3126
3131,3,adjacent_difference,3128,3127
3132,3,adjacent_difference,3129,3128
3133,3,adjacent_difference,3130,3129
3134,3,adjacent_difference,3131,3130
3135,3,adjacent_difference,3132,3131
3136,3,adjacent_difference,3133,3132
3137,3,adjacent_difference,3134,3133
3138,3,adjacent_difference,3135,3134
3139,3,adjacent_difference,3136,3135
3140,3,adjacent_difference,3137,3136
3141,3,adjacent_difference,3138,3137
3142,3,adjacent_difference,3139,3138
3143,3,adjacent_difference,3140,3139
3144,3,adjacent_difference,3141,3140
3145,3,adjacent_difference,3142,3141
3146,3,adjacent_difference,3143,3142
3147,3,adjacent_difference,3144,3143
3148,3,adjacent_difference,3145,3144
3149,3,adjacent_difference,3146,3145
3150,3,adjacent_difference,3147,3146
3151,3,adjacent_difference,3148,3147
3152,3,adjacent_difference,3149,3148
3153,3,adjacent_difference,3150,3149
3154,3,adjacent_difference,3151,3150
3155,3,adjacent_difference,3152,3151
3156,3,adjacent_difference,3153,3152
3157,3,adjacent_difference,3154,3153
3158,3,adjacent_difference,3155,3154
3159,3,adjacent_difference,3156,3155
3160,3,adjacent_difference,3157,3156
3161,3,adjacent_difference,3158,3157
3162,3,adjacent_difference,3159,3158
3163,3,adjacent_difference,3160,3159
3164,3,adjacent_difference,3161,3160
3165,3,adjacent_difference,3162,3161
3166,3,adjacent_difference,3163,3162
3167,3,adjacent_difference,3164,3163
3168,3,adjacent_difference,3165,3164
3169,3,adjacent_difference,3166,3165
3170,3,adjacent_difference,3167,3166
3171,3,adjacent_difference,3168,3167
3172,3,adjacent_difference,3169,3168
3173,3,adjacent_difference,3170,3169
3174,3,adjacent_difference,3171,3170
3175,3,adjacent_difference,3172,3171
3176,3,adjacent_difference,3173,3172
3177,3,adjacent_difference,3174,3173
3178,3,adjacent_difference,3175,3174
3179,3,adjacent_difference,3176,3175
3180,3,adjacent_difference,3177,3176
3181,3,adjacent_difference,3178,3177
3182,3,adjacent_difference,3179,3178
3183,3,adjacent_difference,3180,3179
3184,3,adjacent_difference,3181,3180
3185,3,adjacent_difference,3182,3181
3186,3,adjacent_difference,3183,3182
3187,3,adjacent_difference,3184,3183
3188,3,adjacent_difference,3185,3184
3189,3,adjacent_difference,3186,3185
3190,3,adjacent_difference,3187,3186
3191,3,adjacent_difference,3188,3187
3192,3,adjacent_difference,3189,3188
3193,3,adjacent_difference,3190,3189
3194,3,adjacent_difference,3191,3190
3195,3,adjacent_difference,3192,3191
3196,3,adjacent_difference,3193,3192
3197,3,adjacent_difference,3194,3193
3198,3,adjacent_difference,3195,3194
3199,3,adjacent_difference,3196,3195
3200,3,adjacent_difference,3197,3196
3201,3,adjacent_difference,3198,3197
3202,3,adjacent_difference,3199,3198
3203,3,adjacent_difference,3200,3199
3204,3,adjacent_difference,3201,3200
3205,3,adjacent_difference,3202,3201
3206,3,adjacent_difference,3203,3202
3207,3,adjacent_difference,3204,3203
3208,3,adjacent_difference,3205,3204
3209,3,adjacent_difference,3206,3205
3210,3,adjacent_difference,3207,3206
3211,3,adjacent_difference,3208,3207
3212,3,adjacent_difference,3209,3208
3213,3,adjacent_difference,3210,3209
3214,3,adjacent_difference,3211,3210
3215,3,adjacent_difference,3212,3211
3216,3,adjacent_difference,3213,3212
3217,3,adjacent_difference,3214,3213
3218,3,adjacent_difference,3215,3214
3219,3,adjacent_difference,3216,3215
3220,3,adjacent_difference,3217,3216
3221,3,adjacent_difference,3218,3217
3222,3,adjacent_difference,3219,3218
3223,3,adjacent_difference,3220,3219
3224,3,adjacent_difference,3221,3220
3225,3,adjacent_difference,3222,3221
3226,3,adjacent_difference,3223,3222
3227,3,adjacent_difference,3224,3223
3228,3,adjacent_difference,3225,3224
3229,3,adjacent_difference,3226,3225
3230,3,adjacent_difference,3227,3226
3231,3,adjacent_difference,3228,3227
3232,3,adjacent_difference,3229,3228
3233,3,adjacent_difference,3230,3229
3234,3,adjacent_difference,3231,3230
3235,3,adjacent_difference,3232,3231
3236,3,adjacent_difference,3233,3232
3237,3,adjacent_difference,3234,3233
3238,3,adjacent_difference,3235,3234
3239,3,adjacent_difference,3236,3235
3240,3,adjacent_difference,3237,3236
3241,3,adjacent_difference,3238,3237
3242,3,adjacent_difference,3239,3238
3243,3,adjacent_difference,3240,3239
3244,3,adjacent_difference,3241,3240
3245,3,adjacent_difference,3242,3241
3246,3,adjacent_difference,3243,3242
3247,3,adjacent_difference,3244,3243
3248,3,adjacent_difference,3245,3244
3249,3,adjacent_difference,3246,3245
3250,3,adjacent_difference,3247,3246
3251,3,adjacent_difference,3248,3247
3252,3,adjacent_difference,3249,3248
3253,3,adjacent_difference,3250,3249
3254,3,adjacent_difference,3251,3250
3255,3,adjacent_difference,3252,3251
3256,3,adjacent_difference,3253,3252
3257,3,adjacent_difference,3254,3253
3258,3,adjacent_difference,3255,3254
3259,3,adjacent_difference,3256,3255
3260,3,adjacent_difference,3257,3256
3261,3,adjacent_difference,3258,3257
3262,3,adjacent_difference,3259,3258
3263,3,adjacent_difference,3260,3259
3264,3,adjacent_difference,3261,3260
3265,3,adjacent_difference,3262,3261
3266,3,adjacent_difference,3263,3262
3267,3,adjacent_difference,3264,3263
3268,3,adjacent_difference,3265,3264
3269,3,adjacent_difference,3266,3265
3270,3,adjacent_difference,3267,3266
3271,3,adjacent_difference,3268,3267
3272,3,adjacent_difference,3269,3268
3273,3,adjacent_difference,3270,3269
3274,3,adjacent_difference,3271,3270
3275,3,adjacent_difference,3272,3271
3276,3,adjacent_difference,3273,3272
3277,3,adjacent_difference,3274,3273
3278,3,adjacent_difference,3275,3274
3279,3,adjacent_difference,3276,3275
3280,3,adjacent_difference,3277,3276
3281,3,adjacent_difference,3278,3277
3282,3,adjacent_difference,3279,3278
3283,3,adjacent_difference,3280,3279
3284,3,adjacent_difference,3281,3280
3285,3,adjacent_difference,3282,3281
3286,3,adjacent_difference,3283,3282
3287,3,adjacent_difference,3284,3283
3288,3,adjacent_difference,3285,3284
3289,3,adjacent_difference,3286,3285
3290,3,adjacent_difference,3287,3286
3291,3,adjacent_difference,3288,3287
3292,3,adjacent_difference,3289,3288
3293,3,adjacent_difference,3290,3289
3294,3,adjacent_difference,3291,3290
3295,3,adjacent_difference,3292,3291
3296,3,adjacent_difference,3293,3292
3297,3,adjacent_difference,3294,3293
3298,3,adjacent_difference,3295,3294
3299,3,adjacent_difference,3296,3295
3300,3,adjacent_difference,3297,3296
3301,3,adjacent_difference,3298,3297
3302,3,adjacent_difference,3299,3298
3303,3,adjacent_difference,3300,3299
3304,3,adjacent_difference,3301,3300
3305,3,adjacent_difference,3302,3301
3306,3,adjacent_difference,3303,3302
3307,3,adjacent_difference,3304,3303
3308,3,adjacent_difference,3305,3304
3309,3,adjacent_difference,3306,3305
3310,3,adjacent_difference,3307,3306
3311,3,adjacent_difference,3308,3307
3312,3,adjacent_difference,3309,3308
3313,3,adjacent_difference,3310,3309
3314,3,adjacent_difference,3311,3310
3315,3,adjacent_difference,3312,3311
3316,3,adjacent_difference,3313,3312
3317,3,adjacent_difference,3314,3313
3318,3,adjacent_difference,3315,3314
3319,3,adjacent_difference,3316,3315
3320,3,adjacent_difference,3317,3316
3321,3,adjacent_difference,3318,3317
3322,3,adjacent_difference,3319,3318
3323,3,adjacent_difference,3320,3319
3324,3,adjacent_difference,3321,3320
3325,3,adjacent_difference,3322,3321
3326,3,adjacent_difference,3323,3322
3327,3,adjacent_difference,3324,3323
3328,3,adjacent_difference,3325,3324
3329,3,adjacent_difference,3326,3325
3330,3,adjacent_difference,3327,3326
3331,3,adjacent_difference,3328,3327
3332,3,adjacent_difference,3329,3328
3333,3,adjacent_difference,3330,3329
3334,3,adjacent_difference,3331,3330
3335,3,adjacent_difference,3332,3331
3336,3,adjacent_difference,3333,3332
3337,3,adjacent_difference,3334,3333
3338,3,adjacent_difference,3335,3334
3339,3,adjacent_difference,3336,3335
3340,3,adjacent_difference,3337,3336
3341,3,adjacent_difference,3338,3337
3342,3,adjacent_difference,3339,3338
3343,3,adjacent_difference,3340,3339
3344,3,adjacent_difference,3341,3340
3345,3,adjacent_difference,3342,3341
3346,3,adjacent_difference,3343,3342
3347,3,adjacent_difference,3344,3343
3348,3,adjacent_difference,3345,3344
3349,3,adjacent_difference,3346,3345
3350,3,adjacent_difference,3347,3346
3351,3,adjacent_difference,3348,3347
3352,3,adjacent_difference,3349,3348
3353,3,adjacent_difference,3350,3349
3354,3,adjacent_difference,3351,3350
3355,3,adjacent_difference,3352,3351
3356,3,adjacent_difference,3353,3352
3357,3,adjacent_difference,3354,3353
3358,3,adjacent_difference,3355,3354
3359,3,adjacent_difference,3356,3355
3360,3,adjacent_difference,3357,3356
3361,3,adjacent_difference,3358,3357
3362,3,adjacent_difference,3359,3358
3363,3,adjacent_difference,3360,3359
3364,3,adjacent_difference,3361,3360
3365,3,adjacent_difference,3362,3361
3366,3,adjacent_difference,3363,3362
3367,3,adjacent_difference,3364,3363
3368,3,adjacent_difference,3365,3364
3369,3,adjacent_difference,3366,3365
3370,3,adjacent_difference,3367,3366
3371,3,adjacent_difference,3368,3367
3372,3,adjacent_difference,3369,3368
3373,3,adjacent_difference,3370,3369
3374,3,adjacent_difference,3371,3370
3375,3,adjacent_difference,3372,3371
3376,3,adjacent_difference,3373,3372
3377,3,adjacent_difference,3374,3373
3378,3,adjacent_difference,3375,3374
3379,3,adjacent_difference,3376,3375
3380,3,adjacent_difference,3377,3376
3381,3,adjacent_difference,3378,3377
3382,3,adjacent_difference,3379,3378
3383,3,terminal_inverse,-1,3379
3384,4,absolute_start,3380,-1
3385,4,adjacent_difference,3381,3380
3386,4,adjacent_difference,3382,3381
3387,4,adjacent_difference,3383,3382
3388,4,adjacent_difference,3384,3383
3389,4,adjacent_difference,3385,3384
3390,4,adjacent_difference,3386,3385
3391,4,adjacent_difference,3387,3386
3392,4,adjacent_difference,3388,3387
3393,4,adjacent_difference,3389,3388
3394,4,adjacent_difference,3390,3389
3395,4,adjacent_difference,3391,3390
3396,4,adjacent_difference,3392,3391
3397,4,adjacent_difference,3393,3392
3398,4,adjacent_difference,3394,3393
3399,4,adjacent_difference,3395,3394
3400,4,adjacent_difference,3396,3395
3401,4,adjacent_difference,3397,3396
3402,4,adjacent_difference,3398,3397
3403,4,adjacent_difference,3399,3398
3404,4,adjacent_difference,3400,3399
3405,4,adjacent_difference,3401,3400
3406,4,adjacent_difference,3402,3401
3407,4,adjacent_difference,3403,3402
3408,4,adjacent_difference,3404,3403
3409,4,adjacent_difference,3405,3404
3410,4,adjacent_difference,3406,3405
3411,4,adjacent_difference,3407,3406
3412,4,adjacent_difference,3408,3407
3413,4,adjacent_difference,3409,3408
3414,4,adjacent_difference,3410,3409
3415,4,adjacent_difference,3411,3410
3416,4,adjacent_difference,3412,3411
3417,4,adjacent_difference,3413,3412
3418,4,adjacent_difference,3414,3413
3419,4,adjacent_difference,3415,3414
3420,4,adjacent_difference,3416,3415
3421,4,adjacent_difference,3417,3416
3422,4,adjacent_difference,3418,3417
3423,4,adjacent_difference,3419,3418
3424,4,adjacent_difference,3420,3419
3425,4,adjacent_difference,3421,3420
3426,4,adjacent_difference,3422,3421
3427,4,adjacent_difference,3423,3422
3428,4,adjacent_difference,3424,3423
3429,4,adjacent_difference,3425,3424
3430,4,adjacent_difference,3426,3425
3431,4,adjacent_difference,3427,3426
3432,4,adjacent_difference,3428,3427
3433,4,adjacent_difference,3429,3428
3434,4,adjacent_difference,3430,3429
3435,4,adjacent_difference,3431,3430
3436,4,adjacent_difference,3432,3431
3437,4,adjacent_difference,3433,3432
3438,4,adjacent_difference,3434,3433
3439,4,adjacent_difference,3435,3434
3440,4,adjacent_difference,3436,3435
3441,4,adjacent_difference,3437,3436
3442,4,adjacent_difference,3438,3437
3443,4,adjacent_difference,3439,3438
3444,4,adjacent_difference,3440,3439
3445,4,adjacent_difference,3441,3440
3446,4,adjacent_difference,3442,3441
3447,4,adjacent_difference,3443,3442
3448,4,adjacent_difference,3444,3443
3449,4,adjacent_difference,3445,3444
3450,4,adjacent_difference,3446,3445
3451,4,adjacent_difference,3447,3446
3452,4,adjacent_difference,3448,3447
3453,4,adjacent_difference,3449,3448
3454,4,adjacent_difference,3450,3449
3455,4,adjacent_difference,3451,3450
3456,4,adjacent_difference,3452,3451
3457,4,adjacent_difference,3453,3452
3458,4,adjacent_difference,3454,3453
3459,4,adjacent_difference,3455,3454
3460,4,adjacent_difference,3456,3455
3461,4,adjacent_difference,3457,3456
3462,4,adjacent_difference,3458,3457
3463,4,adjacent_difference,3459,3458
3464,4,adjacent_difference,3460,3459
3465,4,adjacent_difference,3461,3460
3466,4,adjacent_difference,3462,3461
3467,4,adjacent_difference,3463,3462
3468,4,adjacent_difference,3464,3463
3469,4,adjacent_difference,3465,3464
3470,4,adjacent_difference,3466,3465
3471,4,adjacent_difference,3467,3466
3472,4,adjacent_difference,3468,3467
3473,4,adjacent_difference,3469,3468
3474,4,adjacent_difference,3470,3469
3475,4,adjacent_difference,3471,3470
3476,4,adjacent_difference,3472,3471
3477,4,adjacent_difference,3473,3472
3478,4,adjacent_difference,3474,3473
3479,4,adjacent_difference,3475,3474
3480,4,adjacent_difference,3476,3475
3481,4,adjacent_difference,3477,3476
3482,4,adjacent_difference,3478,3477
3483,4,adjacent_difference,3479,3478
3484,4,adjacent_difference,3480,3479
3485,4,adjacent_difference,3481,3480
3486,4,adjacent_difference,3482,3481
3487,4,adjacent_difference,3483,3482
3488,4,adjacent_difference,3484,3483
3489,4,adjacent_difference,3485,3484
3490,4,adjacent_difference,3486,3485
3491,4,adjacent_difference,3487,3486
3492,4,adjacent_difference,3488,3487
3493,4,adjacent_difference,3489,3488
3494,4,adjacent_difference,3490,3489
3495,4,adjacent_difference,3491,3490
3496,4,adjacent_difference,3492,3491
3497,4,adjacent_difference,3493,3492
3498,4,adjacent_difference,3494,3493
3499,4,adjacent_difference,3495,3494
3500,4,adjacent_difference,3496,3495
3501,4,adjacent_difference,3497,3496
3502,4,adjacent_difference,3498,3497
3503,4,adjacent_difference,3499,3498
3504,4,adjacent_difference,3500,3499
3505,4,adjacent_difference,3501,3500
3506,4,adjacent_difference,3502,3501
3507,4,adjacent_difference,3503,3502
3508,4,adjacent_difference,3504,3503
3509,4,adjacent_difference,3505,3504
3510,4,adjacent_difference,3506,3505
3511,4,adjacent_difference,3507,3506
3512,4,adjacent_difference,3508,3507
3513,4,adjacent_difference,3509,3508
3514,4,adjacent_difference,3510,3509
3515,4,adjacent_difference,3511,3510
3516,4,adjacent_difference,3512,3511
3517,4,adjacent_difference,3513,3512
3518,4,adjacent_difference,3514,3513
3519,4,adjacent_difference,3515,3514
3520,4,adjacent_difference,3516,3515
3521,4,adjacent_difference,3517,3516
3522,4,adjacent_difference,3518,3517
3523,4,adjacent_difference,3519,3518
3524,4,adjacent_difference,3520,3519
3525,4,adjacent_difference,3521,3520
3526,4,adjacent_difference,3522,3521
3527,4,adjacent_difference,3523,3522
3528,4,adjacent_difference,3524,3523
3529,4,adjacent_difference,3525,3524
3530,4,adjacent_difference,3526,3525
3531,4,adjacent_difference,3527,3526
3532,4,adjacent_difference,3528,3527
3533,4,adjacent_difference,3529,3528
3534,4,adjacent_difference,3530,3529
3535,4,adjacent_difference,3531,3530
3536,4,adjacent_difference,3532,3531
3537,4,adjacent_difference,3533,3532
3538,4,adjacent_difference,3534,3533
3539,4,adjacent_difference,3535,3534
3540,4,adjacent_difference,3536,3535
3541,4,adjacent_difference,3537,3536
3542,4,adjacent_difference,3538,3537
3543,4,adjacent_difference,3539,3538
3544,4,adjacent_difference,3540,3539
3545,4,adjacent_difference,3541,3540
3546,4,adjacent_difference,3542,3541
3547,4,adjacent_difference,3543,3542
3548,4,adjacent_difference,3544,3543
3549,4,adjacent_difference,3545,3544
3550,4,adjacent_difference,3546,3545
3551,4,adjacent_difference,3547,3546
3552,4,adjacent_difference,3548,3547
3553,4,adjacent_difference,3549,3548
3554,4,adjacent_difference,3550,3549
3555,4,adjacent_difference,3551,3550
3556,4,adjacent_difference,3552,3551
3557,4,adjacent_difference,3553,3552
3558,4,adjacent_difference,3554,3553
3559,4,adjacent_difference,3555,3554
3560,4,adjacent_difference,3556,3555
3561,4,adjacent_difference,3557,3556
3562,4,adjacent_difference,3558,3557
3563,4,adjacent_difference,3559,3558
3564,4,adjacent_difference,3560,3559
3565,4,adjacent_difference,3561,3560
3566,4,adjacent_difference,3562,3561
3567,4,adjacent_difference,3563,3562
3568,4,adjacent_difference,3564,3563
3569,4,adjacent_difference,3565,3564
3570,4,adjacent_difference,3566,3565
3571,4,adjacent_difference,3567,3566
3572,4,adjacent_difference,3568,3567
3573,4,adjacent_difference,3569,3568
3574,4,adjacent_difference,3570,3569
3575,4,adjacent_difference,3571,3570
3576,4,adjacent_difference,3572,3571
3577,4,adjacent_difference,3573,3572
3578,4,adjacent_difference,3574,3573
3579,4,adjacent_difference,3575,3574
3580,4,adjacent_difference,3576,3575
3581,4,adjacent_difference,3577,3576
3582,4,adjacent_difference,3578,3577
3583,4,adjacent_difference,3579,3578
3584,4,adjacent_difference,3580,3579
3585,4,adjacent_difference,3581,3580
3586,4,adjacent_difference,3582,3581
3587,4,adjacent_difference,3583,3582
3588,4,adjacent_difference,3584,3583
3589,4,adjacent_difference,3585,3584
3590,4,adjacent_difference,3586,3585
3591,4,adjacent_difference,3587,3586
3592,4,adjacent_difference,3588,3587
3593,4,adjacent_difference,3589,3588
3594,4,adjacent_difference,3590,3589
3595,4,adjacent_difference,3591,3590
3596,4,adjacent_difference,3592,3591
3597,4,adjacent_difference,3593,3592
3598,4,adjacent_difference,3594,3593
3599,4,adjacent_difference,3595,3594
3600,4,adjacent_difference,3596,3595
3601,4,adjacent_difference,3597,3596
3602,4,adjacent_difference,3598,3597
3603,4,adjacent_difference,3599,3598
3604,4,adjacent_difference,3600,3599
3605,4,adjacent_difference,3601,3600
3606,4,adjacent_difference,3602,3601
3607,4,adjacent_difference,3603,3602
3608,4,adjacent_difference,3604,3603
3609,4,adjacent_difference,3605,3604
3610,4,adjacent_difference,3606,3605
3611,4,adjacent_difference,3607,3606
3612,4,adjacent_difference,3608,3607
3613,4,adjacent_difference,3609,3608
3614,4,adjacent_difference,3610,3609
3615,4,adjacent_difference,3611,3610
3616,4,adjacent_difference,3612,3611
3617,4,adjacent_difference,3613,3612
3618,4,adjacent_difference,3614,3613
3619,4,adjacent_difference,3615,3614
3620,4,adjacent_difference,3616,3615
3621,4,adjacent_difference,3617,3616
3622,4,adjacent_difference,3618,3617
3623,4,adjacent_difference,3619,3618
3624,4,adjacent_difference,3620,3619
3625,4,adjacent_difference,3621,3620
3626,4,adjacent_difference,3622,3621
3627,4,adjacent_difference,3623,3622
3628,4,adjacent_difference,3624,3623
3629,4,adjacent_difference,3625,3624
3630,4,adjacent_difference,3626,3625
3631,4,adjacent_difference,3627,3626
3632,4,adjacent_difference,3628,3627
3633,4,adjacent_difference,3629,3628
3634,4,adjacent_difference,3630,3629
3635,4,adjacent_difference,3631,3630
3636,4,adjacent_difference,3632,3631
3637,4,adjacent_difference,3633,3632
3638,4,adjacent_difference,3634,3633
3639,4,adjacent_difference,3635,3634
3640,4,adjacent_difference,3636,3635
3641,4,adjacent_difference,3637,3636
3642,4,adjacent_difference,3638,3637
3643,4,adjacent_difference,3639,3638
3644,4,adjacent_difference,3640,3639
3645,4,adjacent_difference,3641,3640
3646,4,adjacent_difference,3642,3641
3647,4,adjacent_difference,3643,3642
3648,4,adjacent_difference,3644,3643
3649,4,adjacent_difference,3645,3644
3650,4,adjacent_difference,3646,3645
3651,4,adjacent_difference,3647,3646
3652,4,adjacent_difference,3648,3647
3653,4,adjacent_difference,3649,3648
3654,4,adjacent_difference,3650,3649
3655,4,adjacent_difference,3651,3650
3656,4,adjacent_difference,3652,3651
3657,4,adjacent_difference,3653,3652
3658,4,adjacent_difference,3654,3653
3659,4,adjacent_difference,3655,3654
3660,4,adjacent_difference,3656,3655
3661,4,adjacent_difference,3657,3656
3662,4,adjacent_difference,3658,3657
3663,4,adjacent_difference,3659,3658
3664,4,adjacent_difference,3660,3659
3665,4,adjacent_difference,3661,3660
3666,4,adjacent_difference,3662,3661
3667,4,adjacent_difference,3663,3662
3668,4,adjacent_difference,3664,3663
3669,4,adjacent_difference,3665,3664
3670,4,adjacent_difference,3666,3665
3671,4,adjacent_difference,3667,3666
3672,4,adjacent_difference,3668,3667
3673,4,adjacent_difference,3669,3668
3674,4,adjacent_difference,3670,3669
3675,4,adjacent_difference,3671,3670
3676,4,adjacent_difference,3672,3671
3677,4,adjacent_difference,3673,3672
3678,4,adjacent_difference,3674,3673
3679,4,adjacent_difference,3675,3674
3680,4,adjacent_difference,3676,3675
3681,4,adjacent_difference,3677,3676
3682,4,adjacent_difference,3678,3677
3683,4,adjacent_difference,3679,3678
3684,4,adjacent_difference,3680,3679
3685,4,adjacent_difference,3681,3680
3686,4,adjacent_difference,3682,3681
3687,4,adjacent_difference,3683,3682
3688,4,adjacent_difference,3684,3683
3689,4,adjacent_difference,3685,3684
3690,4,adjacent_difference,3686,3685
3691,4,adjacent_difference,3687,3686
3692,4,adjacent_difference,3688,3687
3693,4,adjacent_difference,3689,3688
3694,4,adjacent_difference,3690,3689
3695,4,adjacent_difference,3691,3690
3696,4,adjacent_difference,3692,3691
3697,4,adjacent_difference,3693,3692
3698,4,adjacent_difference,3694,3693
3699,4,adjacent_difference,3695,3694
3700,4,adjacent_difference,3696,3695
3701,4,adjacent_difference,3697,3696
3702,4,adjacent_difference,3698,3697
3703,4,adjacent_difference,3699,3698
3704,4,adjacent_difference,3700,3699
3705,4,adjacent_difference,3701,3700
3706,4,adjacent_difference,3702,3701
3707,4,adjacent_difference,3703,3702
3708,4,adjacent_difference,3704,3703
3709,4,adjacent_difference,3705,3704
3710,4,adjacent_difference,3706,3705
3711,4,adjacent_difference,3707,3706
3712,4,adjacent_difference,3708,3707
3713,4,adjacent_difference,3709,3708
3714,4,adjacent_difference,3710,3709
3715,4,adjacent_difference,3711,3710
3716,4,adjacent_difference,3712,3711
3717,4,adjacent_difference,3713,3712
3718,4,adjacent_difference,3714,3713
3719,4,adjacent_difference,3715,3714
3720,4,adjacent_difference,3716,3715
3721,4,adjacent_difference,3717,3716
3722,4,adjacent_difference,3718,3717
3723,4,adjacent_difference,3719,3718
3724,4,adjacent_difference,3720,3719
3725,4,adjacent_difference,3721,3720
3726,4,adjacent_difference,3722,3721
3727,4,adjacent_difference,3723,3722
3728,4,adjacent_difference,3724,3723
3729,4,adjacent_difference,3725,3724
3730,4,adjacent_difference,3726,3725
3731,4,adjacent_difference,3727,3726
3732,4,adjacent_difference,3728,3727
3733,4,adjacent_difference,3729,3728
3734,4,adjacent_difference,3730,3729
3735,4,adjacent_difference,3731,3730
3736,4,adjacent_difference,3732,3731
3737,4,adjacent_difference,3733,3732
3738,4,adjacent_difference,3734,3733
3739,4,adjacent_difference,3735,3734
3740,4,adjacent_difference,3736,3735
3741,4,adjacent_difference,3737,3736
3742,4,adjacent_difference,3738,3737
3743,4,adjacent_difference,3739,3738
3744,4,adjacent_difference,3740,3739
3745,4,adjacent_difference,3741,3740
3746,4,adjacent_difference,3742,3741
3747,4,adjacent_difference,3743,3742
3748,4,adjacent_difference,3744,3743
3749,4,adjacent_difference,3745,3744
3750,4,adjacent_difference,3746,3745
3751,4,adjacent_difference,3747,3746
3752,4,adjacent_difference,3748,3747
3753,4,adjacent_difference,3749,3748
3754,4,adjacent_difference,3750,3749
3755,4,adjacent_difference,3751,3750
3756,4,adjacent_difference,3752,3751
3757,4,adjacent_difference,3753,3752
3758,4,adjacent_difference,3754,3753
3759,4,adjacent_difference,3755,3754
3760,4,adjacent_difference,3756,3755
3761,4,adjacent_difference,3757,3756
3762,4,adjacent_difference,3758,3757
3763,4,adjacent_difference,3759,3758
3764,4,adjacent_difference,3760,3759
3765,4,adjacent_difference,3761,3760
3766,4,adjacent_difference,3762,3761
3767,4,adjacent_difference,3763,3762
3768,4,adjacent_difference,3764,3763
3769,4,adjacent_difference,3765,3764
3770,4,adjacent_difference,3766,3765
3771,4,adjacent_difference,3767,3766
3772,4,adjacent_difference,3768,3767
3773,4,adjacent_difference,3769,3768
3774,4,adjacent_difference,3770,3769
3775,4,adjacent_difference,3771,3770
3776,4,adjacent_difference,3772,3771
3777,4,adjacent_difference,3773,3772
3778,4,adjacent_difference,3774,3773
3779,4,adjacent_difference,3775,3774
3780,4,adjacent_difference,3776,3775
3781,4,adjacent_difference,3777,3776
3782,4,adjacent_difference,3778,3777
3783,4,adjacent_difference,3779,3778
3784,4,adjacent_difference,3780,3779
3785,4,adjacent_difference,3781,3780
3786,4,adjacent_difference,3782,3781
3787,4,adjacent_difference,3783,3782
3788,4,adjacent_difference,3784,3783
3789,4,adjacent_difference,3785,3784
3790,4,adjacent_difference,3786,3785
3791,4,adjacent_difference,3787,3786
3792,4,adjacent_difference,3788,3787
3793,4,adjacent_difference,3789,3788
3794,4,adjacent_difference,3790,3789
3795,4,adjacent_difference,3791,3790
3796,4,adjacent_difference,3792,3791
3797,4,adjacent_difference,3793,3792
3798,4,adjacent_difference,3794,3793
3799,4,adjacent_difference,3795,3794
3800,4,adjacent_difference,3796,3795
3801,4,adjacent_difference,3797,3796
3802,4,adjacent_difference,3798,3797
3803,4,adjacent_difference,3799,3798
3804,4,adjacent_difference,3800,3799
3805,4,adjacent_difference,3801,3800
3806,4,adjacent_difference,3802,3801
3807,4,adjacent_difference,3803,3802
3808,4,adjacent_difference,3804,3803
3809,4,adjacent_difference,3805,3804
3810,4,adjacent_difference,3806,3805
3811,4,adjacent_difference,3807,3806
3812,4,adjacent_difference,3808,3807
3813,4,adjacent_difference,3809,3808
3814,4,adjacent_difference,3810,3809
3815,4,adjacent_difference,3811,3810
3816,4,adjacent_difference,3812,3811
3817,4,adjacent_difference,3813,3812
3818,4,adjacent_difference,3814,3813
3819,4,adjacent_difference,3815,3814
3820,4,adjacent_difference,3816,3815
3821,4,adjacent_difference,3817,3816
3822,4,adjacent_difference,3818,3817
3823,4,adjacent_difference,3819,3818
3824,4,adjacent_difference,3820,3819
3825,4,adjacent_difference,3821,3820
3826,4,adjacent_difference,3822,3821
3827,4,adjacent_difference,3823,3822
3828,4,adjacent_difference,3824,3823
3829,4,adjacent_difference,3825,3824
3830,4,adjacent_difference,3826,3825
3831,4,adjacent_difference,3827,3826
3832,4,adjacent_difference,3828,3827
3833,4,adjacent_difference,3829,3828
3834,4,adjacent_difference,3830,3829
3835,4,adjacent_difference,3831,3830
3836,4,adjacent_difference,3832,3831
3837,4,adjacent_difference,3833,3832
3838,4,adjacent_difference,3834,3833
3839,4,adjacent_difference,3835,3834
3840,4,adjacent_difference,3836,3835
3841,4,adjacent_difference,3837,3836
3842,4,adjacent_difference,3838,3837
3843,4,adjacent_difference,3839,3838
3844,4,adjacent_difference,3840,3839
3845,4,adjacent_difference,3841,3840
3846,4,adjacent_difference,3842,3841
3847,4,adjacent_difference,3843,3842
3848,4,adjacent_difference,3844,3843
3849,4,adjacent_difference,3845,3844
3850,4,adjacent_difference,3846,3845
3851,4,adjacent_difference,3847,3846
3852,4,adjacent_difference,3848,3847
3853,4,adjacent_difference,3849,3848
3854,4,adjacent_difference,3850,3849
3855,4,adjacent_difference,3851,3850
3856,4,adjacent_difference,3852,3851
3857,4,adjacent_difference,3853,3852
3858,4,adjacent_difference,3854,3853
3859,4,adjacent_difference,3855,3854
3860,4,adjacent_difference,3856,3855
3861,4,adjacent_difference,3857,3856
3862,4,adjacent_difference,3858,3857
3863,4,adjacent_difference,3859,3858
3864,4,adjacent_difference,3860,3859
3865,4,adjacent_difference,3861,3860
3866,4,adjacent_difference,3862,3861
3867,4,adjacent_difference,3863,3862
3868,4,adjacent_difference,3864,3863
3869,4,adjacent_difference,3865,3864
3870,4,adjacent_difference,3866,3865
3871,4,adjacent_difference,3867,3866
3872,4,adjacent_difference,3868,3867
3873,4,adjacent_difference,3869,3868
3874,4,adjacent_difference,3870,3869
3875,4,adjacent_difference,3871,3870
3876,4,adjacent_difference,3872,3871
3877,4,adjacent_difference,3873,3872
3878,4,adjacent_difference,3874,3873
3879,4,adjacent_difference,3875,3874
3880,4,adjacent_difference,3876,3875
3881,4,adjacent_difference,3877,3876
3882,4,adjacent_difference,3878,3877
3883,4,adjacent_difference,3879,3878
3884,4,adjacent_difference,3880,3879
3885,4,adjacent_difference,3881,3880
3886,4,adjacent_difference,3882,3881
3887,4,adjacent_difference,3883,3882
3888,4,adjacent_difference,3884,3883
3889,4,adjacent_difference,3885,3884
3890,4,adjacent_difference,3886,3885
3891,4,adjacent_difference,3887,3886
3892,4,adjacent_difference,3888,3887
3893,4,adjacent_difference,3889,3888
3894,4,adjacent_difference,3890,3889
3895,4,adjacent_difference,3891,3890
3896,4,adjacent_difference,3892,3891
3897,4,adjacent_difference,3893,3892
3898,4,adjacent_difference,3894,3893
3899,4,adjacent_difference,3895,3894
3900,4,adjacent_difference,3896,3895
3901,4,adjacent_difference,3897,3896
3902,4,adjacent_difference,3898,3897
3903,4,adjacent_difference,3899,3898
3904,4,adjacent_difference,3900,3899
3905,4,adjacent_difference,3901,3900
3906,4,adjacent_difference,3902,3901
3907,4,adjacent_difference,3903,3902
3908,4,adjacent_difference,3904,3903
3909,4,adjacent_difference,3905,3904
3910,4,adjacent_difference,3906,3905
3911,4,adjacent_difference,3907,3906
3912,4,adjacent_difference,3908,3907
3913,4,adjacent_difference,3909,3908
3914,4,adjacent_difference,3910,3909
3915,4,adjacent_difference,3911,3910
3916,4,adjacent_difference,3912,3911
3917,4,adjacent_difference,3913,3912
3918,4,adjacent_difference,3914,3913
3919,4,adjacent_difference,3915,3914
3920,4,adjacent_difference,3916,3915
3921,4,adjacent_difference,3917,3916
3922,4,adjacent_difference,3918,3917
3923,4,adjacent_difference,3919,3918
3924,4,adjacent_difference,3920,3919
3925,4,adjacent_difference,3921,3920
3926,4,adjacent_difference,3922,3921
3927,4,adjacent_difference,3923,3922
3928,4,adjacent_difference,3924,3923
3929,4,adjacent_difference,3925,3924
3930,4,adjacent_difference,3926,3925
3931,4,adjacent_difference,3927,3926
3932,4,adjacent_difference,3928,3927
3933,4,adjacent_difference,3929,3928
3934,4,adjacent_difference,3930,3929
3935,4,adjacent_difference,3931,3930
3936,4,adjacent_difference,3932,3931
3937,4,adjacent_difference,3933,3932
3938,4,adjacent_difference,3934,3933
3939,4,adjacent_difference,3935,3934
3940,4,adjacent_difference,3936,3935
3941,4,adjacent_difference,3937,3936
3942,4,adjacent_difference,3938,3937
3943,4,adjacent_difference,3939,3938
3944,4,adjacent_difference,3940,3939
3945,4,adjacent_difference,3941,3940
3946,4,adjacent_difference,3942,3941
3947,4,adjacent_difference,3943,3942
3948,4,adjacent_difference,3944,3943
3949,4,adjacent_difference,3945,3944
3950,4,adjacent_difference,3946,3945
3951,4,adjacent_difference,3947,3946
3952,4,adjacent_difference,3948,3947
3953,4,adjacent_difference,3949,3948
3954,4,adjacent_difference,3950,3949
3955,4,adjacent_difference,3951,3950
3956,4,adjacent_difference,3952,3951
3957,4,adjacent_difference,3953,3952
3958,4,adjacent_difference,3954,3953
3959,4,adjacent_difference,3955,3954
3960,4,adjacent_difference,3956,3955
3961,4,adjacent_difference,3957,3956
3962,4,adjacent_difference,3958,3957
3963,4,adjacent_difference,3959,3958
3964,4,adjacent_difference,3960,3959
3965,4,adjacent_difference,3961,3960
3966,4,adjacent_difference,3962,3961
3967,4,adjacent_difference,3963,3962
3968,4,adjacent_difference,3964,3963
3969,4,adjacent_difference,3965,3964
3970,4,adjacent_difference,3966,3965
3971,4,adjacent_difference,3967,3966
3972,4,adjacent_difference,3968,3967
3973,4,adjacent_difference,3969,3968
3974,4,adjacent_difference,3970,3969
3975,4,adjacent_difference,3971,3970
3976,4,adjacent_difference,3972,3971
3977,4,adjacent_difference,3973,3972
3978,4,adjacent_difference,3974,3973
3979,4,adjacent_difference,3975,3974
3980,4,adjacent_difference,3976,3975
3981,4,adjacent_difference,3977,3976
3982,4,adjacent_difference,3978,3977
3983,4,adjacent_difference,3979,3978
3984,4,adjacent_difference,3980,3979
3985,4,adjacent_difference,3981,3980
3986,4,adjacent_difference,3982,3981
3987,4,adjacent_difference,3983,3982
3988,4,adjacent_difference,3984,3983
3989,4,adjacent_difference,3985,3984
3990,4,adjacent_difference,3986,3985
3991,4,adjacent_difference,3987,3986
3992,4,adjacent_difference,3988,3987
3993,4,adjacent_difference,3989,3988
3994,4,adjacent_difference,3990,3989
3995,4,adjacent_difference,3991,3990
3996,4,adjacent_difference,3992,3991
3997,4,adjacent_difference,3993,3992
3998,4,adjacent_difference,3994,3993
3999,4,adjacent_difference,3995,3994
4000,4,adjacent_difference,3996,3995
4001,4,adjacent_difference,3997,3996
4002,4,adjacent_difference,3998,3997
4003,4,adjacent_difference,3999,3998
4004,4,adjacent_difference,4000,3999
4005,4,adjacent_difference,4001,4000
4006,4,adjacent_difference,4002,4001
4007,4,adjacent_difference,4003,4002
4008,4,adjacent_difference,4004,4003
4009,4,adjacent_difference,4005,4004
4010,4,adjacent_difference,4006,4005
4011,4,adjacent_difference,4007,4006
4012,4,adjacent_difference,4008,4007
4013,4,adjacent_difference,4009,4008
4014,4,adjacent_difference,4010,4009
4015,4,adjacent_difference,4011,4010
4016,4,adjacent_difference,4012,4011
4017,4,adjacent_difference,4013,4012
4018,4,adjacent_difference,4014,4013
4019,4,adjacent_difference,4015,4014
4020,4,adjacent_difference,4016,4015
4021,4,adjacent_difference,4017,4016
4022,4,adjacent_difference,4018,4017
4023,4,adjacent_difference,4019,4018
4024,4,adjacent_difference,4020,4019
4025,4,adjacent_difference,4021,4020
4026,4,adjacent_difference,4022,4021
4027,4,adjacent_difference,4023,4022
4028,4,adjacent_difference,4024,4023
4029,4,adjacent_difference,4025,4024
4030,4,adjacent_difference,4026,4025
4031,4,adjacent_difference,4027,4026
4032,4,adjacent_difference,4028,4027
4033,4,adjacent_difference,4029,4028
4034,4,adjacent_difference,4030,4029
4035,4,adjacent_difference,4031,4030
4036,4,adjacent_difference,4032,4031
4037,4,adjacent_difference,4033,4032
4038,4,adjacent_difference,4034,4033
4039,4,adjacent_difference,4035,4034
4040,4,adjacent_difference,4036,4035
4041,4,adjacent_difference,4037,4036
4042,4,adjacent_difference,4038,4037
4043,4,adjacent_difference,4039,4038
4044,4,adjacent_difference,4040,4039
4045,4,adjacent_difference,4041,4040
4046,4,adjacent_difference,4042,4041
4047,4,adjacent_difference,4043,4042
4048,4,adjacent_difference,4044,4043
4049,4,adjacent_difference,4045,4044
4050,4,adjacent_difference,4046,4045
4051,4,adjacent_difference,4047,4046
4052,4,adjacent_difference,4048,4047
4053,4,adjacent_difference,4049,4048
4054,4,adjacent_difference,4050,4049
4055,4,adjacent_difference,4051,4050
4056,4,adjacent_difference,4052,4051
4057,4,adjacent_difference,4053,4052
4058,4,adjacent_difference,4054,4053
4059,4,adjacent_difference,4055,4054
4060,4,adjacent_difference,4056,4055
4061,4,adjacent_difference,4057,4056
4062,4,adjacent_difference,4058,4057
4063,4,adjacent_difference,4059,4058
4064,4,adjacent_difference,4060,4059
4065,4,adjacent_difference,4061,4060
4066,4,adjacent_difference,4062,4061
4067,4,adjacent_difference,4063,4062
4068,4,adjacent_difference,4064,4063
4069,4,adjacent_difference,4065,4064
4070,4,adjacent_difference,4066,4065
4071,4,adjacent_difference,4067,4066
4072,4,adjacent_difference,4068,4067
4073,4,adjacent_difference,4069,4068
4074,4,adjacent_difference,4070,4069
4075,4,adjacent_difference,4071,4070
4076,4,adjacent_difference,4072,4071
4077,4,adjacent_difference,4073,4072
4078,4,adjacent_difference,4074,4073
4079,4,adjacent_difference,4075,4074
4080,4,adjacent_difference,4076,4075
4081,4,adjacent_difference,4077,4076
4082,4,adjacent_difference,4078,4077
4083,4,adjacent_difference,4079,4078
4084,4,adjacent_difference,4080,4079
4085,4,adjacent_difference,4081,4080
4086,4,adjacent_difference,4082,4081
4087,4,adjacent_difference,4083,4082
4088,4,adjacent_difference,4084,4083
4089,4,adjacent_difference,4085,4084
4090,4,adjacent_difference,4086,4085
4091,4,adjacent_difference,4087,4086
4092,4,adjacent_difference,4088,4087
4093,4,adjacent_difference,4089,4088
4094,4,adjacent_difference,4090,4089
4095,4,adjacent_difference,4091,4090
4096,4,adjacent_difference,4092,4091
4097,4,adjacent_difference,4093,4092
4098,4,adjacent_difference,4094,4093
4099,4,adjacent_difference,4095,4094
4100,4,adjacent_difference,4096,4095
4101,4,adjacent_difference,4097,4096
4102,4,adjacent_difference,4098,4097
4103,4,adjacent_difference,4099,4098
4104,4,adjacent_difference,4100,4099
4105,4,adjacent_difference,4101,4100
4106,4,adjacent_difference,4102,4101
4107,4,adjacent_difference,4103,4102
4108,4,adjacent_difference,4104,4103
4109,4,adjacent_difference,4105,4104
4110,4,adjacent_difference,4106,4105
4111,4,adjacent_difference,4107,4106
4112,4,adjacent_difference,4108,4107
4113,4,adjacent_difference,4109,4108
4114,4,adjacent_difference,4110,4109
4115,4,adjacent_difference,4111,4110
4116,4,adjacent_difference,4112,4111
4117,4,adjacent_difference,4113,4112
4118,4,adjacent_difference,4114,4113
4119,4,adjacent_difference,4115,4114
4120,4,adjacent_difference,4116,4115
4121,4,adjacent_difference,4117,4116
4122,4,adjacent_difference,4118,4117
4123,4,adjacent_difference,4119,4118
4124,4,adjacent_difference,4120,4119
4125,4,adjacent_difference,4121,4120
4126,4,adjacent_difference,4122,4121
4127,4,adjacent_difference,4123,4122
4128,4,adjacent_difference,4124,4123
4129,4,adjacent_difference,4125,4124
4130,4,adjacent_difference,4126,4125
4131,4,adjacent_difference,4127,4126
4132,4,adjacent_difference,4128,4127
4133,4,adjacent_difference,4129,4128
4134,4,adjacent_difference,4130,4129
4135,4,adjacent_difference,4131,4130
4136,4,adjacent_difference,4132,4131
4137,4,adjacent_difference,4133,4132
4138,4,adjacent_difference,4134,4133
4139,4,adjacent_difference,4135,4134
4140,4,adjacent_difference,4136,4135
4141,4,adjacent_difference,4137,4136
4142,4,adjacent_difference,4138,4137
4143,4,adjacent_difference,4139,4138
4144,4,adjacent_difference,4140,4139
4145,4,adjacent_difference,4141,4140
4146,4,adjacent_difference,4142,4141
4147,4,adjacent_difference,4143,4142
4148,4,adjacent_difference,4144,4143
4149,4,adjacent_difference,4145,4144
4150,4,adjacent_difference,4146,4145
4151,4,adjacent_difference,4147,4146
4152,4,adjacent_difference,4148,4147
4153,4,adjacent_difference,4149,4148
4154,4,adjacent_difference,4150,4149
4155,4,adjacent_difference,4151,4150
4156,4,adjacent_difference,4152,4151
4157,4,adjacent_difference,4153,4152
4158,4,adjacent_difference,4154,4153
4159,4,adjacent_difference,4155,4154
4160,4,adjacent_difference,4156,4155
4161,4,adjacent_difference,4157,4156
4162,4,adjacent_difference,4158,4157
4163,4,adjacent_difference,4159,4158
4164,4,adjacent_difference,4160,4159
4165,4,adjacent_difference,4161,4160
4166,4,adjacent_difference,4162,4161
4167,4,adjacent_difference,4163,4162
4168,4,adjacent_difference,4164,4163
4169,4,adjacent_difference,4165,4164
4170,4,adjacent_difference,4166,4165
4171,4,adjacent_difference,4167,4166
4172,4,adjacent_difference,4168,4167
4173,4,adjacent_difference,4169,4168
4174,4,adjacent_difference,4170,4169
4175,4,adjacent_difference,4171,4170
4176,4,adjacent_difference,4172,4171
4177,4,adjacent_difference,4173,4172
4178,4,adjacent_difference,4174,4173
4179,4,adjacent_difference,4175,4174
4180,4,adjacent_difference,4176,4175
4181,4,adjacent_difference,4177,4176
4182,4,adjacent_difference,4178,4177
4183,4,adjacent_difference,4179,4178
4184,4,adjacent_difference,4180,4179
4185,4,adjacent_difference,4181,4180
4186,4,adjacent_difference,4182,4181
4187,4,adjacent_difference,4183,4182
4188,4,adjacent_difference,4184,4183
4189,4,adjacent_difference,4185,4184
4190,4,adjacent_difference,4186,4185
4191,4,adjacent_difference,4187,4186
4192,4,adjacent_difference,4188,4187
4193,4,adjacent_difference,4189,4188
4194,4,adjacent_difference,4190,4189
4195,4,adjacent_difference,4191,4190
4196,4,adjacent_difference,4192,4191
4197,4,adjacent_difference,4193,4192
4198,4,adjacent_difference,4194,4193
4199,4,adjacent_difference,4195,4194
4200,4,adjacent_difference,4196,4195
4201,4,adjacent_difference,4197,4196
4202,4,adjacent_difference,4198,4197
4203,4,adjacent_difference,4199,4198
4204,4,adjacent_difference,4200,4199
4205,4,adjacent_difference,4201,4200
4206,4,adjacent_difference,4202,4201
4207,4,adjacent_difference,4203,4202
4208,4,adjacent_difference,4204,4203
4209,4,adjacent_difference,4205,4204
4210,4,adjacent_difference,4206,4205
4211,4,adjacent_difference,4207,4206
4212,4,adjacent_difference,4208,4207
4213,4,adjacent_difference,4209,4208
4214,4,adjacent_difference,4210,4209
4215,4,adjacent_difference,4211,4210
4216,4,adjacent_difference,4212,4211
4217,4,adjacent_difference,4213,4212
4218,4,adjacent_difference,4214,4213
4219,4,adjacent_difference,4215,4214
4220,4,adjacent_difference,4216,4215
4221,4,adjacent_difference,4217,4216
4222,4,adjacent_difference,4218,4217
4223,4,adjacent_difference,4219,4218
4224,4,adjacent_difference,4220,4219
4225,4,adjacent_difference,4221,4220
4226,4,adjacent_difference,4222,4221
4227,4,adjacent_difference,4223,4222
4228,4,adjacent_difference,4224,4223
4229,4,terminal_inverse,-1,4224
4230,5,absolute_start,4225,-1
4231,5,adjacent_difference,4226,4225
4232,5,adjacent_difference,4227,4226
4233,5,adjacent_difference,4228,4227
4234,5,adjacent_difference,4229,4228
4235,5,adjacent_difference,4230,4229
4236,5,adjacent_difference,4231,4230
4237,5,adjacent_difference,4232,4231
4238,5,adjacent_difference,4233,4232
4239,5,adjacent_difference,4234,4233
4240,5,adjacent_difference,4235,4234
4241,5,adjacent_difference,4236,4235
4242,5,adjacent_difference,4237,4236
4243,5,adjacent_difference,4238,4237
4244,5,adjacent_difference,4239,4238
4245,5,adjacent_difference,4240,4239
4246,5,adjacent_difference,4241,4240
4247,5,adjacent_difference,4242,4241
4248,5,adjacent_difference,4243,4242
4249,5,adjacent_difference,4244,4243
4250,5,adjacent_difference,4245,4244
4251,5,adjacent_difference,4246,4245
4252,5,adjacent_difference,4247,4246
4253,5,adjacent_difference,4248,4247
4254,5,adjacent_difference,4249,4248
4255,5,adjacent_difference,4250,4249
4256,5,adjacent_difference,4251,4250
4257,5,adjacent_difference,4252,4251
4258,5,adjacent_difference,4253,4252
4259,5,adjacent_difference,4254,4253
4260,5,adjacent_difference,4255,4254
4261,5,adjacent_difference,4256,4255
4262,5,adjacent_difference,4257,4256
4263,5,adjacent_difference,4258,4257
4264,5,adjacent_difference,4259,4258
4265,5,adjacent_difference,4260,4259
4266,5,adjacent_difference,4261,4260
4267,5,adjacent_difference,4262,4261
4268,5,adjacent_difference,4263,4262
4269,5,adjacent_difference,4264,4263
4270,5,adjacent_difference,4265,4264
4271,5,adjacent_difference,4266,4265
4272,5,adjacent_difference,4267,4266
4273,5,adjacent_difference,4268,4267
4274,5,adjacent_difference,4269,4268
4275,5,adjacent_difference,4270,4269
4276,5,adjacent_difference,4271,4270
4277,5,adjacent_difference,4272,4271
4278,5,adjacent_difference,4273,4272
4279,5,adjacent_difference,4274,4273
4280,5,adjacent_difference,4275,4274
4281,5,adjacent_difference,4276,4275
4282,5,adjacent_difference,4277,4276
4283,5,adjacent_difference,4278,4277
4284,5,adjacent_difference,4279,4278
4285,5,adjacent_difference,4280,4279
4286,5,adjacent_difference,4281,4280
4287,5,adjacent_difference,4282,4281
4288,5,adjacent_difference,4283,4282
4289,5,adjacent_difference,4284,4283
4290,5,adjacent_difference,4285,4284
4291,5,adjacent_difference,4286,4285
4292,5,adjacent_difference,4287,4286
4293,5,adjacent_difference,4288,4287
4294,5,adjacent_difference,4289,4288
4295,5,adjacent_difference,4290,4289
4296,5,adjacent_difference,4291,4290
4297,5,adjacent_difference,4292,4291
4298,5,adjacent_difference,4293,4292
4299,5,adjacent_difference,4294,4293
4300,5,adjacent_difference,4295,4294
4301,5,adjacent_difference,4296,4295
4302,5,adjacent_difference,4297,4296
4303,5,adjacent_difference,4298,4297
4304,5,adjacent_difference,4299,4298
4305,5,adjacent_difference,4300,4299
4306,5,adjacent_difference,4301,4300
4307,5,adjacent_difference,4302,4301
4308,5,adjacent_difference,4303,4302
4309,5,adjacent_difference,4304,4303
4310,5,adjacent_difference,4305,4304
4311,5,adjacent_difference,4306,4305
4312,5,adjacent_difference,4307,4306
4313,5,adjacent_difference,4308,4307
4314,5,adjacent_difference,4309,4308
4315,5,adjacent_difference,4310,4309
4316,5,adjacent_difference,4311,4310
4317,5,adjacent_difference,4312,4311
4318,5,adjacent_difference,4313,4312
4319,5,adjacent_difference,4314,4313
4320,5,adjacent_difference,4315,4314
4321,5,adjacent_difference,4316,4315
4322,5,adjacent_difference,4317,4316
4323,5,adjacent_difference,4318,4317
4324,5,adjacent_difference,4319,4318
4325,5,adjacent_difference,4320,4319
4326,5,adjacent_difference,4321,4320
4327,5,adjacent_difference,4322,4321
4328,5,adjacent_difference,4323,4322
4329,5,adjacent_difference,4324,4323
4330,5,adjacent_difference,4325,4324
4331,5,adjacent_difference,4326,4325
4332,5,adjacent_difference,4327,4326
4333,5,adjacent_difference,4328,4327
4334,5,adjacent_difference,4329,4328
4335,5,adjacent_difference,4330,4329
4336,5,adjacent_difference,4331,4330
4337,5,adjacent_difference,4332,4331
4338,5,adjacent_difference,4333,4332
4339,5,adjacent_difference,4334,4333
4340,5,adjacent_difference,4335,4334
4341,5,adjacent_difference,4336,4335
4342,5,adjacent_difference,4337,4336
4343,5,adjacent_difference,4338,4337
4344,5,adjacent_difference,4339,4338
4345,5,adjacent_difference,4340,4339
4346,5,adjacent_difference,4341,4340
4347,5,adjacent_difference,4342,4341
4348,5,adjacent_difference,4343,4342
4349,5,adjacent_difference,4344,4343
4350,5,adjacent_difference,4345,4344
4351,5,adjacent_difference,4346,4345
4352,5,adjacent_difference,4347,4346
4353,5,adjacent_difference,4348,4347
4354,5,adjacent_difference,4349,4348
4355,5,adjacent_difference,4350,4349
4356,5,adjacent_difference,4351,4350
4357,5,adjacent_difference,4352,4351
4358,5,adjacent_difference,4353,4352
4359,5,adjacent_difference,4354,4353
4360,5,adjacent_difference,4355,4354
4361,5,adjacent_difference,4356,4355
4362,5,adjacent_difference,4357,4356
4363,5,adjacent_difference,4358,4357
4364,5,adjacent_difference,4359,4358
4365,5,adjacent_difference,4360,4359
4366,5,adjacent_difference,4361,4360
4367,5,adjacent_difference,4362,4361
4368,5,adjacent_difference,4363,4362
4369,5,adjacent_difference,4364,4363
4370,5,adjacent_difference,4365,4364
4371,5,adjacent_difference,4366,4365
4372,5,adjacent_difference,4367,4366
4373,5,adjacent_difference,4368,4367
4374,5,adjacent_difference,4369,4368
4375,5,adjacent_difference,4370,4369
4376,5,adjacent_difference,4371,4370
4377,5,adjacent_difference,4372,4371
4378,5,adjacent_difference,4373,4372
4379,5,adjacent_difference,4374,4373
4380,5,adjacent_difference,4375,4374
4381,5,adjacent_difference,4376,4375
4382,5,adjacent_difference,4377,4376
4383,5,adjacent_difference,4378,4377
4384,5,adjacent_difference,4379,4378
4385,5,adjacent_difference,4380,4379
4386,5,adjacent_difference,4381,4380
4387,5,adjacent_difference,4382,4381
4388,5,adjacent_difference,4383,4382
4389,5,adjacent_difference,4384,4383
4390,5,adjacent_difference,4385,4384
4391,5,adjacent_difference,4386,4385
4392,5,adjacent_difference,4387,4386
4393,5,adjacent_difference,4388,4387
4394,5,adjacent_difference,4389,4388
4395,5,adjacent_difference,4390,4389
4396,5,adjacent_difference,4391,4390
4397,5,adjacent_difference,4392,4391
4398,5,adjacent_difference,4393,4392
4399,5,adjacent_difference,4394,4393
4400,5,adjacent_difference,4395,4394
4401,5,adjacent_difference,4396,4395
4402,5,adjacent_difference,4397,4396
4403,5,adjacent_difference,4398,4397
4404,5,adjacent_difference,4399,4398
4405,5,adjacent_difference,4400,4399
4406,5,adjacent_difference,4401,4400
4407,5,adjacent_difference,4402,4401
4408,5,adjacent_difference,4403,4402
4409,5,adjacent_difference,4404,4403
4410,5,adjacent_difference,4405,4404
4411,5,adjacent_difference,4406,4405
4412,5,adjacent_difference,4407,4406
4413,5,adjacent_difference,4408,4407
4414,5,adjacent_difference,4409,4408
4415,5,adjacent_difference,4410,4409
4416,5,adjacent_difference,4411,4410
4417,5,adjacent_difference,4412,4411
4418,5,adjacent_difference,4413,4412
4419,5,adjacent_difference,4414,4413
4420,5,adjacent_difference,4415,4414
4421,5,adjacent_difference,4416,4415
4422,5,adjacent_difference,4417,4416
4423,5,adjacent_difference,4418,4417
4424,5,adjacent_difference,4419,4418
4425,5,adjacent_difference,4420,4419
4426,5,adjacent_difference,4421,4420
4427,5,adjacent_difference,4422,4421
4428,5,adjacent_difference,4423,4422
4429,5,adjacent_difference,4424,4423
4430,5,adjacent_difference,4425,4424
4431,5,adjacent_difference,4426,4425
4432,5,adjacent_difference,4427,4426
4433,5,adjacent_difference,4428,4427
4434,5,adjacent_difference,4429,4428
4435,5,adjacent_difference,4430,4429
4436,5,adjacent_difference,4431,4430
4437,5,adjacent_difference,4432,4431
4438,5,adjacent_difference,4433,4432
4439,5,adjacent_difference,4434,4433
4440,5,adjacent_difference,4435,4434
4441,5,adjacent_difference,4436,4435
4442,5,adjacent_difference,4437,4436
4443,5,adjacent_difference,4438,4437
4444,5,adjacent_difference,4439,4438
4445,5,adjacent_difference,4440,4439
4446,5,adjacent_difference,4441,4440
4447,5,adjacent_difference,4442,4441
4448,5,adjacent_difference,4443,4442
4449,5,adjacent_difference,4444,4443
4450,5,adjacent_difference,4445,4444
4451,5,adjacent_difference,4446,4445
4452,5,adjacent_difference,4447,4446
4453,5,adjacent_difference,4448,4447
4454,5,adjacent_difference,4449,4448
4455,5,adjacent_difference,4450,4449
4456,5,adjacent_difference,4451,4450
4457,5,adjacent_difference,4452,4451
4458,5,adjacent_difference,4453,4452
4459,5,adjacent_difference,4454,4453
4460,5,adjacent_difference,4455,4454
4461,5,adjacent_difference,4456,4455
4462,5,adjacent_difference,4457,4456
4463,5,adjacent_difference,4458,4457
4464,5,adjacent_difference,4459,4458
4465,5,adjacent_difference,4460,4459
4466,5,adjacent_difference,4461,4460
4467,5,adjacent_difference,4462,4461
4468,5,adjacent_difference,4463,4462
4469,5,adjacent_difference,4464,4463
4470,5,adjacent_difference,4465,4464
4471,5,adjacent_difference,4466,4465
4472,5,adjacent_difference,4467,4466
4473,5,adjacent_difference,4468,4467
4474,5,adjacent_difference,4469,4468
4475,5,adjacent_difference,4470,4469
4476,5,adjacent_difference,4471,4470
4477,5,adjacent_difference,4472,4471
4478,5,adjacent_difference,4473,4472
4479,5,adjacent_difference,4474,4473
4480,5,adjacent_difference,4475,4474
4481,5,adjacent_difference,4476,4475
4482,5,adjacent_difference,4477,4476
4483,5,adjacent_difference,4478,4477
4484,5,adjacent_difference,4479,4478
4485,5,adjacent_difference,4480,4479
4486,5,adjacent_difference,4481,4480
4487,5,adjacent_difference,4482,4481
4488,5,adjacent_difference,4483,4482
4489,5,adjacent_difference,4484,4483
4490,5,adjacent_difference,4485,4484
4491,5,adjacent_difference,4486,4485
4492,5,adjacent_difference,4487,4486
4493,5,adjacent_difference,4488,4487
4494,5,adjacent_difference,4489,4488
4495,5,adjacent_difference,4490,4489
4496,5,adjacent_difference,4491,4490
4497,5,adjacent_difference,4492,4491
4498,5,adjacent_difference,4493,4492
4499,5,adjacent_difference,4494,4493
4500,5,adjacent_difference,4495,4494
4501,5,adjacent_difference,4496,4495
4502,5,adjacent_difference,4497,4496
4503,5,adjacent_difference,4498,4497
4504,5,adjacent_difference,4499,4498
4505,5,adjacent_difference,4500,4499
4506,5,adjacent_difference,4501,4500
4507,5,adjacent_difference,4502,4501
4508,5,adjacent_difference,4503,4502
4509,5,adjacent_difference,4504,4503
4510,5,adjacent_difference,4505,4504
4511,5,adjacent_difference,4506,4505
4512,5,adjacent_difference,4507,4506
4513,5,adjacent_difference,4508,4507
4514,5,adjacent_difference,4509,4508
4515,5,adjacent_difference,4510,4509
4516,5,adjacent_difference,4511,4510
4517,5,adjacent_difference,4512,4511
4518,5,adjacent_difference,4513,4512
4519,5,adjacent_difference,4514,4513
4520,5,adjacent_difference,4515,4514
4521,5,adjacent_difference,4516,4515
4522,5,adjacent_difference,4517,4516
4523,5,adjacent_difference,4518,4517
4524,5,adjacent_difference,4519,4518
4525,5,adjacent_difference,4520,4519
4526,5,adjacent_difference,4521,4520
4527,5,adjacent_difference,4522,4521
4528,5,adjacent_difference,4523,4522
4529,5,adjacent_difference,4524,4523
4530,5,adjacent_difference,4525,4524
4531,5,adjacent_difference,4526,4525
4532,5,adjacent_difference,4527,4526
4533,5,adjacent_difference,4528,4527
4534,5,adjacent_difference,4529,4528
4535,5,adjacent_difference,4530,4529
4536,5,adjacent_difference,4531,4530
4537,5,adjacent_difference,4532,4531
4538,5,adjacent_difference,4533,4532
4539,5,adjacent_difference,4534,4533
4540,5,adjacent_difference,4535,4534
4541,5,adjacent_difference,4536,4535
4542,5,adjacent_difference,4537,4536
4543,5,adjacent_difference,4538,4537
4544,5,adjacent_difference,4539,4538
4545,5,adjacent_difference,4540,4539
4546,5,adjacent_difference,4541,4540
4547,5,adjacent_difference,4542,4541
4548,5,adjacent_difference,4543,4542
4549,5,adjacent_difference,4544,4543
4550,5,adjacent_difference,4545,4544
4551,5,adjacent_difference,4546,4545
4552,5,adjacent_difference,4547,4546
4553,5,adjacent_difference,4548,4547
4554,5,adjacent_difference,4549,4548
4555,5,adjacent_difference,4550,4549
4556,5,adjacent_difference,4551,4550
4557,5,adjacent_difference,4552,4551
4558,5,adjacent_difference,4553,4552
4559,5,adjacent_difference,4554,4553
4560,5,adjacent_difference,4555,4554
4561,5,adjacent_difference,4556,4555
4562,5,adjacent_difference,4557,4556
4563,5,adjacent_difference,4558,4557
4564,5,adjacent_difference,4559,4558
4565,5,adjacent_difference,4560,4559
4566,5,adjacent_difference,4561,4560
4567,5,adjacent_difference,4562,4561
4568,5,adjacent_difference,4563,4562
4569,5,adjacent_difference,4564,4563
4570,5,adjacent_difference,4565,4564
4571,5,adjacent_difference,4566,4565
4572,5,adjacent_difference,4567,4566
4573,5,adjacent_difference,4568,4567
4574,5,adjacent_difference,4569,4568
4575,5,adjacent_difference,4570,4569
4576,5,adjacent_difference,4571,4570
4577,5,adjacent_difference,4572,4571
4578,5,adjacent_difference,4573,4572
4579,5,adjacent_difference,4574,4573
4580,5,adjacent_difference,4575,4574
4581,5,adjacent_difference,4576,4575
4582,5,adjacent_difference,4577,4576
4583,5,adjacent_difference,4578,4577
4584,5,adjacent_difference,4579,4578
4585,5,adjacent_difference,4580,4579
4586,5,adjacent_difference,4581,4580
4587,5,adjacent_difference,4582,4581
4588,5,adjacent_difference,4583,4582
4589,5,adjacent_difference,4584,4583
4590,5,adjacent_difference,4585,4584
4591,5,adjacent_difference,4586,4585
4592,5,adjacent_difference,4587,4586
4593,5,adjacent_difference,4588,4587
4594,5,adjacent_difference,4589,4588
4595,5,adjacent_difference,4590,4589
4596,5,adjacent_difference,4591,4590
4597,5,adjacent_difference,4592,4591
4598,5,adjacent_difference,4593,4592
4599,5,adjacent_difference,4594,4593
4600,5,adjacent_difference,4595,4594
4601,5,adjacent_difference,4596,4595
4602,5,adjacent_difference,4597,4596
4603,5,adjacent_difference,4598,4597
4604,5,adjacent_difference,4599,4598
4605,5,adjacent_difference,4600,4599
4606,5,adjacent_difference,4601,4600
4607,5,adjacent_difference,4602,4601
4608,5,adjacent_difference,4603,4602
4609,5,adjacent_difference,4604,4603
4610,5,adjacent_difference,4605,4604
4611,5,adjacent_difference,4606,4605
4612,5,adjacent_difference,4607,4606
4613,5,adjacent_difference,4608,4607
4614,5,adjacent_difference,4609,4608
4615,5,adjacent_difference,4610,4609
4616,5,adjacent_difference,4611,4610
4617,5,adjacent_difference,4612,4611
4618,5,adjacent_difference,4613,4612
4619,5,adjacent_difference,4614,4613
4620,5,adjacent_difference,4615,4614
4621,5,adjacent_difference,4616,4615
4622,5,adjacent_difference,4617,4616
4623,5,adjacent_difference,4618,4617
4624,5,adjacent_difference,4619,4618
4625,5,adjacent_difference,4620,4619
4626,5,adjacent_difference,4621,4620
4627,5,adjacent_difference,4622,4621
4628,5,adjacent_difference,4623,4622
4629,5,adjacent_difference,4624,4623
4630,5,adjacent_difference,4625,4624
4631,5,adjacent_difference,4626,4625
4632,5,adjacent_difference,4627,4626
4633,5,adjacent_difference,4628,4627
4634,5,adjacent_difference,4629,4628
4635,5,adjacent_difference,4630,4629
4636,5,adjacent_difference,4631,4630
4637,5,adjacent_difference,4632,4631
4638,5,adjacent_difference,4633,4632
4639,5,adjacent_difference,4634,4633
4640,5,adjacent_difference,4635,4634
4641,5,adjacent_difference,4636,4635
4642,5,adjacent_difference,4637,4636
4643,5,adjacent_difference,4638,4637
4644,5,adjacent_difference,4639,4638
4645,5,adjacent_difference,4640,4639
4646,5,adjacent_difference,4641,4640
4647,5,adjacent_difference,4642,4641
4648,5,adjacent_difference,4643,4642
4649,5,adjacent_difference,4644,4643
4650,5,adjacent_difference,4645,4644
4651,5,adjacent_difference,4646,4645
4652,5,adjacent_difference,4647,4646
4653,5,adjacent_difference,4648,4647
4654,5,adjacent_difference,4649,4648
4655,5,adjacent_difference,4650,4649
4656,5,adjacent_difference,4651,4650
4657,5,adjacent_difference,4652,4651
4658,5,adjacent_difference,4653,4652
4659,5,adjacent_difference,4654,4653
4660,5,adjacent_difference,4655,4654
4661,5,adjacent_difference,4656,4655
4662,5,adjacent_difference,4657,4656
4663,5,adjacent_difference,4658,4657
4664,5,adjacent_difference,4659,4658
4665,5,adjacent_difference,4660,4659
4666,5,adjacent_difference,4661,4660
4667,5,adjacent_difference,4662,4661
4668,5,adjacent_difference,4663,4662
4669,5,adjacent_difference,4664,4663
4670,5,adjacent_difference,4665,4664
4671,5,adjacent_difference,4666,4665
4672,5,adjacent_difference,4667,4666
4673,5,adjacent_difference,4668,4667
4674,5,adjacent_difference,4669,4668
4675,5,adjacent_difference,4670,4669
4676,5,adjacent_difference,4671,4670
4677,5,adjacent_difference,4672,4671
4678,5,adjacent_difference,4673,4672
4679,5,adjacent_difference,4674,4673
4680,5,adjacent_difference,4675,4674
4681,5,adjacent_difference,4676,4675
4682,5,adjacent_difference,4677,4676
4683,5,adjacent_difference,4678,4677
4684,5,adjacent_difference,4679,4678
4685,5,adjacent_difference,4680,4679
4686,5,adjacent_difference,4681,4680
4687,5,adjacent_difference,4682,4681
4688,5,adjacent_difference,4683,4682
4689,5,adjacent_difference,4684,4683
4690,5,adjacent_difference,4685,4684
4691,5,adjacent_difference,4686,4685
4692,5,adjacent_difference,4687,4686
4693,5,adjacent_difference,4688,4687
4694,5,adjacent_difference,4689,4688
4695,5,adjacent_difference,4690,4689
4696,5,adjacent_difference,4691,4690
4697,5,adjacent_difference,4692,4691
4698,5,adjacent_difference,4693,4692
4699,5,adjacent_difference,4694,4693
4700,5,adjacent_difference,4695,4694
4701,5,adjacent_difference,4696,4695
4702,5,adjacent_difference,4697,4696
4703,5,adjacent_difference,4698,4697
4704,5,adjacent_difference,4699,4698
4705,5,adjacent_difference,4700,4699
4706,5,adjacent_difference,4701,4700
4707,5,adjacent_difference,4702,4701
4708,5,adjacent_difference,4703,4702
4709,5,adjacent_difference,4704,4703
4710,5,adjacent_difference,4705,4704
4711,5,adjacent_difference,4706,4705
4712,5,adjacent_difference,4707,4706
4713,5,adjacent_difference,4708,4707
4714,5,adjacent_difference,4709,4708
4715,5,adjacent_difference,4710,4709
4716,5,adjacent_difference,4711,4710
4717,5,adjacent_difference,4712,4711
4718,5,adjacent_difference,4713,4712
4719,5,adjacent_difference,4714,4713
4720,5,adjacent_difference,4715,4714
4721,5,adjacent_difference,4716,4715
4722,5,adjacent_difference,4717,4716
4723,5,adjacent_difference,4718,4717
4724,5,adjacent_difference,4719,4718
4725,5,adjacent_difference,4720,4719
4726,5,adjacent_difference,4721,4720
4727,5,adjacent_difference,4722,4721
4728,5,adjacent_difference,4723,4722
4729,5,adjacent_difference,4724,4723
4730,5,adjacent_difference,4725,4724
4731,5,adjacent_difference,4726,4725
4732,5,adjacent_difference,4727,4726
4733,5,adjacent_difference,4728,4727
4734,5,adjacent_difference,4729,4728
4735,5,adjacent_difference,4730,4729
4736,5,adjacent_difference,4731,4730
4737,5,adjacent_difference,4732,4731
4738,5,adjacent_difference,4733,4732
4739,5,adjacent_difference,4734,4733
4740,5,adjacent_difference,4735,4734
4741,5,adjacent_difference,4736,4735
4742,5,adjacent_difference,4737,4736
4743,5,adjacent_difference,4738,4737
4744,5,adjacent_difference,4739,4738
4745,5,adjacent_difference,4740,4739
4746,5,adjacent_difference,4741,4740
4747,5,adjacent_difference,4742,4741
4748,5,adjacent_difference,4743,4742
4749,5,adjacent_difference,4744,4743
4750,5,adjacent_difference,4745,4744
4751,5,adjacent_difference,4746,4745
4752,5,adjacent_difference,4747,4746
4753,5,adjacent_difference,4748,4747
4754,5,adjacent_difference,4749,4748
4755,5,adjacent_difference,4750,4749
4756,5,adjacent_difference,4751,4750
4757,5,adjacent_difference,4752,4751
4758,5,adjacent_difference,4753,4752
4759,5,adjacent_difference,4754,4753
4760,5,adjacent_difference,4755,4754
4761,5,adjacent_difference,4756,4755
4762,5,adjacent_difference,4757,4756
4763,5,adjacent_difference,4758,4757
4764,5,adjacent_difference,4759,4758
4765,5,adjacent_difference,4760,4759
4766,5,adjacent_difference,4761,4760
4767,5,adjacent_difference,4762,4761
4768,5,adjacent_difference,4763,4762
4769,5,adjacent_difference,4764,4763
4770,5,adjacent_difference,4765,4764
4771,5,adjacent_difference,4766,4765
4772,5,adjacent_difference,4767,4766
4773,5,adjacent_difference,4768,4767
4774,5,adjacent_difference,4769,4768
4775,5,adjacent_difference,4770,4769
4776,5,adjacent_difference,4771,4770
4777,5,adjacent_difference,4772,4771
4778,5,adjacent_difference,4773,4772
4779,5,adjacent_difference,4774,4773
4780,5,adjacent_difference,4775,4774
4781,5,adjacent_difference,4776,4775
4782,5,adjacent_difference,4777,4776
4783,5,adjacent_difference,4778,4777
4784,5,adjacent_difference,4779,4778
4785,5,adjacent_difference,4780,4779
4786,5,adjacent_difference,4781,4780
4787,5,adjacent_difference,4782,4781
4788,5,adjacent_difference,4783,4782
4789,5,adjacent_difference,4784,4783
4790,5,adjacent_difference,4785,4784
4791,5,adjacent_difference,4786,4785
4792,5,adjacent_difference,4787,4786
4793,5,adjacent_difference,4788,4787
4794,5,adjacent_difference,4789,4788
4795,5,adjacent_difference,4790,4789
4796,5,adjacent_difference,4791,4790
4797,5,adjacent_difference,4792,4791
4798,5,adjacent_difference,4793,4792
4799,5,adjacent_difference,4794,4793
4800,5,adjacent_difference,4795,4794
4801,5,adjacent_difference,4796,4795
4802,5,adjacent_difference,4797,4796
4803,5,adjacent_difference,4798,4797
4804,5,adjacent_difference,4799,4798
4805,5,adjacent_difference,4800,4799
4806,5,adjacent_difference,4801,4800
4807,5,adjacent_difference,4802,4801
4808,5,adjacent_difference,4803,4802
4809,5,adjacent_difference,4804,4803
4810,5,adjacent_difference,4805,4804
4811,5,adjacent_difference,4806,4805
4812,5,adjacent_difference,4807,4806
4813,5,adjacent_difference,4808,4807
4814,5,adjacent_difference,4809,4808
4815,5,adjacent_difference,4810,4809
4816,5,adjacent_difference,4811,4810
4817,5,adjacent_difference,4812,4811
4818,5,adjacent_difference,4813,4812
4819,5,adjacent_difference,4814,4813
4820,5,adjacent_difference,4815,4814
4821,5,adjacent_difference,4816,4815
4822,5,adjacent_difference,4817,4816
4823,5,adjacent_difference,4818,4817
4824,5,adjacent_difference,4819,4818
4825,5,adjacent_difference,4820,4819
4826,5,adjacent_difference,4821,4820
4827,5,adjacent_difference,4822,4821
4828,5,adjacent_difference,4823,4822
4829,5,adjacent_difference,4824,4823
4830,5,adjacent_difference,4825,4824
4831,5,adjacent_difference,4826,4825
4832,5,adjacent_difference,4827,4826
4833,5,adjacent_difference,4828,4827
4834,5,adjacent_difference,4829,4828
4835,5,adjacent_difference,4830,4829
4836,5,adjacent_difference,4831,4830
4837,5,adjacent_difference,4832,4831
4838,5,adjacent_difference,4833,4832
4839,5,adjacent_difference,4834,4833
4840,5,adjacent_difference,4835,4834
4841,5,adjacent_difference,4836,4835
4842,5,adjacent_difference,4837,4836
4843,5,adjacent_difference,4838,4837
4844,5,adjacent_difference,4839,4838
4845,5,adjacent_difference,4840,4839
4846,5,adjacent_difference,4841,4840
4847,5,adjacent_difference,4842,4841
4848,5,adjacent_difference,4843,4842
4849,5,adjacent_difference,4844,4843
4850,5,adjacent_difference,4845,4844
4851,5,adjacent_difference,4846,4845
4852,5,adjacent_difference,4847,4846
4853,5,adjacent_difference,4848,4847
4854,5,adjacent_difference,4849,4848
4855,5,adjacent_difference,4850,4849
4856,5,adjacent_difference,4851,4850
4857,5,adjacent_difference,4852,4851
4858,5,adjacent_difference,4853,4852
4859,5,adjacent_difference,4854,4853
4860,5,adjacent_difference,4855,4854
4861,5,adjacent_difference,4856,4855
4862,5,adjacent_difference,4857,4856
4863,5,adjacent_difference,4858,4857
4864,5,adjacent_difference,4859,4858
4865,5,adjacent_difference,4860,4859
4866,5,adjacent_difference,4861,4860
4867,5,adjacent_difference,4862,4861
4868,5,adjacent_difference,4863,4862
4869,5,adjacent_difference,4864,4863
4870,5,adjacent_difference,4865,4864
4871,5,adjacent_difference,4866,4865
4872,5,adjacent_difference,4867,4866
4873,5,adjacent_difference,4868,4867
4874,5,adjacent_difference,4869,4868
4875,5,adjacent_difference,4870,4869
4876,5,adjacent_difference,4871,4870
4877,5,adjacent_difference,4872,4871
4878,5,adjacent_difference,4873,4872
4879,5,adjacent_difference,4874,4873
4880,5,adjacent_difference,4875,4874
4881,5,adjacent_difference,4876,4875
4882,5,adjacent_difference,4877,4876
4883,5,adjacent_difference,4878,4877
4884,5,adjacent_difference,4879,4878
4885,5,adjacent_difference,4880,4879
4886,5,adjacent_difference,4881,4880
4887,5,adjacent_difference,4882,4881
4888,5,adjacent_difference,4883,4882
4889,5,adjacent_difference,4884,4883
4890,5,adjacent_difference,4885,4884
4891,5,adjacent_difference,4886,4885
4892,5,adjacent_difference,4887,4886
4893,5,adjacent_difference,4888,4887
4894,5,adjacent_difference,4889,4888
4895,5,adjacent_difference,4890,4889
4896,5,adjacent_difference,4891,4890
4897,5,adjacent_difference,4892,4891
4898,5,adjacent_difference,4893,4892
4899,5,adjacent_difference,4894,4893
4900,5,adjacent_difference,4895,4894
4901,5,adjacent_difference,4896,4895
4902,5,adjacent_difference,4897,4896
4903,5,adjacent_difference,4898,4897
4904,5,adjacent_difference,4899,4898
4905,5,adjacent_difference,4900,4899
4906,5,adjacent_difference,4901,4900
4907,5,adjacent_difference,4902,4901
4908,5,adjacent_difference,4903,4902
4909,5,adjacent_difference,4904,4903
4910,5,adjacent_difference,4905,4904
4911,5,adjacent_difference,4906,4905
4912,5,adjacent_difference,4907,4906
4913,5,adjacent_difference,4908,4907
4914,5,adjacent_difference,4909,4908
4915,5,adjacent_difference,4910,4909
4916,5,adjacent_difference,4911,4910
4917,5,adjacent_difference,4912,4911
4918,5,adjacent_difference,4913,4912
4919,5,adjacent_difference,4914,4913
4920,5,adjacent_difference,4915,4914
4921,5,adjacent_difference,4916,4915
4922,5,adjacent_difference,4917,4916
4923,5,adjacent_difference,4918,4917
4924,5,adjacent_difference,4919,4918
4925,5,adjacent_difference,4920,4919
4926,5,adjacent_difference,4921,4920
4927,5,adjacent_difference,4922,4921
4928,5,adjacent_difference,4923,4922
4929,5,adjacent_difference,4924,4923
4930,5,adjacent_difference,4925,4924
4931,5,adjacent_difference,4926,4925
4932,5,adjacent_difference,4927,4926
4933,5,adjacent_difference,4928,4927
4934,5,adjacent_difference,4929,4928
4935,5,adjacent_difference,4930,4929
4936,5,adjacent_difference,4931,4930
4937,5,adjacent_difference,4932,4931
4938,5,adjacent_difference,4933,4932
4939,5,adjacent_difference,4934,4933
4940,5,adjacent_difference,4935,4934
4941,5,adjacent_difference,4936,4935
4942,5,adjacent_difference,4937,4936
4943,5,adjacent_difference,4938,4937
4944,5,adjacent_difference,4939,4938
4945,5,adjacent_difference,4940,4939
4946,5,adjacent_difference,4941,4940
4947,5,adjacent_difference,4942,4941
4948,5,adjacent_difference,4943,4942
4949,5,adjacent_difference,4944,4943
4950,5,adjacent_difference,4945,4944
4951,5,adjacent_difference,4946,4945
4952,5,adjacent_difference,4947,4946
4953,5,adjacent_difference,4948,4947
4954,5,adjacent_difference,4949,4948
4955,5,adjacent_difference,4950,4949
4956,5,adjacent_difference,4951,4950
4957,5,adjacent_difference,4952,4951
4958,5,adjacent_difference,4953,4952
4959,5,adjacent_difference,4954,4953
4960,5,adjacent_difference,4955,4954
4961,5,adjacent_difference,4956,4955
4962,5,adjacent_difference,4957,4956
4963,5,adjacent_difference,4958,4957
4964,5,adjacent_difference,4959,4958
4965,5,adjacent_difference,4960,4959
4966,5,adjacent_difference,4961,4960
4967,5,adjacent_difference,4962,4961
4968,5,adjacent_difference,4963,4962
4969,5,adjacent_difference,4964,4963
4970,5,adjacent_difference,4965,4964
4971,5,adjacent_difference,4966,4965
4972,5,adjacent_difference,4967,4966
4973,5,adjacent_difference,4968,4967
4974,5,adjacent_difference,4969,4968
4975,5,adjacent_difference,4970,4969
4976,5,adjacent_difference,4971,4970
4977,5,adjacent_difference,4972,4971
4978,5,adjacent_difference,4973,4972
4979,5,adjacent_difference,4974,4973
4980,5,adjacent_difference,4975,4974
4981,5,adjacent_difference,4976,4975
4982,5,adjacent_difference,4977,4976
4983,5,adjacent_difference,4978,4977
4984,5,adjacent_difference,4979,4978
4985,5,adjacent_difference,4980,4979
4986,5,adjacent_difference,4981,4980
4987,5,adjacent_difference,4982,4981
4988,5,adjacent_difference,4983,4982
4989,5,adjacent_difference,4984,4983
4990,5,adjacent_difference,4985,4984
4991,5,adjacent_difference,4986,4985
4992,5,adjacent_difference,4987,4986
4993,5,adjacent_difference,4988,4987
4994,5,adjacent_difference,4989,4988
4995,5,adjacent_difference,4990,4989
4996,5,adjacent_difference,4991,4990
4997,5,adjacent_difference,4992,4991
4998,5,adjacent_difference,4993,4992
4999,5,adjacent_difference,4994,4993
5000,5,adjacent_difference,4995,4994
5001,5,adjacent_difference,4996,4995
5002,5,adjacent_difference,4997,4996
5003,5,adjacent_difference,4998,4997
5004,5,adjacent_difference,4999,4998
5005,5,adjacent_difference,5000,4999
5006,5,adjacent_difference,5001,5000
5007,5,adjacent_difference,5002,5001
5008,5,adjacent_difference,5003,5002
5009,5,adjacent_difference,5004,5003
5010,5,adjacent_difference,5005,5004
5011,5,adjacent_difference,5006,5005
5012,5,adjacent_difference,5007,5006
5013,5,adjacent_difference,5008,5007
5014,5,adjacent_difference,5009,5008
5015,5,adjacent_difference,5010,5009
5016,5,adjacent_difference,5011,5010
5017,5,adjacent_difference,5012,5011
5018,5,adjacent_difference,5013,5012
5019,5,adjacent_difference,5014,5013
5020,5,adjacent_difference,5015,5014
5021,5,adjacent_difference,5016,5015
5022,5,adjacent_difference,5017,5016
5023,5,adjacent_difference,5018,5017
5024,5,adjacent_difference,5019,5018
5025,5,adjacent_difference,5020,5019
5026,5,adjacent_difference,5021,5020
5027,5,adjacent_difference,5022,5021
5028,5,adjacent_difference,5023,5022
5029,5,adjacent_difference,5024,5023
5030,5,adjacent_difference,5025,5024
5031,5,adjacent_difference,5026,5025
5032,5,adjacent_difference,5027,5026
5033,5,adjacent_difference,5028,5027
5034,5,adjacent_difference,5029,5028
5035,5,adjacent_difference,5030,5029
5036,5,adjacent_difference,5031,5030
5037,5,adjacent_difference,5032,5031
5038,5,adjacent_difference,5033,5032
5039,5,adjacent_difference,5034,5033
5040,5,adjacent_difference,5035,5034
5041,5,adjacent_difference,5036,5035
5042,5,adjacent_difference,5037,5036
5043,5,adjacent_difference,5038,5037
5044,5,adjacent_difference,5039,5038
5045,5,adjacent_difference,5040,5039
5046,5,adjacent_difference,5041,5040
5047,5,adjacent_difference,5042,5041
5048,5,adjacent_difference,5043,5042
5049,5,adjacent_difference,5044,5043
5050,5,adjacent_difference,5045,5044
5051,5,adjacent_difference,5046,5045
5052,5,adjacent_difference,5047,5046
5053,5,adjacent_difference,5048,5047
5054,5,adjacent_difference,5049,5048
5055,5,adjacent_difference,5050,5049
5056,5,adjacent_difference,5051,5050
5057,5,adjacent_difference,5052,5051
5058,5,adjacent_difference,5053,5052
5059,5,adjacent_difference,5054,5053
5060,5,adjacent_difference,5055,5054
5061,5,adjacent_difference,5056,5055
5062,5,adjacent_difference,5057,5056
5063,5,adjacent_difference,5058,5057
5064,5,adjacent_difference,5059,5058
5065,5,adjacent_difference,5060,5059
5066,5,adjacent_difference,5061,5060
5067,5,adjacent_difference,5062,5061
5068,5,adjacent_difference,5063,5062
5069,5,adjacent_difference,5064,5063
5070,5,adjacent_difference,5065,5064
5071,5,adjacent_difference,5066,5065
5072,5,adjacent_difference,5067,5066
5073,5,adjacent_difference,5068,5067
5074,5,adjacent_difference,5069,5068
5075,5,terminal_inverse,-1,5069
5076,6,absolute_start,5070,-1
5077,6,adjacent_difference,5071,5070
5078,6,adjacent_difference,5072,5071
5079,6,adjacent_difference,5073,5072
5080,6,adjacent_difference,5074,5073
5081,6,adjacent_difference,5075,5074
5082,6,adjacent_difference,5076,5075
5083,6,adjacent_difference,5077,5076
5084,6,adjacent_difference,5078,5077
5085,6,adjacent_difference,5079,5078
5086,6,adjacent_difference,5080,5079
5087,6,adjacent_difference,5081,5080
5088,6,adjacent_difference,5082,5081
5089,6,adjacent_difference,5083,5082
5090,6,adjacent_difference,5084,5083
5091,6,adjacent_difference,5085,5084
5092,6,adjacent_difference,5086,5085
5093,6,adjacent_difference,5087,5086
5094,6,adjacent_difference,5088,5087
5095,6,adjacent_difference,5089,5088
5096,6,adjacent_difference,5090,5089
5097,6,adjacent_difference,5091,5090
5098,6,adjacent_difference,5092,5091
5099,6,adjacent_difference,5093,5092
5100,6,adjacent_difference,5094,5093
5101,6,adjacent_difference,5095,5094
5102,6,adjacent_difference,5096,5095
5103,6,adjacent_difference,5097,5096
5104,6,adjacent_difference,5098,5097
5105,6,adjacent_difference,5099,5098
5106,6,adjacent_difference,5100,5099
5107,6,adjacent_difference,5101,5100
5108,6,adjacent_difference,5102,5101
5109,6,adjacent_difference,5103,5102
5110,6,adjacent_difference,5104,5103
5111,6,adjacent_difference,5105,5104
5112,6,adjacent_difference,5106,5105
5113,6,adjacent_difference,5107,5106
5114,6,adjacent_difference,5108,5107
5115,6,adjacent_difference,5109,5108
5116,6,adjacent_difference,5110,5109
5117,6,adjacent_difference,5111,5110
5118,6,adjacent_difference,5112,5111
5119,6,adjacent_difference,5113,5112
5120,6,adjacent_difference,5114,5113
5121,6,adjacent_difference,5115,5114
5122,6,adjacent_difference,5116,5115
5123,6,adjacent_difference,5117,5116
5124,6,adjacent_difference,5118,5117
5125,6,adjacent_difference,5119,5118
5126,6,adjacent_difference,5120,5119
5127,6,adjacent_difference,5121,5120
5128,6,adjacent_difference,5122,5121
5129,6,adjacent_difference,5123,5122
5130,6,adjacent_difference,5124,5123
5131,6,adjacent_difference,5125,5124
5132,6,adjacent_difference,5126,5125
5133,6,adjacent_difference,5127,5126
5134,6,adjacent_difference,5128,5127
5135,6,adjacent_difference,5129,5128
5136,6,adjacent_difference,5130,5129
5137,6,adjacent_difference,5131,5130
5138,6,adjacent_difference,5132,5131
5139,6,adjacent_difference,5133,5132
5140,6,adjacent_difference,5134,5133
5141,6,adjacent_difference,5135,5134
5142,6,adjacent_difference,5136,5135
5143,6,adjacent_difference,5137,5136
5144,6,adjacent_difference,5138,5137
5145,6,adjacent_difference,5139,5138
5146,6,adjacent_difference,5140,5139
5147,6,adjacent_difference,5141,5140
5148,6,adjacent_difference,5142,5141
5149,6,adjacent_difference,5143,5142
5150,6,adjacent_difference,5144,5143
5151,6,adjacent_difference,5145,5144
5152,6,adjacent_difference,5146,5145
5153,6,adjacent_difference,5147,5146
5154,6,adjacent_difference,5148,5147
5155,6,adjacent_difference,5149,5148
5156,6,adjacent_difference,5150,5149
5157,6,adjacent_difference,5151,5150
5158,6,adjacent_difference,5152,5151
5159,6,adjacent_difference,5153,5152
5160,6,adjacent_difference,5154,5153
5161,6,adjacent_difference,5155,5154
5162,6,adjacent_difference,5156,5155
5163,6,adjacent_difference,5157,5156
5164,6,adjacent_difference,5158,5157
5165,6,adjacent_difference,5159,5158
5166,6,adjacent_difference,5160,5159
5167,6,adjacent_difference,5161,5160
5168,6,adjacent_difference,5162,5161
5169,6,adjacent_difference,5163,5162
5170,6,adjacent_difference,5164,5163
5171,6,adjacent_difference,5165,5164
5172,6,adjacent_difference,5166,5165
5173,6,adjacent_difference,5167,5166
5174,6,adjacent_difference,5168,5167
5175,6,adjacent_difference,5169,5168
5176,6,adjacent_difference,5170,5169
5177,6,adjacent_difference,5171,5170
5178,6,adjacent_difference,5172,5171
5179,6,adjacent_difference,5173,5172
5180,6,adjacent_difference,5174,5173
5181,6,adjacent_difference,5175,5174
5182,6,adjacent_difference,5176,5175
5183,6,adjacent_difference,5177,5176
5184,6,adjacent_difference,5178,5177
5185,6,adjacent_difference,5179,5178
5186,6,adjacent_difference,5180,5179
5187,6,adjacent_difference,5181,5180
5188,6,adjacent_difference,5182,5181
5189,6,adjacent_difference,5183,5182
5190,6,adjacent_difference,5184,5183
5191,6,adjacent_difference,5185,5184
5192,6,adjacent_difference,5186,5185
5193,6,adjacent_difference,5187,5186
5194,6,adjacent_difference,5188,5187
5195,6,adjacent_difference,5189,5188
5196,6,adjacent_difference,5190,5189
5197,6,adjacent_difference,5191,5190
5198,6,adjacent_difference,5192,5191
5199,6,adjacent_difference,5193,5192
5200,6,adjacent_difference,5194,5193
5201,6,adjacent_difference,5195,5194
5202,6,adjacent_difference,5196,5195
5203,6,adjacent_difference,5197,5196
5204,6,adjacent_difference,5198,5197
5205,6,adjacent_difference,5199,5198
5206,6,adjacent_difference,5200,5199
5207,6,adjacent_difference,5201,5200
5208,6,adjacent_difference,5202,5201
5209,6,adjacent_difference,5203,5202
5210,6,adjacent_difference,5204,5203
5211,6,adjacent_difference,5205,5204
5212,6,adjacent_difference,5206,5205
5213,6,adjacent_difference,5207,5206
5214,6,adjacent_difference,5208,5207
5215,6,adjacent_difference,5209,5208
5216,6,adjacent_difference,5210,5209
5217,6,adjacent_difference,5211,5210
5218,6,adjacent_difference,5212,5211
5219,6,adjacent_difference,5213,5212
5220,6,adjacent_difference,5214,5213
5221,6,adjacent_difference,5215,5214
5222,6,adjacent_difference,5216,5215
5223,6,adjacent_difference,5217,5216
5224,6,adjacent_difference,5218,5217
5225,6,adjacent_difference,5219,5218
5226,6,adjacent_difference,5220,5219
5227,6,adjacent_difference,5221,5220
5228,6,adjacent_difference,5222,5221
5229,6,adjacent_difference,5223,5222
5230,6,adjacent_difference,5224,5223
5231,6,adjacent_difference,5225,5224
5232,6,adjacent_difference,5226,5225
5233,6,adjacent_difference,5227,5226
5234,6,adjacent_difference,5228,5227
5235,6,adjacent_difference,5229,5228
5236,6,adjacent_difference,5230,5229
5237,6,adjacent_difference,5231,5230
5238,6,adjacent_difference,5232,5231
5239,6,adjacent_difference,5233,5232
5240,6,adjacent_difference,5234,5233
5241,6,adjacent_difference,5235,5234
5242,6,adjacent_difference,5236,5235
5243,6,adjacent_difference,5237,5236
5244,6,adjacent_difference,5238,5237
5245,6,adjacent_difference,5239,5238
5246,6,adjacent_difference,5240,5239
5247,6,adjacent_difference,5241,5240
5248,6,adjacent_difference,5242,5241
5249,6,adjacent_difference,5243,5242
5250,6,adjacent_difference,5244,5243
5251,6,adjacent_difference,5245,5244
5252,6,adjacent_difference,5246,5245
5253,6,adjacent_difference,5247,5246
5254,6,adjacent_difference,5248,5247
5255,6,adjacent_difference,5249,5248
5256,6,adjacent_difference,5250,5249
5257,6,adjacent_difference,5251,5250
5258,6,adjacent_difference,5252,5251
5259,6,adjacent_difference,5253,5252
5260,6,adjacent_difference,5254,5253
5261,6,adjacent_difference,5255,5254
5262,6,adjacent_difference,5256,5255
5263,6,adjacent_difference,5257,5256
5264,6,adjacent_difference,5258,5257
5265,6,adjacent_difference,5259,5258
5266,6,adjacent_difference,5260,5259
5267,6,adjacent_difference,5261,5260
5268,6,adjacent_difference,5262,5261
5269,6,adjacent_difference,5263,5262
5270,6,adjacent_difference,5264,5263
5271,6,adjacent_difference,5265,5264
5272,6,adjacent_difference,5266,5265
5273,6,adjacent_difference,5267,5266
5274,6,adjacent_difference,5268,5267
5275,6,adjacent_difference,5269,5268
5276,6,adjacent_difference,5270,5269
5277,6,adjacent_difference,5271,5270
5278,6,adjacent_difference,5272,5271
5279,6,adjacent_difference,5273,5272
5280,6,adjacent_difference,5274,5273
5281,6,adjacent_difference,5275,5274
5282,6,adjacent_difference,5276,5275
5283,6,adjacent_difference,5277,5276
5284,6,adjacent_difference,5278,5277
5285,6,adjacent_difference,5279,5278
5286,6,adjacent_difference,5280,5279
5287,6,adjacent_difference,5281,5280
5288,6,adjacent_difference,5282,5281
5289,6,adjacent_difference,5283,5282
5290,6,adjacent_difference,5284,5283
5291,6,adjacent_difference,5285,5284
5292,6,adjacent_difference,5286,5285
5293,6,adjacent_difference,5287,5286
5294,6,adjacent_difference,5288,5287
5295,6,adjacent_difference,5289,5288
5296,6,adjacent_difference,5290,5289
5297,6,adjacent_difference,5291,5290
5298,6,adjacent_difference,5292,5291
5299,6,adjacent_difference,5293,5292
5300,6,adjacent_difference,5294,5293
5301,6,adjacent_difference,5295,5294
5302,6,adjacent_difference,5296,5295
5303,6,adjacent_difference,5297,5296
5304,6,adjacent_difference,5298,5297
5305,6,adjacent_difference,5299,5298
5306,6,adjacent_difference,5300,5299
5307,6,adjacent_difference,5301,5300
5308,6,adjacent_difference,5302,5301
5309,6,adjacent_difference,5303,5302
5310,6,adjacent_difference,5304,5303
5311,6,adjacent_difference,5305,5304
5312,6,adjacent_difference,5306,5305
5313,6,adjacent_difference,5307,5306
5314,6,adjacent_difference,5308,5307
5315,6,adjacent_difference,5309,5308
5316,6,adjacent_difference,5310,5309
5317,6,adjacent_difference,5311,5310
5318,6,adjacent_difference,5312,5311
5319,6,adjacent_difference,5313,5312
5320,6,adjacent_difference,5314,5313
5321,6,adjacent_difference,5315,5314
5322,6,adjacent_difference,5316,5315
5323,6,adjacent_difference,5317,5316
5324,6,adjacent_difference,5318,5317
5325,6,adjacent_difference,5319,5318
5326,6,adjacent_difference,5320,5319
5327,6,adjacent_difference,5321,5320
5328,6,adjacent_difference,5322,5321
5329,6,adjacent_difference,5323,5322
5330,6,adjacent_difference,5324,5323
5331,6,adjacent_difference,5325,5324
5332,6,adjacent_difference,5326,5325
5333,6,adjacent_difference,5327,5326
5334,6,adjacent_difference,5328,5327
5335,6,adjacent_difference,5329,5328
5336,6,adjacent_difference,5330,5329
5337,6,adjacent_difference,5331,5330
5338,6,adjacent_difference,5332,5331
5339,6,adjacent_difference,5333,5332
5340,6,adjacent_difference,5334,5333
5341,6,adjacent_difference,5335,5334
5342,6,adjacent_difference,5336,5335
5343,6,adjacent_difference,5337,5336
5344,6,adjacent_difference,5338,5337
5345,6,adjacent_difference,5339,5338
5346,6,adjacent_difference,5340,5339
5347,6,adjacent_difference,5341,5340
5348,6,adjacent_difference,5342,5341
5349,6,adjacent_difference,5343,5342
5350,6,adjacent_difference,5344,5343
5351,6,adjacent_difference,5345,5344
5352,6,adjacent_difference,5346,5345
5353,6,adjacent_difference,5347,5346
5354,6,adjacent_difference,5348,5347
5355,6,adjacent_difference,5349,5348
5356,6,adjacent_difference,5350,5349
5357,6,adjacent_difference,5351,5350
5358,6,adjacent_difference,5352,5351
5359,6,adjacent_difference,5353,5352
5360,6,adjacent_difference,5354,5353
5361,6,adjacent_difference,5355,5354
5362,6,adjacent_difference,5356,5355
5363,6,adjacent_difference,5357,5356
5364,6,adjacent_difference,5358,5357
5365,6,adjacent_difference,5359,5358
5366,6,adjacent_difference,5360,5359
5367,6,adjacent_difference,5361,5360
5368,6,adjacent_difference,5362,5361
5369,6,adjacent_difference,5363,5362
5370,6,adjacent_difference,5364,5363
5371,6,adjacent_difference,5365,5364
5372,6,adjacent_difference,5366,5365
5373,6,adjacent_difference,5367,5366
5374,6,adjacent_difference,5368,5367
5375,6,adjacent_difference,5369,5368
5376,6,adjacent_difference,5370,5369
5377,6,adjacent_difference,5371,5370
5378,6,adjacent_difference,5372,5371
5379,6,adjacent_difference,5373,5372
5380,6,adjacent_difference,5374,5373
5381,6,adjacent_difference,5375,5374
5382,6,adjacent_difference,5376,5375
5383,6,adjacent_difference,5377,5376
5384,6,adjacent_difference,5378,5377
5385,6,adjacent_difference,5379,5378
5386,6,adjacent_difference,5380,5379
5387,6,adjacent_difference,5381,5380
5388,6,adjacent_difference,5382,5381
5389,6,adjacent_difference,5383,5382
5390,6,adjacent_difference,5384,5383
5391,6,adjacent_difference,5385,5384
5392,6,adjacent_difference,5386,5385
5393,6,adjacent_difference,5387,5386
5394,6,adjacent_difference,5388,5387
5395,6,adjacent_difference,5389,5388
5396,6,adjacent_difference,5390,5389
5397,6,adjacent_difference,5391,5390
5398,6,adjacent_difference,5392,5391
5399,6,adjacent_difference,5393,5392
5400,6,adjacent_difference,5394,5393
5401,6,adjacent_difference,5395,5394
5402,6,adjacent_difference,5396,5395
5403,6,adjacent_difference,5397,5396
5404,6,adjacent_difference,5398,5397
5405,6,adjacent_difference,5399,5398
5406,6,adjacent_difference,5400,5399
5407,6,adjacent_difference,5401,5400
5408,6,adjacent_difference,5402,5401
5409,6,adjacent_difference,5403,5402
5410,6,adjacent_difference,5404,5403
5411,6,adjacent_difference,5405,5404
5412,6,adjacent_difference,5406,5405
5413,6,adjacent_difference,5407,5406
5414,6,adjacent_difference,5408,5407
5415,6,adjacent_difference,5409,5408
5416,6,adjacent_difference,5410,5409
5417,6,adjacent_difference,5411,5410
5418,6,adjacent_difference,5412,5411
5419,6,adjacent_difference,5413,5412
5420,6,adjacent_difference,5414,5413
5421,6,adjacent_difference,5415,5414
5422,6,adjacent_difference,5416,5415
5423,6,adjacent_difference,5417,5416
5424,6,adjacent_difference,5418,5417
5425,6,adjacent_difference,5419,5418
5426,6,adjacent_difference,5420,5419
5427,6,adjacent_difference,5421,5420
5428,6,adjacent_difference,5422,5421
5429,6,adjacent_difference,5423,5422
5430,6,adjacent_difference,5424,5423
5431,6,adjacent_difference,5425,5424
5432,6,adjacent_difference,5426,5425
5433,6,adjacent_difference,5427,5426
5434,6,adjacent_difference,5428,5427
5435,6,adjacent_difference,5429,5428
5436,6,adjacent_difference,5430,5429
5437,6,adjacent_difference,5431,5430
5438,6,adjacent_difference,5432,5431
5439,6,adjacent_difference,5433,5432
5440,6,adjacent_difference,5434,5433
5441,6,adjacent_difference,5435,5434
5442,6,adjacent_difference,5436,5435
5443,6,adjacent_difference,5437,5436
5444,6,adjacent_difference,5438,5437
5445,6,adjacent_difference,5439,5438
5446,6,adjacent_difference,5440,5439
5447,6,adjacent_difference,5441,5440
5448,6,adjacent_difference,5442,5441
5449,6,adjacent_difference,5443,5442
5450,6,adjacent_difference,5444,5443
5451,6,adjacent_difference,5445,5444
5452,6,adjacent_difference,5446,5445
5453,6,adjacent_difference,5447,5446
5454,6,adjacent_difference,5448,5447
5455,6,adjacent_difference,5449,5448
5456,6,adjacent_difference,5450,5449
5457,6,adjacent_difference,5451,5450
5458,6,adjacent_difference,5452,5451
5459,6,adjacent_difference,5453,5452
5460,6,adjacent_difference,5454,5453
5461,6,adjacent_difference,5455,5454
5462,6,adjacent_difference,5456,5455
5463,6,adjacent_difference,5457,5456
5464,6,adjacent_difference,5458,5457
5465,6,adjacent_difference,5459,5458
5466,6,adjacent_difference,5460,5459
5467,6,adjacent_difference,5461,5460
5468,6,adjacent_difference,5462,5461
5469,6,adjacent_difference,5463,5462
5470,6,adjacent_difference,5464,5463
5471,6,adjacent_difference,5465,5464
5472,6,adjacent_difference,5466,5465
5473,6,adjacent_difference,5467,5466
5474,6,adjacent_difference,5468,5467
5475,6,adjacent_difference,5469,5468
5476,6,adjacent_difference,5470,5469
5477,6,adjacent_difference,5471,5470
5478,6,adjacent_difference,5472,5471
5479,6,adjacent_difference,5473,5472
5480,6,adjacent_difference,5474,5473
5481,6,adjacent_difference,5475,5474
5482,6,adjacent_difference,5476,5475
5483,6,adjacent_difference,5477,5476
5484,6,adjacent_difference,5478,5477
5485,6,adjacent_difference,5479,5478
5486,6,adjacent_difference,5480,5479
5487,6,adjacent_difference,5481,5480
5488,6,adjacent_difference,5482,5481
5489,6,adjacent_difference,5483,5482
5490,6,adjacent_difference,5484,5483
5491,6,adjacent_difference,5485,5484
5492,6,adjacent_difference,5486,5485
5493,6,adjacent_difference,5487,5486
5494,6,adjacent_difference,5488,5487
5495,6,adjacent_difference,5489,5488
5496,6,adjacent_difference,5490,5489
5497,6,adjacent_difference,5491,5490
5498,6,adjacent_difference,5492,5491
5499,6,adjacent_difference,5493,5492
5500,6,adjacent_difference,5494,5493
5501,6,adjacent_difference,5495,5494
5502,6,adjacent_difference,5496,5495
5503,6,adjacent_difference,5497,5496
5504,6,adjacent_difference,5498,5497
5505,6,adjacent_difference,5499,5498
5506,6,adjacent_difference,5500,5499
5507,6,adjacent_difference,5501,5500
5508,6,adjacent_difference,5502,5501
5509,6,adjacent_difference,5503,5502
5510,6,adjacent_difference,5504,5503
5511,6,adjacent_difference,5505,5504
5512,6,adjacent_difference,5506,5505
5513,6,adjacent_difference,5507,5506
5514,6,adjacent_difference,5508,5507
5515,6,adjacent_difference,5509,5508
5516,6,adjacent_difference,5510,5509
5517,6,adjacent_difference,5511,5510
5518,6,adjacent_difference,5512,5511
5519,6,adjacent_difference,5513,5512
5520,6,adjacent_difference,5514,5513
5521,6,adjacent_difference,5515,5514
5522,6,adjacent_difference,5516,5515
5523,6,adjacent_difference,5517,5516
5524,6,adjacent_difference,5518,5517
5525,6,adjacent_difference,5519,5518
5526,6,adjacent_difference,5520,5519
5527,6,adjacent_difference,5521,5520
5528,6,adjacent_difference,5522,5521
5529,6,adjacent_difference,5523,5522
5530,6,adjacent_difference,5524,5523
5531,6,adjacent_difference,5525,5524
5532,6,adjacent_difference,5526,5525
5533,6,adjacent_difference,5527,5526
5534,6,adjacent_difference,5528,5527
5535,6,adjacent_difference,5529,5528
5536,6,adjacent_difference,5530,5529
5537,6,adjacent_difference,5531,5530
5538,6,adjacent_difference,5532,5531
5539,6,adjacent_difference,5533,5532
5540,6,adjacent_difference,5534,5533
5541,6,adjacent_difference,5535,5534
5542,6,adjacent_difference,5536,5535
5543,6,adjacent_difference,5537,5536
5544,6,adjacent_difference,5538,5537
5545,6,adjacent_difference,5539,5538
5546,6,adjacent_difference,5540,5539
5547,6,adjacent_difference,5541,5540
5548,6,adjacent_difference,5542,5541
5549,6,adjacent_difference,5543,5542
5550,6,adjacent_difference,5544,5543
5551,6,adjacent_difference,5545,5544
5552,6,adjacent_difference,5546,5545
5553,6,adjacent_difference,5547,5546
5554,6,adjacent_difference,5548,5547
5555,6,adjacent_difference,5549,5548
5556,6,adjacent_difference,5550,5549
5557,6,adjacent_difference,5551,5550
5558,6,adjacent_difference,5552,5551
5559,6,adjacent_difference,5553,5552
5560,6,adjacent_difference,5554,5553
5561,6,adjacent_difference,5555,5554
5562,6,adjacent_difference,5556,5555
5563,6,adjacent_difference,5557,5556
5564,6,adjacent_difference,5558,5557
5565,6,adjacent_difference,5559,5558
5566,6,adjacent_difference,5560,5559
5567,6,adjacent_difference,5561,5560
5568,6,adjacent_difference,5562,5561
5569,6,adjacent_difference,5563,5562
5570,6,adjacent_difference,5564,5563
5571,6,adjacent_difference,5565,5564
5572,6,adjacent_difference,5566,5565
5573,6,adjacent_difference,5567,5566
5574,6,adjacent_difference,5568,5567
5575,6,adjacent_difference,5569,5568
5576,6,adjacent_difference,5570,5569
5577,6,adjacent_difference,5571,5570
5578,6,adjacent_difference,5572,5571
5579,6,adjacent_difference,5573,5572
5580,6,adjacent_difference,5574,5573
5581,6,adjacent_difference,5575,5574
5582,6,adjacent_difference,5576,5575
5583,6,adjacent_difference,5577,5576
5584,6,adjacent_difference,5578,5577
5585,6,adjacent_difference,5579,5578
5586,6,adjacent_difference,5580,5579
5587,6,adjacent_difference,5581,5580
5588,6,adjacent_difference,5582,5581
5589,6,adjacent_difference,5583,5582
5590,6,adjacent_difference,5584,5583
5591,6,adjacent_difference,5585,5584
5592,6,adjacent_difference,5586,5585
5593,6,adjacent_difference,5587,5586
5594,6,adjacent_difference,5588,5587
5595,6,adjacent_difference,5589,5588
5596,6,adjacent_difference,5590,5589
5597,6,adjacent_difference,5591,5590
5598,6,adjacent_difference,5592,5591
5599,6,adjacent_difference,5593,5592
5600,6,adjacent_difference,5594,5593
5601,6,adjacent_difference,5595,5594
5602,6,adjacent_difference,5596,5595
5603,6,adjacent_difference,5597,5596
5604,6,adjacent_difference,5598,5597
5605,6,adjacent_difference,5599,5598
5606,6,adjacent_difference,5600,5599
5607,6,adjacent_difference,5601,5600
5608,6,adjacent_difference,5602,5601
5609,6,adjacent_difference,5603,5602
5610,6,adjacent_difference,5604,5603
5611,6,adjacent_difference,5605,5604
5612,6,adjacent_difference,5606,5605
5613,6,adjacent_difference,5607,5606
5614,6,adjacent_difference,5608,5607
5615,6,adjacent_difference,5609,5608
5616,6,adjacent_difference,5610,5609
5617,6,adjacent_difference,5611,5610
5618,6,adjacent_difference,5612,5611
5619,6,adjacent_difference,5613,5612
5620,6,adjacent_difference,5614,5613
5621,6,adjacent_difference,5615,5614
5622,6,adjacent_difference,5616,5615
5623,6,adjacent_difference,5617,5616
5624,6,adjacent_difference,5618,5617
5625,6,adjacent_difference,5619,5618
5626,6,adjacent_difference,5620,5619
5627,6,adjacent_difference,5621,5620
5628,6,adjacent_difference,5622,5621
5629,6,adjacent_difference,5623,5622
5630,6,adjacent_difference,5624,5623
5631,6,adjacent_difference,5625,5624
5632,6,adjacent_difference,5626,5625
5633,6,adjacent_difference,5627,5626
5634,6,adjacent_difference,5628,5627
5635,6,adjacent_difference,5629,5628
5636,6,adjacent_difference,5630,5629
5637,6,adjacent_difference,5631,5630
5638,6,adjacent_difference,5632,5631
5639,6,adjacent_difference,5633,5632
5640,6,adjacent_difference,5634,5633
5641,6,adjacent_difference,5635,5634
5642,6,adjacent_difference,5636,5635
5643,6,adjacent_difference,5637,5636
5644,6,adjacent_difference,5638,5637
5645,6,adjacent_difference,5639,5638
5646,6,adjacent_difference,5640,5639
5647,6,adjacent_difference,5641,5640
5648,6,adjacent_difference,5642,5641
5649,6,adjacent_difference,5643,5642
5650,6,adjacent_difference,5644,5643
5651,6,adjacent_difference,5645,5644
5652,6,adjacent_difference,5646,5645
5653,6,adjacent_difference,5647,5646
5654,6,adjacent_difference,5648,5647
5655,6,adjacent_difference,5649,5648
5656,6,adjacent_difference,5650,5649
5657,6,adjacent_difference,5651,5650
5658,6,adjacent_difference,5652,5651
5659,6,adjacent_difference,5653,5652
5660,6,adjacent_difference,5654,5653
5661,6,adjacent_difference,5655,5654
5662,6,adjacent_difference,5656,5655
5663,6,adjacent_difference,5657,5656
5664,6,adjacent_difference,5658,5657
5665,6,adjacent_difference,5659,5658
5666,6,adjacent_difference,5660,5659
5667,6,adjacent_difference,5661,5660
5668,6,adjacent_difference,5662,5661
5669,6,adjacent_difference,5663,5662
5670,6,adjacent_difference,5664,5663
5671,6,adjacent_difference,5665,5664
5672,6,adjacent_difference,5666,5665
5673,6,adjacent_difference,5667,5666
5674,6,adjacent_difference,5668,5667
5675,6,adjacent_difference,5669,5668
5676,6,adjacent_difference,5670,5669
5677,6,adjacent_difference,5671,5670
5678,6,adjacent_difference,5672,5671
5679,6,adjacent_difference,5673,5672
5680,6,adjacent_difference,5674,5673
5681,6,adjacent_difference,5675,5674
5682,6,adjacent_difference,5676,5675
5683,6,adjacent_difference,5677,5676
5684,6,adjacent_difference,5678,5677
5685,6,adjacent_difference,5679,5678
5686,6,adjacent_difference,5680,5679
5687,6,adjacent_difference,5681,5680
5688,6,adjacent_difference,5682,5681
5689,6,adjacent_difference,5683,5682
5690,6,adjacent_difference,5684,5683
5691,6,adjacent_difference,5685,5684
5692,6,adjacent_difference,5686,5685
5693,6,adjacent_difference,5687,5686
5694,6,adjacent_difference,5688,5687
5695,6,adjacent_difference,5689,5688
5696,6,adjacent_difference,5690,5689
5697,6,adjacent_difference,5691,5690
5698,6,adjacent_difference,5692,5691
5699,6,adjacent_difference,5693,5692
5700,6,adjacent_difference,5694,5693
5701,6,adjacent_difference,5695,5694
5702,6,adjacent_difference,5696,5695
5703,6,adjacent_difference,5697,5696
5704,6,adjacent_difference,5698,5697
5705,6,adjacent_difference,5699,5698
5706,6,adjacent_difference,5700,5699
5707,6,adjacent_difference,5701,5700
5708,6,adjacent_difference,5702,5701
5709,6,adjacent_difference,5703,5702
5710,6,adjacent_difference,5704,5703
5711,6,adjacent_difference,5705,5704
5712,6,adjacent_difference,5706,5705
5713,6,adjacent_difference,5707,5706
5714,6,adjacent_difference,5708,5707
5715,6,adjacent_difference,5709,5708
5716,6,adjacent_difference,5710,5709
5717,6,adjacent_difference,5711,5710
5718,6,adjacent_difference,5712,5711
5719,6,adjacent_difference,5713,5712
5720,6,adjacent_difference,5714,5713
5721,6,adjacent_difference,5715,5714
5722,6,adjacent_difference,5716,5715
5723,6,adjacent_difference,5717,5716
5724,6,adjacent_difference,5718,5717
5725,6,adjacent_difference,5719,5718
5726,6,adjacent_difference,5720,5719
5727,6,adjacent_difference,5721,5720
5728,6,adjacent_difference,5722,5721
5729,6,adjacent_difference,5723,5722
5730,6,adjacent_difference,5724,5723
5731,6,adjacent_difference,5725,5724
5732,6,adjacent_difference,5726,5725
5733,6,adjacent_difference,5727,5726
5734,6,adjacent_difference,5728,5727
5735,6,adjacent_difference,5729,5728
5736,6,adjacent_difference,5730,5729
5737,6,adjacent_difference,5731,5730
5738,6,adjacent_difference,5732,5731
5739,6,adjacent_difference,5733,5732
5740,6,adjacent_difference,5734,5733
5741,6,adjacent_difference,5735,5734
5742,6,adjacent_difference,5736,5735
5743,6,adjacent_difference,5737,5736
5744,6,adjacent_difference,5738,5737
5745,6,adjacent_difference,5739,5738
5746,6,adjacent_difference,5740,5739
5747,6,adjacent_difference,5741,5740
5748,6,adjacent_difference,5742,5741
5749,6,adjacent_difference,5743,5742
5750,6,adjacent_difference,5744,5743
5751,6,adjacent_difference,5745,5744
5752,6,adjacent_difference,5746,5745
5753,6,adjacent_difference,5747,5746
5754,6,adjacent_difference,5748,5747
5755,6,adjacent_difference,5749,5748
5756,6,adjacent_difference,5750,5749
5757,6,adjacent_difference,5751,5750
5758,6,adjacent_difference,5752,5751
5759,6,adjacent_difference,5753,5752
5760,6,adjacent_difference,5754,5753
5761,6,adjacent_difference,5755,5754
5762,6,adjacent_difference,5756,5755
5763,6,adjacent_difference,5757,5756
5764,6,adjacent_difference,5758,5757
5765,6,adjacent_difference,5759,5758
5766,6,adjacent_difference,5760,5759
5767,6,adjacent_difference,5761,5760
5768,6,adjacent_difference,5762,5761
5769,6,adjacent_difference,5763,5762
5770,6,adjacent_difference,5764,5763
5771,6,adjacent_difference,5765,5764
5772,6,adjacent_difference,5766,5765
5773,6,adjacent_difference,5767,5766
5774,6,adjacent_difference,5768,5767
5775,6,adjacent_difference,5769,5768
5776,6,adjacent_difference,5770,5769
5777,6,adjacent_difference,5771,5770
5778,6,adjacent_difference,5772,5771
5779,6,adjacent_difference,5773,5772
5780,6,adjacent_difference,5774,5773
5781,6,adjacent_difference,5775,5774
5782,6,adjacent_difference,5776,5775
5783,6,adjacent_difference,5777,5776
5784,6,adjacent_difference,5778,5777
5785,6,adjacent_difference,5779,5778
5786,6,adjacent_difference,5780,5779
5787,6,adjacent_difference,5781,5780
5788,6,adjacent_difference,5782,5781
5789,6,adjacent_difference,5783,5782
5790,6,adjacent_difference,5784,5783
5791,6,adjacent_difference,5785,5784
5792,6,adjacent_difference,5786,5785
5793,6,adjacent_difference,5787,5786
5794,6,adjacent_difference,5788,5787
5795,6,adjacent_difference,5789,5788
5796,6,adjacent_difference,5790,5789
5797,6,adjacent_difference,5791,5790
5798,6,adjacent_difference,5792,5791
5799,6,adjacent_difference,5793,5792
5800,6,adjacent_difference,5794,5793
5801,6,adjacent_difference,5795,5794
5802,6,adjacent_difference,5796,5795
5803,6,adjacent_difference,5797,5796
5804,6,adjacent_difference,5798,5797
5805,6,adjacent_difference,5799,5798
5806,6,adjacent_difference,5800,5799
5807,6,adjacent_difference,5801,5800
5808,6,adjacent_difference,5802,5801
5809,6,adjacent_difference,5803,5802
5810,6,adjacent_difference,5804,5803
5811,6,adjacent_difference,5805,5804
5812,6,adjacent_difference,5806,5805
5813,6,adjacent_difference,5807,5806
5814,6,adjacent_difference,5808,5807
5815,6,adjacent_difference,5809,5808
5816,6,adjacent_difference,5810,5809
5817,6,adjacent_difference,5811,5810
5818,6,adjacent_difference,5812,5811
5819,6,adjacent_difference,5813,5812
5820,6,adjacent_difference,5814,5813
5821,6,adjacent_difference,5815,5814
5822,6,adjacent_difference,5816,5815
5823,6,adjacent_difference,5817,5816
5824,6,adjacent_difference,5818,5817
5825,6,adjacent_difference,5819,5818
5826,6,adjacent_difference,5820,5819
5827,6,adjacent_difference,5821,5820
5828,6,adjacent_difference,5822,5821
5829,6,adjacent_difference,5823,5822
5830,6,adjacent_difference,5824,5823
5831,6,adjacent_difference,5825,5824
5832,6,adjacent_difference,5826,5825
5833,6,adjacent_difference,5827,5826
5834,6,adjacent_difference,5828,5827
5835,6,adjacent_difference,5829,5828
5836,6,adjacent_difference,5830,5829
5837,6,adjacent_difference,5831,5830
5838,6,adjacent_difference,5832,5831
5839,6,adjacent_difference,5833,5832
5840,6,adjacent_difference,5834,5833
5841,6,adjacent_difference,5835,5834
5842,6,adjacent_difference,5836,5835
5843,6,adjacent_difference,5837,5836
5844,6,adjacent_difference,5838,5837
5845,6,adjacent_difference,5839,5838
5846,6,adjacent_difference,5840,5839
5847,6,adjacent_difference,5841,5840
5848,6,adjacent_difference,5842,5841
5849,6,adjacent_difference,5843,5842
5850,6,adjacent_difference,5844,5843
5851,6,adjacent_difference,5845,5844
5852,6,adjacent_difference,5846,5845
5853,6,adjacent_difference,5847,5846
5854,6,adjacent_difference,5848,5847
5855,6,adjacent_difference,5849,5848
5856,6,adjacent_difference,5850,5849
5857,6,adjacent_difference,5851,5850
5858,6,adjacent_difference,5852,5851
5859,6,adjacent_difference,5853,5852
5860,6,adjacent_difference,5854,5853
5861,6,adjacent_difference,5855,5854
5862,6,adjacent_difference,5856,5855
5863,6,adjacent_difference,5857,5856
5864,6,adjacent_difference,5858,5857
5865,6,adjacent_difference,5859,5858
5866,6,adjacent_difference,5860,5859
5867,6,adjacent_difference,5861,5860
5868,6,adjacent_difference,5862,5861
5869,6,adjacent_difference,5863,5862
5870,6,adjacent_difference,5864,5863
5871,6,adjacent_difference,5865,5864
5872,6,adjacent_difference,5866,5865
5873,6,adjacent_difference,5867,5866
5874,6,adjacent_difference,5868,5867
5875,6,adjacent_difference,5869,5868
5876,6,adjacent_difference,5870,5869
5877,6,adjacent_difference,5871,5870
5878,6,adjacent_difference,5872,5871
5879,6,adjacent_difference,5873,5872
5880,6,adjacent_difference,5874,5873
5881,6,adjacent_difference,5875,5874
5882,6,adjacent_difference,5876,5875
5883,6,adjacent_difference,5877,5876
5884,6,adjacent_difference,5878,5877
5885,6,adjacent_difference,5879,5878
5886,6,adjacent_difference,5880,5879
5887,6,adjacent_difference,5881,5880
5888,6,adjacent_difference,5882,5881
5889,6,adjacent_difference,5883,5882
5890,6,adjacent_difference,5884,5883
5891,6,adjacent_difference,5885,5884
5892,6,adjacent_difference,5886,5885
5893,6,adjacent_difference,5887,5886
5894,6,adjacent_difference,5888,5887
5895,6,adjacent_difference,5889,5888
5896,6,adjacent_difference,5890,5889
5897,6,adjacent_difference,5891,5890
5898,6,adjacent_difference,5892,5891
5899,6,adjacent_difference,5893,5892
5900,6,adjacent_difference,5894,5893
5901,6,adjacent_difference,5895,5894
5902,6,adjacent_difference,5896,5895
5903,6,adjacent_difference,5897,5896
5904,6,adjacent_difference,5898,5897
5905,6,adjacent_difference,5899,5898
5906,6,adjacent_difference,5900,5899
5907,6,adjacent_difference,5901,5900
5908,6,adjacent_difference,5902,5901
5909,6,adjacent_difference,5903,5902
5910,6,adjacent_difference,5904,5903
5911,6,adjacent_difference,5905,5904
5912,6,adjacent_difference,5906,5905
5913,6,adjacent_difference,5907,5906
5914,6,adjacent_difference,5908,5907
5915,6,adjacent_difference,5909,5908
5916,6,adjacent_difference,5910,5909
5917,6,adjacent_difference,5911,5910
5918,6,adjacent_difference,5912,5911
5919,6,adjacent_difference,5913,5912
5920,6,adjacent_difference,5914,5913
5921,6,terminal_inverse,-1,5914
5922,7,absolute_start,5915,-1
5923,7,adjacent_difference,5916,5915
5924,7,adjacent_difference,5917,5916
5925,7,adjacent_difference,5918,5917
5926,7,adjacent_difference,5919,5918
5927,7,adjacent_difference,5920,5919
5928,7,adjacent_difference,5921,5920
5929,7,adjacent_difference,5922,5921
5930,7,adjacent_difference,5923,5922
5931,7,adjacent_difference,5924,5923
5932,7,adjacent_difference,5925,5924
5933,7,adjacent_difference,5926,5925
5934,7,adjacent_difference,5927,5926
5935,7,adjacent_difference,5928,5927
5936,7,adjacent_difference,5929,5928
5937,7,adjacent_difference,5930,5929
5938,7,adjacent_difference,5931,5930
5939,7,adjacent_difference,5932,5931
5940,7,adjacent_difference,5933,5932
5941,7,adjacent_difference,5934,5933
5942,7,adjacent_difference,5935,5934
5943,7,adjacent_difference,5936,5935
5944,7,adjacent_difference,5937,5936
5945,7,adjacent_difference,5938,5937
5946,7,adjacent_difference,5939,5938
5947,7,adjacent_difference,5940,5939
5948,7,adjacent_difference,5941,5940
5949,7,adjacent_difference,5942,5941
5950,7,adjacent_difference,5943,5942
5951,7,adjacent_difference,5944,5943
5952,7,adjacent_difference,5945,5944
5953,7,adjacent_difference,5946,5945
5954,7,adjacent_difference,5947,5946
5955,7,adjacent_difference,5948,5947
5956,7,adjacent_difference,5949,5948
5957,7,adjacent_difference,5950,5949
5958,7,adjacent_difference,5951,5950
5959,7,adjacent_difference,5952,5951
5960,7,adjacent_difference,5953,5952
5961,7,adjacent_difference,5954,5953
5962,7,adjacent_difference,5955,5954
5963,7,adjacent_difference,5956,5955
5964,7,adjacent_difference,5957,5956
5965,7,adjacent_difference,5958,5957
5966,7,adjacent_difference,5959,5958
5967,7,adjacent_difference,5960,5959
5968,7,adjacent_difference,5961,5960
5969,7,adjacent_difference,5962,5961
5970,7,adjacent_difference,5963,5962
5971,7,adjacent_difference,5964,5963
5972,7,adjacent_difference,5965,5964
5973,7,adjacent_difference,5966,5965
5974,7,adjacent_difference,5967,5966
5975,7,adjacent_difference,5968,5967
5976,7,adjacent_difference,5969,5968
5977,7,adjacent_difference,5970,5969
5978,7,adjacent_difference,5971,5970
5979,7,adjacent_difference,5972,5971
5980,7,adjacent_difference,5973,5972
5981,7,adjacent_difference,5974,5973
5982,7,adjacent_difference,5975,5974
5983,7,adjacent_difference,5976,5975
5984,7,adjacent_difference,5977,5976
5985,7,adjacent_difference,5978,5977
5986,7,adjacent_difference,5979,5978
5987,7,adjacent_difference,5980,5979
5988,7,adjacent_difference,5981,5980
5989,7,adjacent_difference,5982,5981
5990,7,adjacent_difference,5983,5982
5991,7,adjacent_difference,5984,5983
5992,7,adjacent_difference,5985,5984
5993,7,adjacent_difference,5986,5985
5994,7,adjacent_difference,5987,5986
5995,7,adjacent_difference,5988,5987
5996,7,adjacent_difference,5989,5988
5997,7,adjacent_difference,5990,5989
5998,7,adjacent_difference,5991,5990
5999,7,adjacent_difference,5992,5991
6000,7,adjacent_difference,5993,5992
6001,7,adjacent_difference,5994,5993
6002,7,adjacent_difference,5995,5994
6003,7,adjacent_difference,5996,5995
6004,7,adjacent_difference,5997,5996
6005,7,adjacent_difference,5998,5997
6006,7,adjacent_difference,5999,5998
6007,7,adjacent_difference,6000,5999
6008,7,adjacent_difference,6001,6000
6009,7,adjacent_difference,6002,6001
6010,7,adjacent_difference,6003,6002
6011,7,adjacent_difference,6004,6003
6012,7,adjacent_difference,6005,6004
6013,7,adjacent_difference,6006,6005
6014,7,adjacent_difference,6007,6006
6015,7,adjacent_difference,6008,6007
6016,7,adjacent_difference,6009,6008
6017,7,adjacent_difference,6010,6009
6018,7,adjacent_difference,6011,6010
6019,7,adjacent_difference,6012,6011
6020,7,adjacent_difference,6013,6012
6021,7,adjacent_difference,6014,6013
6022,7,adjacent_difference,6015,6014
6023,7,adjacent_difference,6016,6015
6024,7,adjacent_difference,6017,6016
6025,7,adjacent_difference,6018,6017
6026,7,adjacent_difference,6019,6018
6027,7,adjacent_difference,6020,6019
6028,7,adjacent_difference,6021,6020
6029,7,adjacent_difference,6022,6021
6030,7,adjacent_difference,6023,6022
6031,7,adjacent_difference,6024,6023
6032,7,adjacent_difference,6025,6024
6033,7,adjacent_difference,6026,6025
6034,7,adjacent_difference,6027,6026
6035,7,adjacent_difference,6028,6027
6036,7,adjacent_difference,6029,6028
6037,7,adjacent_difference,6030,6029
6038,7,adjacent_difference,6031,6030
6039,7,adjacent_difference,6032,6031
6040,7,adjacent_difference,6033,6032
6041,7,adjacent_difference,6034,6033
6042,7,adjacent_difference,6035,6034
6043,7,adjacent_difference,6036,6035
6044,7,adjacent_difference,6037,6036
6045,7,adjacent_difference,6038,6037
6046,7,adjacent_difference,6039,6038
6047,7,adjacent_difference,6040,6039
6048,7,adjacent_difference,6041,6040
6049,7,adjacent_difference,6042,6041
6050,7,adjacent_difference,6043,6042
6051,7,adjacent_difference,6044,6043
6052,7,adjacent_difference,6045,6044
6053,7,adjacent_difference,6046,6045
6054,7,adjacent_difference,6047,6046
6055,7,adjacent_difference,6048,6047
6056,7,adjacent_difference,6049,6048
6057,7,adjacent_difference,6050,6049
6058,7,adjacent_difference,6051,6050
6059,7,adjacent_difference,6052,6051
6060,7,adjacent_difference,6053,6052
6061,7,adjacent_difference,6054,6053
6062,7,adjacent_difference,6055,6054
6063,7,adjacent_difference,6056,6055
6064,7,adjacent_difference,6057,6056
6065,7,adjacent_difference,6058,6057
6066,7,adjacent_difference,6059,6058
6067,7,adjacent_difference,6060,6059
6068,7,adjacent_difference,6061,6060
6069,7,adjacent_difference,6062,6061
6070,7,adjacent_difference,6063,6062
6071,7,adjacent_difference,6064,6063
6072,7,adjacent_difference,6065,6064
6073,7,adjacent_difference,6066,6065
6074,7,adjacent_difference,6067,6066
6075,7,adjacent_difference,6068,6067
6076,7,adjacent_difference,6069,6068
6077,7,adjacent_difference,6070,6069
6078,7,adjacent_difference,6071,6070
6079,7,adjacent_difference,6072,6071
6080,7,adjacent_difference,6073,6072
6081,7,adjacent_difference,6074,6073
6082,7,adjacent_difference,6075,6074
6083,7,adjacent_difference,6076,6075
6084,7,adjacent_difference,6077,6076
6085,7,adjacent_difference,6078,6077
6086,7,adjacent_difference,6079,6078
6087,7,adjacent_difference,6080,6079
6088,7,adjacent_difference,6081,6080
6089,7,adjacent_difference,6082,6081
6090,7,adjacent_difference,6083,6082
6091,7,adjacent_difference,6084,6083
6092,7,adjacent_difference,6085,6084
6093,7,adjacent_difference,6086,6085
6094,7,adjacent_difference,6087,6086
6095,7,adjacent_difference,6088,6087
6096,7,adjacent_difference,6089,6088
6097,7,adjacent_difference,6090,6089
6098,7,adjacent_difference,6091,6090
6099,7,adjacent_difference,6092,6091
6100,7,adjacent_difference,6093,6092
6101,7,adjacent_difference,6094,6093
6102,7,adjacent_difference,6095,6094
6103,7,adjacent_difference,6096,6095
6104,7,adjacent_difference,6097,6096
6105,7,adjacent_difference,6098,6097
6106,7,adjacent_difference,6099,6098
6107,7,adjacent_difference,6100,6099
6108,7,adjacent_difference,6101,6100
6109,7,adjacent_difference,6102,6101
6110,7,adjacent_difference,6103,6102
6111,7,adjacent_difference,6104,6103
6112,7,adjacent_difference,6105,6104
6113,7,adjacent_difference,6106,6105
6114,7,adjacent_difference,6107,6106
6115,7,adjacent_difference,6108,6107
6116,7,adjacent_difference,6109,6108
6117,7,adjacent_difference,6110,6109
6118,7,adjacent_difference,6111,6110
6119,7,adjacent_difference,6112,6111
6120,7,adjacent_difference,6113,6112
6121,7,adjacent_difference,6114,6113
6122,7,adjacent_difference,6115,6114
6123,7,adjacent_difference,6116,6115
6124,7,adjacent_difference,6117,6116
6125,7,adjacent_difference,6118,6117
6126,7,adjacent_difference,6119,6118
6127,7,adjacent_difference,6120,6119
6128,7,adjacent_difference,6121,6120
6129,7,adjacent_difference,6122,6121
6130,7,adjacent_difference,6123,6122
6131,7,adjacent_difference,6124,6123
6132,7,adjacent_difference,6125,6124
6133,7,adjacent_difference,6126,6125
6134,7,adjacent_difference,6127,6126
6135,7,adjacent_difference,6128,6127
6136,7,adjacent_difference,6129,6128
6137,7,adjacent_difference,6130,6129
6138,7,adjacent_difference,6131,6130
6139,7,adjacent_difference,6132,6131
6140,7,adjacent_difference,6133,6132
6141,7,adjacent_difference,6134,6133
6142,7,adjacent_difference,6135,6134
6143,7,adjacent_difference,6136,6135
6144,7,adjacent_difference,6137,6136
6145,7,adjacent_difference,6138,6137
6146,7,adjacent_difference,6139,6138
6147,7,adjacent_difference,6140,6139
6148,7,adjacent_difference,6141,6140
6149,7,adjacent_difference,6142,6141
6150,7,adjacent_difference,6143,6142
6151,7,adjacent_difference,6144,6143
6152,7,adjacent_difference,6145,6144
6153,7,adjacent_difference,6146,6145
6154,7,adjacent_difference,6147,6146
6155,7,adjacent_difference,6148,6147
6156,7,adjacent_difference,6149,6148
6157,7,adjacent_difference,6150,6149
6158,7,adjacent_difference,6151,6150
6159,7,adjacent_difference,6152,6151
6160,7,adjacent_difference,6153,6152
6161,7,adjacent_difference,6154,6153
6162,7,adjacent_difference,6155,6154
6163,7,adjacent_difference,6156,6155
6164,7,adjacent_difference,6157,6156
6165,7,adjacent_difference,6158,6157
6166,7,adjacent_difference,6159,6158
6167,7,adjacent_difference,6160,6159
6168,7,adjacent_difference,6161,6160
6169,7,adjacent_difference,6162,6161
6170,7,adjacent_difference,6163,6162
6171,7,adjacent_difference,6164,6163
6172,7,adjacent_difference,6165,6164
6173,7,adjacent_difference,6166,6165
6174,7,adjacent_difference,6167,6166
6175,7,adjacent_difference,6168,6167
6176,7,adjacent_difference,6169,6168
6177,7,adjacent_difference,6170,6169
6178,7,adjacent_difference,6171,6170
6179,7,adjacent_difference,6172,6171
6180,7,adjacent_difference,6173,6172
6181,7,adjacent_difference,6174,6173
6182,7,adjacent_difference,6175,6174
6183,7,adjacent_difference,6176,6175
6184,7,adjacent_difference,6177,6176
6185,7,adjacent_difference,6178,6177
6186,7,adjacent_difference,6179,6178
6187,7,adjacent_difference,6180,6179
6188,7,adjacent_difference,6181,6180
6189,7,adjacent_difference,6182,6181
6190,7,adjacent_difference,6183,6182
6191,7,adjacent_difference,6184,6183
6192,7,adjacent_difference,6185,6184
6193,7,adjacent_difference,6186,6185
6194,7,adjacent_difference,6187,6186
6195,7,adjacent_difference,6188,6187
6196,7,adjacent_difference,6189,6188
6197,7,adjacent_difference,6190,6189
6198,7,adjacent_difference,6191,6190
6199,7,adjacent_difference,6192,6191
6200,7,adjacent_difference,6193,6192
6201,7,adjacent_difference,6194,6193
6202,7,adjacent_difference,6195,6194
6203,7,adjacent_difference,6196,6195
6204,7,adjacent_difference,6197,6196
6205,7,adjacent_difference,6198,6197
6206,7,adjacent_difference,6199,6198
6207,7,adjacent_difference,6200,6199
6208,7,adjacent_difference,6201,6200
6209,7,adjacent_difference,6202,6201
6210,7,adjacent_difference,6203,6202
6211,7,adjacent_difference,6204,6203
6212,7,adjacent_difference,6205,6204
6213,7,adjacent_difference,6206,6205
6214,7,adjacent_difference,6207,6206
6215,7,adjacent_difference,6208,6207
6216,7,adjacent_difference,6209,6208
6217,7,adjacent_difference,6210,6209
6218,7,adjacent_difference,6211,6210
6219,7,adjacent_difference,6212,6211
6220,7,adjacent_difference,6213,6212
6221,7,adjacent_difference,6214,6213
6222,7,adjacent_difference,6215,6214
6223,7,adjacent_difference,6216,6215
6224,7,adjacent_difference,6217,6216
6225,7,adjacent_difference,6218,6217
6226,7,adjacent_difference,6219,6218
6227,7,adjacent_difference,6220,6219
6228,7,adjacent_difference,6221,6220
6229,7,adjacent_difference,6222,6221
6230,7,adjacent_difference,6223,6222
6231,7,adjacent_difference,6224,6223
6232,7,adjacent_difference,6225,6224
6233,7,adjacent_difference,6226,6225
6234,7,adjacent_difference,6227,6226
6235,7,adjacent_difference,6228,6227
6236,7,adjacent_difference,6229,6228
6237,7,adjacent_difference,6230,6229
6238,7,adjacent_difference,6231,6230
6239,7,adjacent_difference,6232,6231
6240,7,adjacent_difference,6233,6232
6241,7,adjacent_difference,6234,6233
6242,7,adjacent_difference,6235,6234
6243,7,adjacent_difference,6236,6235
6244,7,adjacent_difference,6237,6236
6245,7,adjacent_difference,6238,6237
6246,7,adjacent_difference,6239,6238
6247,7,adjacent_difference,6240,6239
6248,7,adjacent_difference,6241,6240
6249,7,adjacent_difference,6242,6241
6250,7,adjacent_difference,6243,6242
6251,7,adjacent_difference,6244,6243
6252,7,adjacent_difference,6245,6244
6253,7,adjacent_difference,6246,6245
6254,7,adjacent_difference,6247,6246
6255,7,adjacent_difference,6248,6247
6256,7,adjacent_difference,6249,6248
6257,7,adjacent_difference,6250,6249
6258,7,adjacent_difference,6251,6250
6259,7,adjacent_difference,6252,6251
6260,7,adjacent_difference,6253,6252
6261,7,adjacent_difference,6254,6253
6262,7,adjacent_difference,6255,6254
6263,7,adjacent_difference,6256,6255
6264,7,adjacent_difference,6257,6256
6265,7,adjacent_difference,6258,6257
6266,7,adjacent_difference,6259,6258
6267,7,adjacent_difference,6260,6259
6268,7,adjacent_difference,6261,6260
6269,7,adjacent_difference,6262,6261
6270,7,adjacent_difference,6263,6262
6271,7,adjacent_difference,6264,6263
6272,7,adjacent_difference,6265,6264
6273,7,adjacent_difference,6266,6265
6274,7,adjacent_difference,6267,6266
6275,7,adjacent_difference,6268,6267
6276,7,adjacent_difference,6269,6268
6277,7,adjacent_difference,6270,6269
6278,7,adjacent_difference,6271,6270
6279,7,adjacent_difference,6272,6271
6280,7,adjacent_difference,6273,6272
6281,7,adjacent_difference,6274,6273
6282,7,adjacent_difference,6275,6274
6283,7,adjacent_difference,6276,6275
6284,7,adjacent_difference,6277,6276
6285,7,adjacent_difference,6278,6277
6286,7,adjacent_difference,6279,6278
6287,7,adjacent_difference,6280,6279
6288,7,adjacent_difference,6281,6280
6289,7,adjacent_difference,6282,6281
6290,7,adjacent_difference,6283,6282
6291,7,adjacent_difference,6284,6283
6292,7,adjacent_difference,6285,6284
6293,7,adjacent_difference,6286,6285
6294,7,adjacent_difference,6287,6286
6295,7,adjacent_difference,6288,6287
6296,7,adjacent_difference,6289,6288
6297,7,adjacent_difference,6290,6289
6298,7,adjacent_difference,6291,6290
6299,7,adjacent_difference,6292,6291
6300,7,adjacent_difference,6293,6292
6301,7,adjacent_difference,6294,6293
6302,7,adjacent_difference,6295,6294
6303,7,adjacent_difference,6296,6295
6304,7,adjacent_difference,6297,6296
6305,7,adjacent_difference,6298,6297
6306,7,adjacent_difference,6299,6298
6307,7,adjacent_difference,6300,6299
6308,7,adjacent_difference,6301,6300
6309,7,adjacent_difference,6302,6301
6310,7,adjacent_difference,6303,6302
6311,7,adjacent_difference,6304,6303
6312,7,adjacent_difference,6305,6304
6313,7,adjacent_difference,6306,6305
6314,7,adjacent_difference,6307,6306
6315,7,adjacent_difference,6308,6307
6316,7,adjacent_difference,6309,6308
6317,7,adjacent_difference,6310,6309
6318,7,adjacent_difference,6311,6310
6319,7,adjacent_difference,6312,6311
6320,7,adjacent_difference,6313,6312
6321,7,adjacent_difference,6314,6313
6322,7,adjacent_difference,6315,6314
6323,7,adjacent_difference,6316,6315
6324,7,adjacent_difference,6317,6316
6325,7,adjacent_difference,6318,6317
6326,7,adjacent_difference,6319,6318
6327,7,adjacent_difference,6320,6319
6328,7,adjacent_difference,6321,6320
6329,7,adjacent_difference,6322,6321
6330,7,adjacent_difference,6323,6322
6331,7,adjacent_difference,6324,6323
6332,7,adjacent_difference,6325,6324
6333,7,adjacent_difference,6326,6325
6334,7,adjacent_difference,6327,6326
6335,7,adjacent_difference,6328,6327
6336,7,adjacent_difference,6329,6328
6337,7,adjacent_difference,6330,6329
6338,7,adjacent_difference,6331,6330
6339,7,adjacent_difference,6332,6331
6340,7,adjacent_difference,6333,6332
6341,7,adjacent_difference,6334,6333
6342,7,adjacent_difference,6335,6334
6343,7,adjacent_difference,6336,6335
6344,7,adjacent_difference,6337,6336
6345,7,adjacent_difference,6338,6337
6346,7,adjacent_difference,6339,6338
6347,7,adjacent_difference,6340,6339
6348,7,adjacent_difference,6341,6340
6349,7,adjacent_difference,6342,6341
6350,7,adjacent_difference,6343,6342
6351,7,adjacent_difference,6344,6343
6352,7,adjacent_difference,6345,6344
6353,7,adjacent_difference,6346,6345
6354,7,adjacent_difference,6347,6346
6355,7,adjacent_difference,6348,6347
6356,7,adjacent_difference,6349,6348
6357,7,adjacent_difference,6350,6349
6358,7,adjacent_difference,6351,6350
6359,7,adjacent_difference,6352,6351
6360,7,adjacent_difference,6353,6352
6361,7,adjacent_difference,6354,6353
6362,7,adjacent_difference,6355,6354
6363,7,adjacent_difference,6356,6355
6364,7,adjacent_difference,6357,6356
6365,7,adjacent_difference,6358,6357
6366,7,adjacent_difference,6359,6358
6367,7,adjacent_difference,6360,6359
6368,7,adjacent_difference,6361,6360
6369,7,adjacent_difference,6362,6361
6370,7,adjacent_difference,6363,6362
6371,7,adjacent_difference,6364,6363
6372,7,adjacent_difference,6365,6364
6373,7,adjacent_difference,6366,6365
6374,7,adjacent_difference,6367,6366
6375,7,adjacent_difference,6368,6367
6376,7,adjacent_difference,6369,6368
6377,7,adjacent_difference,6370,6369
6378,7,adjacent_difference,6371,6370
6379,7,adjacent_difference,6372,6371
6380,7,adjacent_difference,6373,6372
6381,7,adjacent_difference,6374,6373
6382,7,adjacent_difference,6375,6374
6383,7,adjacent_difference,6376,6375
6384,7,adjacent_difference,6377,6376
6385,7,adjacent_difference,6378,6377
6386,7,adjacent_difference,6379,6378
6387,7,adjacent_difference,6380,6379
6388,7,adjacent_difference,6381,6380
6389,7,adjacent_difference,6382,6381
6390,7,adjacent_difference,6383,6382
6391,7,adjacent_difference,6384,6383
6392,7,adjacent_difference,6385,6384
6393,7,adjacent_difference,6386,6385
6394,7,adjacent_difference,6387,6386
6395,7,adjacent_difference,6388,6387
6396,7,adjacent_difference,6389,6388
6397,7,adjacent_difference,6390,6389
6398,7,adjacent_difference,6391,6390
6399,7,adjacent_difference,6392,6391
6400,7,adjacent_difference,6393,6392
6401,7,adjacent_difference,6394,6393
6402,7,adjacent_difference,6395,6394
6403,7,adjacent_difference,6396,6395
6404,7,adjacent_difference,6397,6396
6405,7,adjacent_difference,6398,6397
6406,7,adjacent_difference,6399,6398
6407,7,adjacent_difference,6400,6399
6408,7,adjacent_difference,6401,6400
6409,7,adjacent_difference,6402,6401
6410,7,adjacent_difference,6403,6402
6411,7,adjacent_difference,6404,6403
6412,7,adjacent_difference,6405,6404
6413,7,adjacent_difference,6406,6405
6414,7,adjacent_difference,6407,6406
6415,7,adjacent_difference,6408,6407
6416,7,adjacent_difference,6409,6408
6417,7,adjacent_difference,6410,6409
6418,7,adjacent_difference,6411,6410
6419,7,adjacent_difference,6412,6411
6420,7,adjacent_difference,6413,6412
6421,7,adjacent_difference,6414,6413
6422,7,adjacent_difference,6415,6414
6423,7,adjacent_difference,6416,6415
6424,7,adjacent_difference,6417,6416
6425,7,adjacent_difference,6418,6417
6426,7,adjacent_difference,6419,6418
6427,7,adjacent_difference,6420,6419
6428,7,adjacent_difference,6421,6420
6429,7,adjacent_difference,6422,6421
6430,7,adjacent_difference,6423,6422
6431,7,adjacent_difference,6424,6423
6432,7,adjacent_difference,6425,6424
6433,7,adjacent_difference,6426,6425
6434,7,adjacent_difference,6427,6426
6435,7,adjacent_difference,6428,6427
6436,7,adjacent_difference,6429,6428
6437,7,adjacent_difference,6430,6429
6438,7,adjacent_difference,6431,6430
6439,7,adjacent_difference,6432,6431
6440,7,adjacent_difference,6433,6432
6441,7,adjacent_difference,6434,6433
6442,7,adjacent_difference,6435,6434
6443,7,adjacent_difference,6436,6435
6444,7,adjacent_difference,6437,6436
6445,7,adjacent_difference,6438,6437
6446,7,adjacent_difference,6439,6438
6447,7,adjacent_difference,6440,6439
6448,7,adjacent_difference,6441,6440
6449,7,adjacent_difference,6442,6441
6450,7,adjacent_difference,6443,6442
6451,7,adjacent_difference,6444,6443
6452,7,adjacent_difference,6445,6444
6453,7,adjacent_difference,6446,6445
6454,7,adjacent_difference,6447,6446
6455,7,adjacent_difference,6448,6447
6456,7,adjacent_difference,6449,6448
6457,7,adjacent_difference,6450,6449
6458,7,adjacent_difference,6451,6450
6459,7,adjacent_difference,6452,6451
6460,7,adjacent_difference,6453,6452
6461,7,adjacent_difference,6454,6453
6462,7,adjacent_difference,6455,6454
6463,7,adjacent_difference,6456,6455
6464,7,adjacent_difference,6457,6456
6465,7,adjacent_difference,6458,6457
6466,7,adjacent_difference,6459,6458
6467,7,adjacent_difference,6460,6459
6468,7,adjacent_difference,6461,6460
6469,7,adjacent_difference,6462,6461
6470,7,adjacent_difference,6463,6462
6471,7,adjacent_difference,6464,6463
6472,7,adjacent_difference,6465,6464
6473,7,adjacent_difference,6466,6465
6474,7,adjacent_difference,6467,6466
6475,7,adjacent_difference,6468,6467
6476,7,adjacent_difference,6469,6468
6477,7,adjacent_difference,6470,6469
6478,7,adjacent_difference,6471,6470
6479,7,adjacent_difference,6472,6471
6480,7,adjacent_difference,6473,6472
6481,7,adjacent_difference,6474,6473
6482,7,adjacent_difference,6475,6474
6483,7,adjacent_difference,6476,6475
6484,7,adjacent_difference,6477,6476
6485,7,adjacent_difference,6478,6477
6486,7,adjacent_difference,6479,6478
6487,7,adjacent_difference,6480,6479
6488,7,adjacent_difference,6481,6480
6489,7,adjacent_difference,6482,6481
6490,7,adjacent_difference,6483,6482
6491,7,adjacent_difference,6484,6483
6492,7,adjacent_difference,6485,6484
6493,7,adjacent_difference,6486,6485
6494,7,adjacent_difference,6487,6486
6495,7,adjacent_difference,6488,6487
6496,7,adjacent_difference,6489,6488
6497,7,adjacent_difference,6490,6489
6498,7,adjacent_difference,6491,6490
6499,7,adjacent_difference,6492,6491
6500,7,adjacent_difference,6493,6492
6501,7,adjacent_difference,6494,6493
6502,7,adjacent_difference,6495,6494
6503,7,adjacent_difference,6496,6495
6504,7,adjacent_difference,6497,6496
6505,7,adjacent_difference,6498,6497
6506,7,adjacent_difference,6499,6498
6507,7,adjacent_difference,6500,6499
6508,7,adjacent_difference,6501,6500
6509,7,adjacent_difference,6502,6501
6510,7,adjacent_difference,6503,6502
6511,7,adjacent_difference,6504,6503
6512,7,adjacent_difference,6505,6504
6513,7,adjacent_difference,6506,6505
6514,7,adjacent_difference,6507,6506
6515,7,adjacent_difference,6508,6507
6516,7,adjacent_difference,6509,6508
6517,7,adjacent_difference,6510,6509
6518,7,adjacent_difference,6511,6510
6519,7,adjacent_difference,6512,6511
6520,7,adjacent_difference,6513,6512
6521,7,adjacent_difference,6514,6513
6522,7,adjacent_difference,6515,6514
6523,7,adjacent_difference,6516,6515
6524,7,adjacent_difference,6517,6516
6525,7,adjacent_difference,6518,6517
6526,7,adjacent_difference,6519,6518
6527,7,adjacent_difference,6520,6519
6528,7,adjacent_difference,6521,6520
6529,7,adjacent_difference,6522,6521
6530,7,adjacent_difference,6523,6522
6531,7,adjacent_difference,6524,6523
6532,7,adjacent_difference,6525,6524
6533,7,adjacent_difference,6526,6525
6534,7,adjacent_difference,6527,6526
6535,7,adjacent_difference,6528,6527
6536,7,adjacent_difference,6529,6528
6537,7,adjacent_difference,6530,6529
6538,7,adjacent_difference,6531,6530
6539,7,adjacent_difference,6532,6531
6540,7,adjacent_difference,6533,6532
6541,7,adjacent_difference,6534,6533
6542,7,adjacent_difference,6535,6534
6543,7,adjacent_difference,6536,6535
6544,7,adjacent_difference,6537,6536
6545,7,adjacent_difference,6538,6537
6546,7,adjacent_difference,6539,6538
6547,7,adjacent_difference,6540,6539
6548,7,adjacent_difference,6541,6540
6549,7,adjacent_difference,6542,6541
6550,7,adjacent_difference,6543,6542
6551,7,adjacent_difference,6544,6543
6552,7,adjacent_difference,6545,6544
6553,7,adjacent_difference,6546,6545
6554,7,adjacent_difference,6547,6546
6555,7,adjacent_difference,6548,6547
6556,7,adjacent_difference,6549,6548
6557,7,adjacent_difference,6550,6549
6558,7,adjacent_difference,6551,6550
6559,7,adjacent_difference,6552,6551
6560,7,adjacent_difference,6553,6552
6561,7,adjacent_difference,6554,6553
6562,7,adjacent_difference,6555,6554
6563,7,adjacent_difference,6556,6555
6564,7,adjacent_difference,6557,6556
6565,7,adjacent_difference,6558,6557
6566,7,adjacent_difference,6559,6558
6567,7,adjacent_difference,6560,6559
6568,7,adjacent_difference,6561,6560
6569,7,adjacent_difference,6562,6561
6570,7,adjacent_difference,6563,6562
6571,7,adjacent_difference,6564,6563
6572,7,adjacent_difference,6565,6564
6573,7,adjacent_difference,6566,6565
6574,7,adjacent_difference,6567,6566
6575,7,adjacent_difference,6568,6567
6576,7,adjacent_difference,6569,6568
6577,7,adjacent_difference,6570,6569
6578,7,adjacent_difference,6571,6570
6579,7,adjacent_difference,6572,6571
6580,7,adjacent_difference,6573,6572
6581,7,adjacent_difference,6574,6573
6582,7,adjacent_difference,6575,6574
6583,7,adjacent_difference,6576,6575
6584,7,adjacent_difference,6577,6576
6585,7,adjacent_difference,6578,6577
6586,7,adjacent_difference,6579,6578
6587,7,adjacent_difference,6580,6579
6588,7,adjacent_difference,6581,6580
6589,7,adjacent_difference,6582,6581
6590,7,adjacent_difference,6583,6582
6591,7,adjacent_difference,6584,6583
6592,7,adjacent_difference,6585,6584
6593,7,adjacent_difference,6586,6585
6594,7,adjacent_difference,6587,6586
6595,7,adjacent_difference,6588,6587
6596,7,adjacent_difference,6589,6588
6597,7,adjacent_difference,6590,6589
6598,7,adjacent_difference,6591,6590
6599,7,adjacent_difference,6592,6591
6600,7,adjacent_difference,6593,6592
6601,7,adjacent_difference,6594,6593
6602,7,adjacent_difference,6595,6594
6603,7,adjacent_difference,6596,6595
6604,7,adjacent_difference,6597,6596
6605,7,adjacent_difference,6598,6597
6606,7,adjacent_difference,6599,6598
6607,7,adjacent_difference,6600,6599
6608,7,adjacent_difference,6601,6600
6609,7,adjacent_difference,6602,6601
6610,7,adjacent_difference,6603,6602
6611,7,adjacent_difference,6604,6603
6612,7,adjacent_difference,6605,6604
6613,7,adjacent_difference,6606,6605
6614,7,adjacent_difference,6607,6606
6615,7,adjacent_difference,6608,6607
6616,7,adjacent_difference,6609,6608
6617,7,adjacent_difference,6610,6609
6618,7,adjacent_difference,6611,6610
6619,7,adjacent_difference,6612,6611
6620,7,adjacent_difference,6613,6612
6621,7,adjacent_difference,6614,6613
6622,7,adjacent_difference,6615,6614
6623,7,adjacent_difference,6616,6615
6624,7,adjacent_difference,6617,6616
6625,7,adjacent_difference,6618,6617
6626,7,adjacent_difference,6619,6618
6627,7,adjacent_difference,6620,6619
6628,7,adjacent_difference,6621,6620
6629,7,adjacent_difference,6622,6621
6630,7,adjacent_difference,6623,6622
6631,7,adjacent_difference,6624,6623
6632,7,adjacent_difference,6625,6624
6633,7,adjacent_difference,6626,6625
6634,7,adjacent_difference,6627,6626
6635,7,adjacent_difference,6628,6627
6636,7,adjacent_difference,6629,6628
6637,7,adjacent_difference,6630,6629
6638,7,adjacent_difference,6631,6630
6639,7,adjacent_difference,6632,6631
6640,7,adjacent_difference,6633,6632
6641,7,adjacent_difference,6634,6633
6642,7,adjacent_difference,6635,6634
6643,7,adjacent_difference,6636,6635
6644,7,adjacent_difference,6637,6636
6645,7,adjacent_difference,6638,6637
6646,7,adjacent_difference,6639,6638
6647,7,adjacent_difference,6640,6639
6648,7,adjacent_difference,6641,6640
6649,7,adjacent_difference,6642,6641
6650,7,adjacent_difference,6643,6642
6651,7,adjacent_difference,6644,6643
6652,7,adjacent_difference,6645,6644
6653,7,adjacent_difference,6646,6645
6654,7,adjacent_difference,6647,6646
6655,7,adjacent_difference,6648,6647
6656,7,adjacent_difference,6649,6648
6657,7,adjacent_difference,6650,6649
6658,7,adjacent_difference,6651,6650
6659,7,adjacent_difference,6652,6651
6660,7,adjacent_difference,6653,6652
6661,7,adjacent_difference,6654,6653
6662,7,adjacent_difference,6655,6654
6663,7,adjacent_difference,6656,6655
6664,7,adjacent_difference,6657,6656
6665,7,adjacent_difference,6658,6657
6666,7,adjacent_difference,6659,6658
6667,7,adjacent_difference,6660,6659
6668,7,adjacent_difference,6661,6660
6669,7,adjacent_difference,6662,6661
6670,7,adjacent_difference,6663,6662
6671,7,adjacent_difference,6664,6663
6672,7,adjacent_difference,6665,6664
6673,7,adjacent_difference,6666,6665
6674,7,adjacent_difference,6667,6666
6675,7,adjacent_difference,6668,6667
6676,7,adjacent_difference,6669,6668
6677,7,adjacent_difference,6670,6669
6678,7,adjacent_difference,6671,6670
6679,7,adjacent_difference,6672,6671
6680,7,adjacent_difference,6673,6672
6681,7,adjacent_difference,6674,6673
6682,7,adjacent_difference,6675,6674
6683,7,adjacent_difference,6676,6675
6684,7,adjacent_difference,6677,6676
6685,7,adjacent_difference,6678,6677
6686,7,adjacent_difference,6679,6678
6687,7,adjacent_difference,6680,6679
6688,7,adjacent_difference,6681,6680
6689,7,adjacent_difference,6682,6681
6690,7,adjacent_difference,6683,6682
6691,7,adjacent_difference,6684,6683
6692,7,adjacent_difference,6685,6684
6693,7,adjacent_difference,6686,6685
6694,7,adjacent_difference,6687,6686
6695,7,adjacent_difference,6688,6687
6696,7,adjacent_difference,6689,6688
6697,7,adjacent_difference,6690,6689
6698,7,adjacent_difference,6691,6690
6699,7,adjacent_difference,6692,6691
6700,7,adjacent_difference,6693,6692
6701,7,adjacent_difference,6694,6693
6702,7,adjacent_difference,6695,6694
6703,7,adjacent_difference,6696,6695
6704,7,adjacent_difference,6697,6696
6705,7,adjacent_difference,6698,6697
6706,7,adjacent_difference,6699,6698
6707,7,adjacent_difference,6700,6699
6708,7,adjacent_difference,6701,6700
6709,7,adjacent_difference,6702,6701
6710,7,adjacent_difference,6703,6702
6711,7,adjacent_difference,6704,6703
6712,7,adjacent_difference,6705,6704
6713,7,adjacent_difference,6706,6705
6714,7,adjacent_difference,6707,6706
6715,7,adjacent_difference,6708,6707
6716,7,adjacent_difference,6709,6708
6717,7,adjacent_difference,6710,6709
6718,7,adjacent_difference,6711,6710
6719,7,adjacent_difference,6712,6711
6720,7,adjacent_difference,6713,6712
6721,7,adjacent_difference,6714,6713
6722,7,adjacent_difference,6715,6714
6723,7,adjacent_difference,6716,6715
6724,7,adjacent_difference,6717,6716
6725,7,adjacent_difference,6718,6717
6726,7,adjacent_difference,6719,6718
6727,7,adjacent_difference,6720,6719
6728,7,adjacent_difference,6721,6720
6729,7,adjacent_difference,6722,6721
6730,7,adjacent_difference,6723,6722
6731,7,adjacent_difference,6724,6723
6732,7,adjacent_difference,6725,6724
6733,7,adjacent_difference,6726,6725
6734,7,adjacent_difference,6727,6726
6735,7,adjacent_difference,6728,6727
6736,7,adjacent_difference,6729,6728
6737,7,adjacent_difference,6730,6729
6738,7,adjacent_difference,6731,6730
6739,7,adjacent_difference,6732,6731
6740,7,adjacent_difference,6733,6732
6741,7,adjacent_difference,6734,6733
6742,7,adjacent_difference,6735,6734
6743,7,adjacent_difference,6736,6735
6744,7,adjacent_difference,6737,6736
6745,7,adjacent_difference,6738,6737
6746,7,adjacent_difference,6739,6738
6747,7,adjacent_difference,6740,6739
6748,7,adjacent_difference,6741,6740
6749,7,adjacent_difference,6742,6741
6750,7,adjacent_difference,6743,6742
6751,7,adjacent_difference,6744,6743
6752,7,adjacent_difference,6745,6744
6753,7,adjacent_difference,6746,6745
6754,7,adjacent_difference,6747,6746
6755,7,adjacent_difference,6748,6747
6756,7,adjacent_difference,6749,6748
6757,7,adjacent_difference,6750,6749
6758,7,adjacent_difference,6751,6750
6759,7,adjacent_difference,6752,6751
6760,7,adjacent_difference,6753,6752
6761,7,adjacent_difference,6754,6753
6762,7,adjacent_difference,6755,6754
6763,7,adjacent_difference,6756,6755
6764,7,adjacent_difference,6757,6756
6765,7,adjacent_difference,6758,6757
6766,7,adjacent_difference,6759,6758
6767,7,terminal_inverse,-1,6759
6768,8,absolute_start,6760,-1
6769,8,adjacent_difference,6761,6760
6770,8,adjacent_difference,6762,6761
6771,8,adjacent_difference,6763,6762
6772,8,adjacent_difference,6764,6763
6773,8,adjacent_difference,6765,6764
6774,8,adjacent_difference,6766,6765
6775,8,adjacent_difference,6767,6766
6776,8,adjacent_difference,6768,6767
6777,8,adjacent_difference,6769,6768
6778,8,adjacent_difference,6770,6769
6779,8,adjacent_difference,6771,6770
6780,8,adjacent_difference,6772,6771
6781,8,adjacent_difference,6773,6772
6782,8,adjacent_difference,6774,6773
6783,8,adjacent_difference,6775,6774
6784,8,adjacent_difference,6776,6775
6785,8,adjacent_difference,6777,6776
6786,8,adjacent_difference,6778,6777
6787,8,adjacent_difference,6779,6778
6788,8,adjacent_difference,6780,6779
6789,8,adjacent_difference,6781,6780
6790,8,adjacent_difference,6782,6781
6791,8,adjacent_difference,6783,6782
6792,8,adjacent_difference,6784,6783
6793,8,adjacent_difference,6785,6784
6794,8,adjacent_difference,6786,6785
6795,8,adjacent_difference,6787,6786
6796,8,adjacent_difference,6788,6787
6797,8,adjacent_difference,6789,6788
6798,8,adjacent_difference,6790,6789
6799,8,adjacent_difference,6791,6790
6800,8,adjacent_difference,6792,6791
6801,8,adjacent_difference,6793,6792
6802,8,adjacent_difference,6794,6793
6803,8,adjacent_difference,6795,6794
6804,8,adjacent_difference,6796,6795
6805,8,adjacent_difference,6797,6796
6806,8,adjacent_difference,6798,6797
6807,8,adjacent_difference,6799,6798
6808,8,adjacent_difference,6800,6799
6809,8,adjacent_difference,6801,6800
6810,8,adjacent_difference,6802,6801
6811,8,adjacent_difference,6803,6802
6812,8,adjacent_difference,6804,6803
6813,8,adjacent_difference,6805,6804
6814,8,adjacent_difference,6806,6805
6815,8,adjacent_difference,6807,6806
6816,8,adjacent_difference,6808,6807
6817,8,adjacent_difference,6809,6808
6818,8,adjacent_difference,6810,6809
6819,8,adjacent_difference,6811,6810
6820,8,adjacent_difference,6812,6811
6821,8,adjacent_difference,6813,6812
6822,8,adjacent_difference,6814,6813
6823,8,adjacent_difference,6815,6814
6824,8,adjacent_difference,6816,6815
6825,8,adjacent_difference,6817,6816
6826,8,adjacent_difference,6818,6817
6827,8,adjacent_difference,6819,6818
6828,8,adjacent_difference,6820,6819
6829,8,adjacent_difference,6821,6820
6830,8,adjacent_difference,6822,6821
6831,8,adjacent_difference,6823,6822
6832,8,adjacent_difference,6824,6823
6833,8,adjacent_difference,6825,6824
6834,8,adjacent_difference,6826,6825
6835,8,adjacent_difference,6827,6826
6836,8,adjacent_difference,6828,6827
6837,8,adjacent_difference,6829,6828
6838,8,adjacent_difference,6830,6829
6839,8,adjacent_difference,6831,6830
6840,8,adjacent_difference,6832,6831
6841,8,adjacent_difference,6833,6832
6842,8,adjacent_difference,6834,6833
6843,8,adjacent_difference,6835,6834
6844,8,adjacent_difference,6836,6835
6845,8,adjacent_difference,6837,6836
6846,8,adjacent_difference,6838,6837
6847,8,adjacent_difference,6839,6838
6848,8,adjacent_difference,6840,6839
6849,8,adjacent_difference,6841,6840
6850,8,adjacent_difference,6842,6841
6851,8,adjacent_difference,6843,6842
6852,8,adjacent_difference,6844,6843
6853,8,adjacent_difference,6845,6844
6854,8,adjacent_difference,6846,6845
6855,8,adjacent_difference,6847,6846
6856,8,adjacent_difference,6848,6847
6857,8,adjacent_difference,6849,6848
6858,8,adjacent_difference,6850,6849
6859,8,adjacent_difference,6851,6850
6860,8,adjacent_difference,6852,6851
6861,8,adjacent_difference,6853,6852
6862,8,adjacent_difference,6854,6853
6863,8,adjacent_difference,6855,6854
6864,8,adjacent_difference,6856,6855
6865,8,adjacent_difference,6857,6856
6866,8,adjacent_difference,6858,6857
6867,8,adjacent_difference,6859,6858
6868,8,adjacent_difference,6860,6859
6869,8,adjacent_difference,6861,6860
6870,8,adjacent_difference,6862,6861
6871,8,adjacent_difference,6863,6862
6872,8,adjacent_difference,6864,6863
6873,8,adjacent_difference,6865,6864
6874,8,adjacent_difference,6866,6865
6875,8,adjacent_difference,6867,6866
6876,8,adjacent_difference,6868,6867
6877,8,adjacent_difference,6869,6868
6878,8,adjacent_difference,6870,6869
6879,8,adjacent_difference,6871,6870
6880,8,adjacent_difference,6872,6871
6881,8,adjacent_difference,6873,6872
6882,8,adjacent_difference,6874,6873
6883,8,adjacent_difference,6875,6874
6884,8,adjacent_difference,6876,6875
6885,8,adjacent_difference,6877,6876
6886,8,adjacent_difference,6878,6877
6887,8,adjacent_difference,6879,6878
6888,8,adjacent_difference,6880,6879
6889,8,adjacent_difference,6881,6880
6890,8,adjacent_difference,6882,6881
6891,8,adjacent_difference,6883,6882
6892,8,adjacent_difference,6884,6883
6893,8,adjacent_difference,6885,6884
6894,8,adjacent_difference,6886,6885
6895,8,adjacent_difference,6887,6886
6896,8,adjacent_difference,6888,6887
6897,8,adjacent_difference,6889,6888
6898,8,adjacent_difference,6890,6889
6899,8,adjacent_difference,6891,6890
6900,8,adjacent_difference,6892,6891
6901,8,adjacent_difference,6893,6892
6902,8,adjacent_difference,6894,6893
6903,8,adjacent_difference,6895,6894
6904,8,adjacent_difference,6896,6895
6905,8,adjacent_difference,6897,6896
6906,8,adjacent_difference,6898,6897
6907,8,adjacent_difference,6899,6898
6908,8,adjacent_difference,6900,6899
6909,8,adjacent_difference,6901,6900
6910,8,adjacent_difference,6902,6901
6911,8,adjacent_difference,6903,6902
6912,8,adjacent_difference,6904,6903
6913,8,adjacent_difference,6905,6904
6914,8,adjacent_difference,6906,6905
6915,8,adjacent_difference,6907,6906
6916,8,adjacent_difference,6908,6907
6917,8,adjacent_difference,6909,6908
6918,8,adjacent_difference,6910,6909
6919,8,adjacent_difference,6911,6910
6920,8,adjacent_difference,6912,6911
6921,8,adjacent_difference,6913,6912
6922,8,adjacent_difference,6914,6913
6923,8,adjacent_difference,6915,6914
6924,8,adjacent_difference,6916,6915
6925,8,adjacent_difference,6917,6916
6926,8,adjacent_difference,6918,6917
6927,8,adjacent_difference,6919,6918
6928,8,adjacent_difference,6920,6919
6929,8,adjacent_difference,6921,6920
6930,8,adjacent_difference,6922,6921
6931,8,adjacent_difference,6923,6922
6932,8,adjacent_difference,6924,6923
6933,8,adjacent_difference,6925,6924
6934,8,adjacent_difference,6926,6925
6935,8,adjacent_difference,6927,6926
6936,8,adjacent_difference,6928,6927
6937,8,adjacent_difference,6929,6928
6938,8,adjacent_difference,6930,6929
6939,8,adjacent_difference,6931,6930
6940,8,adjacent_difference,6932,6931
6941,8,adjacent_difference,6933,6932
6942,8,adjacent_difference,6934,6933
6943,8,adjacent_difference,6935,6934
6944,8,adjacent_difference,6936,6935
6945,8,adjacent_difference,6937,6936
6946,8,adjacent_difference,6938,6937
6947,8,adjacent_difference,6939,6938
6948,8,adjacent_difference,6940,6939
6949,8,adjacent_difference,6941,6940
6950,8,adjacent_difference,6942,6941
6951,8,adjacent_difference,6943,6942
6952,8,adjacent_difference,6944,6943
6953,8,adjacent_difference,6945,6944
6954,8,adjacent_difference,6946,6945
6955,8,adjacent_difference,6947,6946
6956,8,adjacent_difference,6948,6947
6957,8,adjacent_difference,6949,6948
6958,8,adjacent_difference,6950,6949
6959,8,adjacent_difference,6951,6950
6960,8,adjacent_difference,6952,6951
6961,8,adjacent_difference,6953,6952
6962,8,adjacent_difference,6954,6953
6963,8,adjacent_difference,6955,6954
6964,8,adjacent_difference,6956,6955
6965,8,adjacent_difference,6957,6956
6966,8,adjacent_difference,6958,6957
6967,8,adjacent_difference,6959,6958
6968,8,adjacent_difference,6960,6959
6969,8,adjacent_difference,6961,6960
6970,8,adjacent_difference,6962,6961
6971,8,adjacent_difference,6963,6962
6972,8,adjacent_difference,6964,6963
6973,8,adjacent_difference,6965,6964
6974,8,adjacent_difference,6966,6965
6975,8,adjacent_difference,6967,6966
6976,8,adjacent_difference,6968,6967
6977,8,adjacent_difference,6969,6968
6978,8,adjacent_difference,6970,6969
6979,8,adjacent_difference,6971,6970
6980,8,adjacent_difference,6972,6971
6981,8,adjacent_difference,6973,6972
6982,8,adjacent_difference,6974,6973
6983,8,adjacent_difference,6975,6974
6984,8,adjacent_difference,6976,6975
6985,8,adjacent_difference,6977,6976
6986,8,adjacent_difference,6978,6977
6987,8,adjacent_difference,6979,6978
6988,8,adjacent_difference,6980,6979
6989,8,adjacent_difference,6981,6980
6990,8,adjacent_difference,6982,6981
6991,8,adjacent_difference,6983,6982
6992,8,adjacent_difference,6984,6983
6993,8,adjacent_difference,6985,6984
6994,8,adjacent_difference,6986,6985
6995,8,adjacent_difference,6987,6986
6996,8,adjacent_difference,6988,6987
6997,8,adjacent_difference,6989,6988
6998,8,adjacent_difference,6990,6989
6999,8,adjacent_difference,6991,6990
7000,8,adjacent_difference,6992,6991
7001,8,adjacent_difference,6993,6992
7002,8,adjacent_difference,6994,6993
7003,8,adjacent_difference,6995,6994
7004,8,adjacent_difference,6996,6995
7005,8,adjacent_difference,6997,6996
7006,8,adjacent_difference,6998,6997
7007,8,adjacent_difference,6999,6998
7008,8,adjacent_difference,7000,6999
7009,8,adjacent_difference,7001,7000
7010,8,adjacent_difference,7002,7001
7011,8,adjacent_difference,7003,7002
7012,8,adjacent_difference,7004,7003
7013,8,adjacent_difference,7005,7004
7014,8,adjacent_difference,7006,7005
7015,8,adjacent_difference,7007,7006
7016,8,adjacent_difference,7008,7007
7017,8,adjacent_difference,7009,7008
7018,8,adjacent_difference,7010,7009
7019,8,adjacent_difference,7011,7010
7020,8,adjacent_difference,7012,7011
7021,8,adjacent_difference,7013,7012
7022,8,adjacent_difference,7014,7013
7023,8,adjacent_difference,7015,7014
7024,8,adjacent_difference,7016,7015
7025,8,adjacent_difference,7017,7016
7026,8,adjacent_difference,7018,7017
7027,8,adjacent_difference,7019,7018
7028,8,adjacent_difference,7020,7019
7029,8,adjacent_difference,7021,7020
7030,8,adjacent_difference,7022,7021
7031,8,adjacent_difference,7023,7022
7032,8,adjacent_difference,7024,7023
7033,8,adjacent_difference,7025,7024
7034,8,adjacent_difference,7026,7025
7035,8,adjacent_difference,7027,7026
7036,8,adjacent_difference,7028,7027
7037,8,adjacent_difference,7029,7028
7038,8,adjacent_difference,7030,7029
7039,8,adjacent_difference,7031,7030
7040,8,adjacent_difference,7032,7031
7041,8,adjacent_difference,7033,7032
7042,8,adjacent_difference,7034,7033
7043,8,adjacent_difference,7035,7034
7044,8,adjacent_difference,7036,7035
7045,8,adjacent_difference,7037,7036
7046,8,adjacent_difference,7038,7037
7047,8,adjacent_difference,7039,7038
7048,8,adjacent_difference,7040,7039
7049,8,adjacent_difference,7041,7040
7050,8,adjacent_difference,7042,7041
7051,8,adjacent_difference,7043,7042
7052,8,adjacent_difference,7044,7043
7053,8,adjacent_difference,7045,7044
7054,8,adjacent_difference,7046,7045
7055,8,adjacent_difference,7047,7046
7056,8,adjacent_difference,7048,7047
7057,8,adjacent_difference,7049,7048
7058,8,adjacent_difference,7050,7049
7059,8,adjacent_difference,7051,7050
7060,8,adjacent_difference,7052,7051
7061,8,adjacent_difference,7053,7052
7062,8,adjacent_difference,7054,7053
7063,8,adjacent_difference,7055,7054
7064,8,adjacent_difference,7056,7055
7065,8,adjacent_difference,7057,7056
7066,8,adjacent_difference,7058,7057
7067,8,adjacent_difference,7059,7058
7068,8,adjacent_difference,7060,7059
7069,8,adjacent_difference,7061,7060
7070,8,adjacent_difference,7062,7061
7071,8,adjacent_difference,7063,7062
7072,8,adjacent_difference,7064,7063
7073,8,adjacent_difference,7065,7064
7074,8,adjacent_difference,7066,7065
7075,8,adjacent_difference,7067,7066
7076,8,adjacent_difference,7068,7067
7077,8,adjacent_difference,7069,7068
7078,8,adjacent_difference,7070,7069
7079,8,adjacent_difference,7071,7070
7080,8,adjacent_difference,7072,7071
7081,8,adjacent_difference,7073,7072
7082,8,adjacent_difference,7074,7073
7083,8,adjacent_difference,7075,7074
7084,8,adjacent_difference,7076,7075
7085,8,adjacent_difference,7077,7076
7086,8,adjacent_difference,7078,7077
7087,8,adjacent_difference,7079,7078
7088,8,adjacent_difference,7080,7079
7089,8,adjacent_difference,7081,7080
7090,8,adjacent_difference,7082,7081
7091,8,adjacent_difference,7083,7082
7092,8,adjacent_difference,7084,7083
7093,8,adjacent_difference,7085,7084
7094,8,adjacent_difference,7086,7085
7095,8,adjacent_difference,7087,7086
7096,8,adjacent_difference,7088,7087
7097,8,adjacent_difference,7089,7088
7098,8,adjacent_difference,7090,7089
7099,8,adjacent_difference,7091,7090
7100,8,adjacent_difference,7092,7091
7101,8,adjacent_difference,7093,7092
7102,8,adjacent_difference,7094,7093
7103,8,adjacent_difference,7095,7094
7104,8,adjacent_difference,7096,7095
7105,8,adjacent_difference,7097,7096
7106,8,adjacent_difference,7098,7097
7107,8,adjacent_difference,7099,7098
7108,8,adjacent_difference,7100,7099
7109,8,adjacent_difference,7101,7100
7110,8,adjacent_difference,7102,7101
7111,8,adjacent_difference,7103,7102
7112,8,adjacent_difference,7104,7103
7113,8,adjacent_difference,7105,7104
7114,8,adjacent_difference,7106,7105
7115,8,adjacent_difference,7107,7106
7116,8,adjacent_difference,7108,7107
7117,8,adjacent_difference,7109,7108
7118,8,adjacent_difference,7110,7109
7119,8,adjacent_difference,7111,7110
7120,8,adjacent_difference,7112,7111
7121,8,adjacent_difference,7113,7112
7122,8,adjacent_difference,7114,7113
7123,8,adjacent_difference,7115,7114
7124,8,adjacent_difference,7116,7115
7125,8,adjacent_difference,7117,7116
7126,8,adjacent_difference,7118,7117
7127,8,adjacent_difference,7119,7118
7128,8,adjacent_difference,7120,7119
7129,8,adjacent_difference,7121,7120
7130,8,adjacent_difference,7122,7121
7131,8,adjacent_difference,7123,7122
7132,8,adjacent_difference,7124,7123
7133,8,adjacent_difference,7125,7124
7134,8,adjacent_difference,7126,7125
7135,8,adjacent_difference,7127,7126
7136,8,adjacent_difference,7128,7127
7137,8,adjacent_difference,7129,7128
7138,8,adjacent_difference,7130,7129
7139,8,adjacent_difference,7131,7130
7140,8,adjacent_difference,7132,7131
7141,8,adjacent_difference,7133,7132
7142,8,adjacent_difference,7134,7133
7143,8,adjacent_difference,7135,7134
7144,8,adjacent_difference,7136,7135
7145,8,adjacent_difference,7137,7136
7146,8,adjacent_difference,7138,7137
7147,8,adjacent_difference,7139,7138
7148,8,adjacent_difference,7140,7139
7149,8,adjacent_difference,7141,7140
7150,8,adjacent_difference,7142,7141
7151,8,adjacent_difference,7143,7142
7152,8,adjacent_difference,7144,7143
7153,8,adjacent_difference,7145,7144
7154,8,adjacent_difference,7146,7145
7155,8,adjacent_difference,7147,7146
7156,8,adjacent_difference,7148,7147
7157,8,adjacent_difference,7149,7148
7158,8,adjacent_difference,7150,7149
7159,8,adjacent_difference,7151,7150
7160,8,adjacent_difference,7152,7151
7161,8,adjacent_difference,7153,7152
7162,8,adjacent_difference,7154,7153
7163,8,adjacent_difference,7155,7154
7164,8,adjacent_difference,7156,7155
7165,8,adjacent_difference,7157,7156
7166,8,adjacent_difference,7158,7157
7167,8,adjacent_difference,7159,7158
7168,8,adjacent_difference,7160,7159
7169,8,adjacent_difference,7161,7160
7170,8,adjacent_difference,7162,7161
7171,8,adjacent_difference,7163,7162
7172,8,adjacent_difference,7164,7163
7173,8,adjacent_difference,7165,7164
7174,8,adjacent_difference,7166,7165
7175,8,adjacent_difference,7167,7166
7176,8,adjacent_difference,7168,7167
7177,8,adjacent_difference,7169,7168
7178,8,adjacent_difference,7170,7169
7179,8,adjacent_difference,7171,7170
7180,8,adjacent_difference,7172,7171
7181,8,adjacent_difference,7173,7172
7182,8,adjacent_difference,7174,7173
7183,8,adjacent_difference,7175,7174
7184,8,adjacent_difference,7176,7175
7185,8,adjacent_difference,7177,7176
7186,8,adjacent_difference,7178,7177
7187,8,adjacent_difference,7179,7178
7188,8,adjacent_difference,7180,7179
7189,8,adjacent_difference,7181,7180
7190,8,adjacent_difference,7182,7181
7191,8,adjacent_difference,7183,7182
7192,8,adjacent_difference,7184,7183
7193,8,adjacent_difference,7185,7184
7194,8,adjacent_difference,7186,7185
7195,8,adjacent_difference,7187,7186
7196,8,adjacent_difference,7188,7187
7197,8,adjacent_difference,7189,7188
7198,8,adjacent_difference,7190,7189
7199,8,adjacent_difference,7191,7190
7200,8,adjacent_difference,7192,7191
7201,8,adjacent_difference,7193,7192
7202,8,adjacent_difference,7194,7193
7203,8,adjacent_difference,7195,7194
7204,8,adjacent_difference,7196,7195
7205,8,adjacent_difference,7197,7196
7206,8,adjacent_difference,7198,7197
7207,8,adjacent_difference,7199,7198
7208,8,adjacent_difference,7200,7199
7209,8,adjacent_difference,7201,7200
7210,8,adjacent_difference,7202,7201
7211,8,adjacent_difference,7203,7202
7212,8,adjacent_difference,7204,7203
7213,8,adjacent_difference,7205,7204
7214,8,adjacent_difference,7206,7205
7215,8,adjacent_difference,7207,7206
7216,8,adjacent_difference,7208,7207
7217,8,adjacent_difference,7209,7208
7218,8,adjacent_difference,7210,7209
7219,8,adjacent_difference,7211,7210
7220,8,adjacent_difference,7212,7211
7221,8,adjacent_difference,7213,7212
7222,8,adjacent_difference,7214,7213
7223,8,adjacent_difference,7215,7214
7224,8,adjacent_difference,7216,7215
7225,8,adjacent_difference,7217,7216
7226,8,adjacent_difference,7218,7217
7227,8,adjacent_difference,7219,7218
7228,8,adjacent_difference,7220,7219
7229,8,adjacent_difference,7221,7220
7230,8,adjacent_difference,7222,7221
7231,8,adjacent_difference,7223,7222
7232,8,adjacent_difference,7224,7223
7233,8,adjacent_difference,7225,7224
7234,8,adjacent_difference,7226,7225
7235,8,adjacent_difference,7227,7226
7236,8,adjacent_difference,7228,7227
7237,8,adjacent_difference,7229,7228
7238,8,adjacent_difference,7230,7229
7239,8,adjacent_difference,7231,7230
7240,8,adjacent_difference,7232,7231
7241,8,adjacent_difference,7233,7232
7242,8,adjacent_difference,7234,7233
7243,8,adjacent_difference,7235,7234
7244,8,adjacent_difference,7236,7235
7245,8,adjacent_difference,7237,7236
7246,8,adjacent_difference,7238,7237
7247,8,adjacent_difference,7239,7238
7248,8,adjacent_difference,7240,7239
7249,8,adjacent_difference,7241,7240
7250,8,adjacent_difference,7242,7241
7251,8,adjacent_difference,7243,7242
7252,8,adjacent_difference,7244,7243
7253,8,adjacent_difference,7245,7244
7254,8,adjacent_difference,7246,7245
7255,8,adjacent_difference,7247,7246
7256,8,adjacent_difference,7248,7247
7257,8,adjacent_difference,7249,7248
7258,8,adjacent_difference,7250,7249
7259,8,adjacent_difference,7251,7250
7260,8,adjacent_difference,7252,7251
7261,8,adjacent_difference,7253,7252
7262,8,adjacent_difference,7254,7253
7263,8,adjacent_difference,7255,7254
7264,8,adjacent_difference,7256,7255
7265,8,adjacent_difference,7257,7256
7266,8,adjacent_difference,7258,7257
7267,8,adjacent_difference,7259,7258
7268,8,adjacent_difference,7260,7259
7269,8,adjacent_difference,7261,7260
7270,8,adjacent_difference,7262,7261
7271,8,adjacent_difference,7263,7262
7272,8,adjacent_difference,7264,7263
7273,8,adjacent_difference,7265,7264
7274,8,adjacent_difference,7266,7265
7275,8,adjacent_difference,7267,7266
7276,8,adjacent_difference,7268,7267
7277,8,adjacent_difference,7269,7268
7278,8,adjacent_difference,7270,7269
7279,8,adjacent_difference,7271,7270
7280,8,adjacent_difference,7272,7271
7281,8,adjacent_difference,7273,7272
7282,8,adjacent_difference,7274,7273
7283,8,adjacent_difference,7275,7274
7284,8,adjacent_difference,7276,7275
7285,8,adjacent_difference,7277,7276
7286,8,adjacent_difference,7278,7277
7287,8,adjacent_difference,7279,7278
7288,8,adjacent_difference,7280,7279
7289,8,adjacent_difference,7281,7280
7290,8,adjacent_difference,7282,7281
7291,8,adjacent_difference,7283,7282
7292,8,adjacent_difference,7284,7283
7293,8,adjacent_difference,7285,7284
7294,8,adjacent_difference,7286,7285
7295,8,adjacent_difference,7287,7286
7296,8,adjacent_difference,7288,7287
7297,8,adjacent_difference,7289,7288
7298,8,adjacent_difference,7290,7289
7299,8,adjacent_difference,7291,7290
7300,8,adjacent_difference,7292,7291
7301,8,adjacent_difference,7293,7292
7302,8,adjacent_difference,7294,7293
7303,8,adjacent_difference,7295,7294
7304,8,adjacent_difference,7296,7295
7305,8,adjacent_difference,7297,7296
7306,8,adjacent_difference,7298,7297
7307,8,adjacent_difference,7299,7298
7308,8,adjacent_difference,7300,7299
7309,8,adjacent_difference,7301,7300
7310,8,adjacent_difference,7302,7301
7311,8,adjacent_difference,7303,7302
7312,8,adjacent_difference,7304,7303
7313,8,adjacent_difference,7305,7304
7314,8,adjacent_difference,7306,7305
7315,8,adjacent_difference,7307,7306
7316,8,adjacent_difference,7308,7307
7317,8,adjacent_difference,7309,7308
7318,8,adjacent_difference,7310,7309
7319,8,adjacent_difference,7311,7310
7320,8,adjacent_difference,7312,7311
7321,8,adjacent_difference,7313,7312
7322,8,adjacent_difference,7314,7313
7323,8,adjacent_difference,7315,7314
7324,8,adjacent_difference,7316,7315
7325,8,adjacent_difference,7317,7316
7326,8,adjacent_difference,7318,7317
7327,8,adjacent_difference,7319,7318
7328,8,adjacent_difference,7320,7319
7329,8,adjacent_difference,7321,7320
7330,8,adjacent_difference,7322,7321
7331,8,adjacent_difference,7323,7322
7332,8,adjacent_difference,7324,7323
7333,8,adjacent_difference,7325,7324
7334,8,adjacent_difference,7326,7325
7335,8,adjacent_difference,7327,7326
7336,8,adjacent_difference,7328,7327
7337,8,adjacent_difference,7329,7328
7338,8,adjacent_difference,7330,7329
7339,8,adjacent_difference,7331,7330
7340,8,adjacent_difference,7332,7331
7341,8,adjacent_difference,7333,7332
7342,8,adjacent_difference,7334,7333
7343,8,adjacent_difference,7335,7334
7344,8,adjacent_difference,7336,7335
7345,8,adjacent_difference,7337,7336
7346,8,adjacent_difference,7338,7337
7347,8,adjacent_difference,7339,7338
7348,8,adjacent_difference,7340,7339
7349,8,adjacent_difference,7341,7340
7350,8,adjacent_difference,7342,7341
7351,8,adjacent_difference,7343,7342
7352,8,adjacent_difference,7344,7343
7353,8,adjacent_difference,7345,7344
7354,8,adjacent_difference,7346,7345
7355,8,adjacent_difference,7347,7346
7356,8,adjacent_difference,7348,7347
7357,8,adjacent_difference,7349,7348
7358,8,adjacent_difference,7350,7349
7359,8,adjacent_difference,7351,7350
7360,8,adjacent_difference,7352,7351
7361,8,adjacent_difference,7353,7352
7362,8,adjacent_difference,7354,7353
7363,8,adjacent_difference,7355,7354
7364,8,adjacent_difference,7356,7355
7365,8,adjacent_difference,7357,7356
7366,8,adjacent_difference,7358,7357
7367,8,adjacent_difference,7359,7358
7368,8,adjacent_difference,7360,7359
7369,8,adjacent_difference,7361,7360
7370,8,adjacent_difference,7362,7361
7371,8,adjacent_difference,7363,7362
7372,8,adjacent_difference,7364,7363
7373,8,adjacent_difference,7365,7364
7374,8,adjacent_difference,7366,7365
7375,8,adjacent_difference,7367,7366
7376,8,adjacent_difference,7368,7367
7377,8,adjacent_difference,7369,7368
7378,8,adjacent_difference,7370,7369
7379,8,adjacent_difference,7371,7370
7380,8,adjacent_difference,7372,7371
7381,8,adjacent_difference,7373,7372
7382,8,adjacent_difference,7374,7373
7383,8,adjacent_difference,7375,7374
7384,8,adjacent_difference,7376,7375
7385,8,adjacent_difference,7377,7376
7386,8,adjacent_difference,7378,7377
7387,8,adjacent_difference,7379,7378
7388,8,adjacent_difference,7380,7379
7389,8,adjacent_difference,7381,7380
7390,8,adjacent_difference,7382,7381
7391,8,adjacent_difference,7383,7382
7392,8,adjacent_difference,7384,7383
7393,8,adjacent_difference,7385,7384
7394,8,adjacent_difference,7386,7385
7395,8,adjacent_difference,7387,7386
7396,8,adjacent_difference,7388,7387
7397,8,adjacent_difference,7389,7388
7398,8,adjacent_difference,7390,7389
7399,8,adjacent_difference,7391,7390
7400,8,adjacent_difference,7392,7391
7401,8,adjacent_difference,7393,7392
7402,8,adjacent_difference,7394,7393
7403,8,adjacent_difference,7395,7394
7404,8,adjacent_difference,7396,7395
7405,8,adjacent_difference,7397,7396
7406,8,adjacent_difference,7398,7397
7407,8,adjacent_difference,7399,7398
7408,8,adjacent_difference,7400,7399
7409,8,adjacent_difference,7401,7400
7410,8,adjacent_difference,7402,7401
7411,8,adjacent_difference,7403,7402
7412,8,adjacent_difference,7404,7403
7413,8,adjacent_difference,7405,7404
7414,8,adjacent_difference,7406,7405
7415,8,adjacent_difference,7407,7406
7416,8,adjacent_difference,7408,7407
7417,8,adjacent_difference,7409,7408
7418,8,adjacent_difference,7410,7409
7419,8,adjacent_difference,7411,7410
7420,8,adjacent_difference,7412,7411
7421,8,adjacent_difference,7413,7412
7422,8,adjacent_difference,7414,7413
7423,8,adjacent_difference,7415,7414
7424,8,adjacent_difference,7416,7415
7425,8,adjacent_difference,7417,7416
7426,8,adjacent_difference,7418,7417
7427,8,adjacent_difference,7419,7418
7428,8,adjacent_difference,7420,7419
7429,8,adjacent_difference,7421,7420
7430,8,adjacent_difference,7422,7421
7431,8,adjacent_difference,7423,7422
7432,8,adjacent_difference,7424,7423
7433,8,adjacent_difference,7425,7424
7434,8,adjacent_difference,7426,7425
7435,8,adjacent_difference,7427,7426
7436,8,adjacent_difference,7428,7427
7437,8,adjacent_difference,7429,7428
7438,8,adjacent_difference,7430,7429
7439,8,adjacent_difference,7431,7430
7440,8,adjacent_difference,7432,7431
7441,8,adjacent_difference,7433,7432
7442,8,adjacent_difference,7434,7433
7443,8,adjacent_difference,7435,7434
7444,8,adjacent_difference,7436,7435
7445,8,adjacent_difference,7437,7436
7446,8,adjacent_difference,7438,7437
7447,8,adjacent_difference,7439,7438
7448,8,adjacent_difference,7440,7439
7449,8,adjacent_difference,7441,7440
7450,8,adjacent_difference,7442,7441
7451,8,adjacent_difference,7443,7442
7452,8,adjacent_difference,7444,7443
7453,8,adjacent_difference,7445,7444
7454,8,adjacent_difference,7446,7445
7455,8,adjacent_difference,7447,7446
7456,8,adjacent_difference,7448,7447
7457,8,adjacent_difference,7449,7448
7458,8,adjacent_difference,7450,7449
7459,8,adjacent_difference,7451,7450
7460,8,adjacent_difference,7452,7451
7461,8,adjacent_difference,7453,7452
7462,8,adjacent_difference,7454,7453
7463,8,adjacent_difference,7455,7454
7464,8,adjacent_difference,7456,7455
7465,8,adjacent_difference,7457,7456
7466,8,adjacent_difference,7458,7457
7467,8,adjacent_difference,7459,7458
7468,8,adjacent_difference,7460,7459
7469,8,adjacent_difference,7461,7460
7470,8,adjacent_difference,7462,7461
7471,8,adjacent_difference,7463,7462
7472,8,adjacent_difference,7464,7463
7473,8,adjacent_difference,7465,7464
7474,8,adjacent_difference,7466,7465
7475,8,adjacent_difference,7467,7466
7476,8,adjacent_difference,7468,7467
7477,8,adjacent_difference,7469,7468
7478,8,adjacent_difference,7470,7469
7479,8,adjacent_difference,7471,7470
7480,8,adjacent_difference,7472,7471
7481,8,adjacent_difference,7473,7472
7482,8,adjacent_difference,7474,7473
7483,8,adjacent_difference,7475,7474
7484,8,adjacent_difference,7476,7475
7485,8,adjacent_difference,7477,7476
7486,8,adjacent_difference,7478,7477
7487,8,adjacent_difference,7479,7478
7488,8,adjacent_difference,7480,7479
7489,8,adjacent_difference,7481,7480
7490,8,adjacent_difference,7482,7481
7491,8,adjacent_difference,7483,7482
7492,8,adjacent_difference,7484,7483
7493,8,adjacent_difference,7485,7484
7494,8,adjacent_difference,7486,7485
7495,8,adjacent_difference,7487,7486
7496,8,adjacent_difference,7488,7487
7497,8,adjacent_difference,7489,7488
7498,8,adjacent_difference,7490,7489
7499,8,adjacent_difference,7491,7490
7500,8,adjacent_difference,7492,7491
7501,8,adjacent_difference,7493,7492
7502,8,adjacent_difference,7494,7493
7503,8,adjacent_difference,7495,7494
7504,8,adjacent_difference,7496,7495
7505,8,adjacent_difference,7497,7496
7506,8,adjacent_difference,7498,7497
7507,8,adjacent_difference,7499,7498
7508,8,adjacent_difference,7500,7499
7509,8,adjacent_difference,7501,7500
7510,8,adjacent_difference,7502,7501
7511,8,adjacent_difference,7503,7502
7512,8,adjacent_difference,7504,7503
7513,8,adjacent_difference,7505,7504
7514,8,adjacent_difference,7506,7505
7515,8,adjacent_difference,7507,7506
7516,8,adjacent_difference,7508,7507
7517,8,adjacent_difference,7509,7508
7518,8,adjacent_difference,7510,7509
7519,8,adjacent_difference,7511,7510
7520,8,adjacent_difference,7512,7511
7521,8,adjacent_difference,7513,7512
7522,8,adjacent_difference,7514,7513
7523,8,adjacent_difference,7515,7514
7524,8,adjacent_difference,7516,7515
7525,8,adjacent_difference,7517,7516
7526,8,adjacent_difference,7518,7517
7527,8,adjacent_difference,7519,7518
7528,8,adjacent_difference,7520,7519
7529,8,adjacent_difference,7521,7520
7530,8,adjacent_difference,7522,7521
7531,8,adjacent_difference,7523,7522
7532,8,adjacent_difference,7524,7523
7533,8,adjacent_difference,7525,7524
7534,8,adjacent_difference,7526,7525
7535,8,adjacent_difference,7527,7526
7536,8,adjacent_difference,7528,7527
7537,8,adjacent_difference,7529,7528
7538,8,adjacent_difference,7530,7529
7539,8,adjacent_difference,7531,7530
7540,8,adjacent_difference,7532,7531
7541,8,adjacent_difference,7533,7532
7542,8,adjacent_difference,7534,7533
7543,8,adjacent_difference,7535,7534
7544,8,adjacent_difference,7536,7535
7545,8,adjacent_difference,7537,7536
7546,8,adjacent_difference,7538,7537
7547,8,adjacent_difference,7539,7538
7548,8,adjacent_difference,7540,7539
7549,8,adjacent_difference,7541,7540
7550,8,adjacent_difference,7542,7541
7551,8,adjacent_difference,7543,7542
7552,8,adjacent_difference,7544,7543
7553,8,adjacent_difference,7545,7544
7554,8,adjacent_difference,7546,7545
7555,8,adjacent_difference,7547,7546
7556,8,adjacent_difference,7548,7547
7557,8,adjacent_difference,7549,7548
7558,8,adjacent_difference,7550,7549
7559,8,adjacent_difference,7551,7550
7560,8,adjacent_difference,7552,7551
7561,8,adjacent_difference,7553,7552
7562,8,adjacent_difference,7554,7553
7563,8,adjacent_difference,7555,7554
7564,8,adjacent_difference,7556,7555
7565,8,adjacent_difference,7557,7556
7566,8,adjacent_difference,7558,7557
7567,8,adjacent_difference,7559,7558
7568,8,adjacent_difference,7560,7559
7569,8,adjacent_difference,7561,7560
7570,8,adjacent_difference,7562,7561
7571,8,adjacent_difference,7563,7562
7572,8,adjacent_difference,7564,7563
7573,8,adjacent_difference,7565,7564
7574,8,adjacent_difference,7566,7565
7575,8,adjacent_difference,7567,7566
7576,8,adjacent_difference,7568,7567
7577,8,adjacent_difference,7569,7568
7578,8,adjacent_difference,7570,7569
7579,8,adjacent_difference,7571,7570
7580,8,adjacent_difference,7572,7571
7581,8,adjacent_difference,7573,7572
7582,8,adjacent_difference,7574,7573
7583,8,adjacent_difference,7575,7574
7584,8,adjacent_difference,7576,7575
7585,8,adjacent_difference,7577,7576
7586,8,adjacent_difference,7578,7577
7587,8,adjacent_difference,7579,7578
7588,8,adjacent_difference,7580,7579
7589,8,adjacent_difference,7581,7580
7590,8,adjacent_difference,7582,7581
7591,8,adjacent_difference,7583,7582
7592,8,adjacent_difference,7584,7583
7593,8,adjacent_difference,7585,7584
7594,8,adjacent_difference,7586,7585
7595,8,adjacent_difference,7587,7586
7596,8,adjacent_difference,7588,7587
7597,8,adjacent_difference,7589,7588
7598,8,adjacent_difference,7590,7589
7599,8,adjacent_difference,7591,7590
7600,8,adjacent_difference,7592,7591
7601,8,adjacent_difference,7593,7592
7602,8,adjacent_difference,7594,7593
7603,8,adjacent_difference,7595,7594
7604,8,adjacent_difference,7596,7595
7605,8,adjacent_difference,7597,7596
7606,8,adjacent_difference,7598,7597
7607,8,adjacent_difference,7599,7598
7608,8,adjacent_difference,7600,7599
7609,8,adjacent_difference,7601,7600
7610,8,adjacent_difference,7602,7601
7611,8,adjacent_difference,7603,7602
7612,8,adjacent_difference,7604,7603
7613,8,terminal_inverse,-1,7604
7614,9,absolute_start,7605,-1
7615,9,adjacent_difference,7606,7605
7616,9,adjacent_difference,7607,7606
7617,9,adjacent_difference,7608,7607
7618,9,adjacent_difference,7609,7608
7619,9,adjacent_difference,7610,7609
7620,9,adjacent_difference,7611,7610
7621,9,adjacent_difference,7612,7611
7622,9,adjacent_difference,7613,7612
7623,9,adjacent_difference,7614,7613
7624,9,adjacent_difference,7615,7614
7625,9,adjacent_difference,7616,7615
7626,9,adjacent_difference,7617,7616
7627,9,adjacent_difference,7618,7617
7628,9,adjacent_difference,7619,7618
7629,9,adjacent_difference,7620,7619
7630,9,adjacent_difference,7621,7620
7631,9,adjacent_difference,7622,7621
7632,9,adjacent_difference,7623,7622
7633,9,adjacent_difference,7624,7623
7634,9,adjacent_difference,7625,7624
7635,9,adjacent_difference,7626,7625
7636,9,adjacent_difference,7627,7626
7637,9,adjacent_difference,7628,7627
7638,9,adjacent_difference,7629,7628
7639,9,adjacent_difference,7630,7629
7640,9,adjacent_difference,7631,7630
7641,9,adjacent_difference,7632,7631
7642,9,adjacent_difference,7633,7632
7643,9,adjacent_difference,7634,7633
7644,9,adjacent_difference,7635,7634
7645,9,adjacent_difference,7636,7635
7646,9,adjacent_difference,7637,7636
7647,9,adjacent_difference,7638,7637
7648,9,adjacent_difference,7639,7638
7649,9,adjacent_difference,7640,7639
7650,9,adjacent_difference,7641,7640
7651,9,adjacent_difference,7642,7641
7652,9,adjacent_difference,7643,7642
7653,9,adjacent_difference,7644,7643
7654,9,adjacent_difference,7645,7644
7655,9,adjacent_difference,7646,7645
7656,9,adjacent_difference,7647,7646
7657,9,adjacent_difference,7648,7647
7658,9,adjacent_difference,7649,7648
7659,9,adjacent_difference,7650,7649
7660,9,adjacent_difference,7651,7650
7661,9,adjacent_difference,7652,7651
7662,9,adjacent_difference,7653,7652
7663,9,adjacent_difference,7654,7653
7664,9,adjacent_difference,7655,7654
7665,9,adjacent_difference,7656,7655
7666,9,adjacent_difference,7657,7656
7667,9,adjacent_difference,7658,7657
7668,9,adjacent_difference,7659,7658
7669,9,adjacent_difference,7660,7659
7670,9,adjacent_difference,7661,7660
7671,9,adjacent_difference,7662,7661
7672,9,adjacent_difference,7663,7662
7673,9,adjacent_difference,7664,7663
7674,9,adjacent_difference,7665,7664
7675,9,adjacent_difference,7666,7665
7676,9,adjacent_difference,7667,7666
7677,9,adjacent_difference,7668,7667
7678,9,adjacent_difference,7669,7668
7679,9,adjacent_difference,7670,7669
7680,9,adjacent_difference,7671,7670
7681,9,adjacent_difference,7672,7671
7682,9,adjacent_difference,7673,7672
7683,9,adjacent_difference,7674,7673
7684,9,adjacent_difference,7675,7674
7685,9,adjacent_difference,7676,7675
7686,9,adjacent_difference,7677,7676
7687,9,adjacent_difference,7678,7677
7688,9,adjacent_difference,7679,7678
7689,9,adjacent_difference,7680,7679
7690,9,adjacent_difference,7681,7680
7691,9,adjacent_difference,7682,7681
7692,9,adjacent_difference,7683,7682
7693,9,adjacent_difference,7684,7683
7694,9,adjacent_difference,7685,7684
7695,9,adjacent_difference,7686,7685
7696,9,adjacent_difference,7687,7686
7697,9,adjacent_difference,7688,7687
7698,9,adjacent_difference,7689,7688
7699,9,adjacent_difference,7690,7689
7700,9,adjacent_difference,7691,7690
7701,9,adjacent_difference,7692,7691
7702,9,adjacent_difference,7693,7692
7703,9,adjacent_difference,7694,7693
7704,9,adjacent_difference,7695,7694
7705,9,adjacent_difference,7696,7695
7706,9,adjacent_difference,7697,7696
7707,9,adjacent_difference,7698,7697
7708,9,adjacent_difference,7699,7698
7709,9,adjacent_difference,7700,7699
7710,9,adjacent_difference,7701,7700
7711,9,adjacent_difference,7702,7701
7712,9,adjacent_difference,7703,7702
7713,9,adjacent_difference,7704,7703
7714,9,adjacent_difference,7705,7704
7715,9,adjacent_difference,7706,7705
7716,9,adjacent_difference,7707,7706
7717,9,adjacent_difference,7708,7707
7718,9,adjacent_difference,7709,7708
7719,9,adjacent_difference,7710,7709
7720,9,adjacent_difference,7711,7710
7721,9,adjacent_difference,7712,7711
7722,9,adjacent_difference,7713,7712
7723,9,adjacent_difference,7714,7713
7724,9,adjacent_difference,7715,7714
7725,9,adjacent_difference,7716,7715
7726,9,adjacent_difference,7717,7716
7727,9,adjacent_difference,7718,7717
7728,9,adjacent_difference,7719,7718
7729,9,adjacent_difference,7720,7719
7730,9,adjacent_difference,7721,7720
7731,9,adjacent_difference,7722,7721
7732,9,adjacent_difference,7723,7722
7733,9,adjacent_difference,7724,7723
7734,9,adjacent_difference,7725,7724
7735,9,adjacent_difference,7726,7725
7736,9,adjacent_difference,7727,7726
7737,9,adjacent_difference,7728,7727
7738,9,adjacent_difference,7729,7728
7739,9,adjacent_difference,7730,7729
7740,9,adjacent_difference,7731,7730
7741,9,adjacent_difference,7732,7731
7742,9,adjacent_difference,7733,7732
7743,9,adjacent_difference,7734,7733
7744,9,adjacent_difference,7735,7734
7745,9,adjacent_difference,7736,7735
7746,9,adjacent_difference,7737,7736
7747,9,adjacent_difference,7738,7737
7748,9,adjacent_difference,7739,7738
7749,9,adjacent_difference,7740,7739
7750,9,adjacent_difference,7741,7740
7751,9,adjacent_difference,7742,7741
7752,9,adjacent_difference,7743,7742
7753,9,adjacent_difference,7744,7743
7754,9,adjacent_difference,7745,7744
7755,9,adjacent_difference,7746,7745
7756,9,adjacent_difference,7747,7746
7757,9,adjacent_difference,7748,7747
7758,9,adjacent_difference,7749,7748
7759,9,adjacent_difference,7750,7749
7760,9,adjacent_difference,7751,7750
7761,9,adjacent_difference,7752,7751
7762,9,adjacent_difference,7753,7752
7763,9,adjacent_difference,7754,7753
7764,9,adjacent_difference,7755,7754
7765,9,adjacent_difference,7756,7755
7766,9,adjacent_difference,7757,7756
7767,9,adjacent_difference,7758,7757
7768,9,adjacent_difference,7759,7758
7769,9,adjacent_difference,7760,7759
7770,9,adjacent_difference,7761,7760
7771,9,adjacent_difference,7762,7761
7772,9,adjacent_difference,7763,7762
7773,9,adjacent_difference,7764,7763
7774,9,adjacent_difference,7765,7764
7775,9,adjacent_difference,7766,7765
7776,9,adjacent_difference,7767,7766
7777,9,adjacent_difference,7768,7767
7778,9,adjacent_difference,7769,7768
7779,9,adjacent_difference,7770,7769
7780,9,adjacent_difference,7771,7770
7781,9,adjacent_difference,7772,7771
7782,9,adjacent_difference,7773,7772
7783,9,adjacent_difference,7774,7773
7784,9,adjacent_difference,7775,7774
7785,9,adjacent_difference,7776,7775
7786,9,adjacent_difference,7777,7776
7787,9,adjacent_difference,7778,7777
7788,9,adjacent_difference,7779,7778
7789,9,adjacent_difference,7780,7779
7790,9,adjacent_difference,7781,7780
7791,9,adjacent_difference,7782,7781
7792,9,adjacent_difference,7783,7782
7793,9,adjacent_difference,7784,7783
7794,9,adjacent_difference,7785,7784
7795,9,adjacent_difference,7786,7785
7796,9,adjacent_difference,7787,7786
7797,9,adjacent_difference,7788,7787
7798,9,adjacent_difference,7789,7788
7799,9,adjacent_difference,7790,7789
7800,9,adjacent_difference,7791,7790
7801,9,adjacent_difference,7792,7791
7802,9,adjacent_difference,7793,7792
7803,9,adjacent_difference,7794,7793
7804,9,adjacent_difference,7795,7794
7805,9,adjacent_difference,7796,7795
7806,9,adjacent_difference,7797,7796
7807,9,adjacent_difference,7798,7797
7808,9,adjacent_difference,7799,7798
7809,9,adjacent_difference,7800,7799
7810,9,adjacent_difference,7801,7800
7811,9,adjacent_difference,7802,7801
7812,9,adjacent_difference,7803,7802
7813,9,adjacent_difference,7804,7803
7814,9,adjacent_difference,7805,7804
7815,9,adjacent_difference,7806,7805
7816,9,adjacent_difference,7807,7806
7817,9,adjacent_difference,7808,7807
7818,9,adjacent_difference,7809,7808
7819,9,adjacent_difference,7810,7809
7820,9,adjacent_difference,7811,7810
7821,9,adjacent_difference,7812,7811
7822,9,adjacent_difference,7813,7812
7823,9,adjacent_difference,7814,7813
7824,9,adjacent_difference,7815,7814
7825,9,adjacent_difference,7816,7815
7826,9,adjacent_difference,7817,7816
7827,9,adjacent_difference,7818,7817
7828,9,adjacent_difference,7819,7818
7829,9,adjacent_difference,7820,7819
7830,9,adjacent_difference,7821,7820
7831,9,adjacent_difference,7822,7821
7832,9,adjacent_difference,7823,7822
7833,9,adjacent_difference,7824,7823
7834,9,adjacent_difference,7825,7824
7835,9,adjacent_difference,7826,7825
7836,9,adjacent_difference,7827,7826
7837,9,adjacent_difference,7828,7827
7838,9,adjacent_difference,7829,7828
7839,9,adjacent_difference,7830,7829
7840,9,adjacent_difference,7831,7830
7841,9,adjacent_difference,7832,7831
7842,9,adjacent_difference,7833,7832
7843,9,adjacent_difference,7834,7833
7844,9,adjacent_difference,7835,7834
7845,9,adjacent_difference,7836,7835
7846,9,adjacent_difference,7837,7836
7847,9,adjacent_difference,7838,7837
7848,9,adjacent_difference,7839,7838
7849,9,adjacent_difference,7840,7839
7850,9,adjacent_difference,7841,7840
7851,9,adjacent_difference,7842,7841
7852,9,adjacent_difference,7843,7842
7853,9,adjacent_difference,7844,7843
7854,9,adjacent_difference,7845,7844
7855,9,adjacent_difference,7846,7845
7856,9,adjacent_difference,7847,7846
7857,9,adjacent_difference,7848,7847
7858,9,adjacent_difference,7849,7848
7859,9,adjacent_difference,7850,7849
7860,9,adjacent_difference,7851,7850
7861,9,adjacent_difference,7852,7851
7862,9,adjacent_difference,7853,7852
7863,9,adjacent_difference,7854,7853
7864,9,adjacent_difference,7855,7854
7865,9,adjacent_difference,7856,7855
7866,9,adjacent_difference,7857,7856
7867,9,adjacent_difference,7858,7857
7868,9,adjacent_difference,7859,7858
7869,9,adjacent_difference,7860,7859
7870,9,adjacent_difference,7861,7860
7871,9,adjacent_difference,7862,7861
7872,9,adjacent_difference,7863,7862
7873,9,adjacent_difference,7864,7863
7874,9,adjacent_difference,7865,7864
7875,9,adjacent_difference,7866,7865
7876,9,adjacent_difference,7867,7866
7877,9,adjacent_difference,7868,7867
7878,9,adjacent_difference,7869,7868
7879,9,adjacent_difference,7870,7869
7880,9,adjacent_difference,7871,7870
7881,9,adjacent_difference,7872,7871
7882,9,adjacent_difference,7873,7872
7883,9,adjacent_difference,7874,7873
7884,9,adjacent_difference,7875,7874
7885,9,adjacent_difference,7876,7875
7886,9,adjacent_difference,7877,7876
7887,9,adjacent_difference,7878,7877
7888,9,adjacent_difference,7879,7878
7889,9,adjacent_difference,7880,7879
7890,9,adjacent_difference,7881,7880
7891,9,adjacent_difference,7882,7881
7892,9,adjacent_difference,7883,7882
7893,9,adjacent_difference,7884,7883
7894,9,adjacent_difference,7885,7884
7895,9,adjacent_difference,7886,7885
7896,9,adjacent_difference,7887,7886
7897,9,adjacent_difference,7888,7887
7898,9,adjacent_difference,7889,7888
7899,9,adjacent_difference,7890,7889
7900,9,adjacent_difference,7891,7890
7901,9,adjacent_difference,7892,7891
7902,9,adjacent_difference,7893,7892
7903,9,adjacent_difference,7894,7893
7904,9,adjacent_difference,7895,7894
7905,9,adjacent_difference,7896,7895
7906,9,adjacent_difference,7897,7896
7907,9,adjacent_difference,7898,7897
7908,9,adjacent_difference,7899,7898
7909,9,adjacent_difference,7900,7899
7910,9,adjacent_difference,7901,7900
7911,9,adjacent_difference,7902,7901
7912,9,adjacent_difference,7903,7902
7913,9,adjacent_difference,7904,7903
7914,9,adjacent_difference,7905,7904
7915,9,adjacent_difference,7906,7905
7916,9,adjacent_difference,7907,7906
7917,9,adjacent_difference,7908,7907
7918,9,adjacent_difference,7909,7908
7919,9,adjacent_difference,7910,7909
7920,9,adjacent_difference,7911,7910
7921,9,adjacent_difference,7912,7911
7922,9,adjacent_difference,7913,7912
7923,9,adjacent_difference,7914,7913
7924,9,adjacent_difference,7915,7914
7925,9,adjacent_difference,7916,7915
7926,9,adjacent_difference,7917,7916
7927,9,adjacent_difference,7918,7917
7928,9,adjacent_difference,7919,7918
7929,9,adjacent_difference,7920,7919
7930,9,adjacent_difference,7921,7920
7931,9,adjacent_difference,7922,7921
7932,9,adjacent_difference,7923,7922
7933,9,adjacent_difference,7924,7923
7934,9,adjacent_difference,7925,7924
7935,9,adjacent_difference,7926,7925
7936,9,adjacent_difference,7927,7926
7937,9,adjacent_difference,7928,7927
7938,9,adjacent_difference,7929,7928
7939,9,adjacent_difference,7930,7929
7940,9,adjacent_difference,7931,7930
7941,9,adjacent_difference,7932,7931
7942,9,adjacent_difference,7933,7932
7943,9,adjacent_difference,7934,7933
7944,9,adjacent_difference,7935,7934
7945,9,adjacent_difference,7936,7935
7946,9,adjacent_difference,7937,7936
7947,9,adjacent_difference,7938,7937
7948,9,adjacent_difference,7939,7938
7949,9,adjacent_difference,7940,7939
7950,9,adjacent_difference,7941,7940
7951,9,adjacent_difference,7942,7941
7952,9,adjacent_difference,7943,7942
7953,9,adjacent_difference,7944,7943
7954,9,adjacent_difference,7945,7944
7955,9,adjacent_difference,7946,7945
7956,9,adjacent_difference,7947,7946
7957,9,adjacent_difference,7948,7947
7958,9,adjacent_difference,7949,7948
7959,9,adjacent_difference,7950,7949
7960,9,adjacent_difference,7951,7950
7961,9,adjacent_difference,7952,7951
7962,9,adjacent_difference,7953,7952
7963,9,adjacent_difference,7954,7953
7964,9,adjacent_difference,7955,7954
7965,9,adjacent_difference,7956,7955
7966,9,adjacent_difference,7957,7956
7967,9,adjacent_difference,7958,7957
7968,9,adjacent_difference,7959,7958
7969,9,adjacent_difference,7960,7959
7970,9,adjacent_difference,7961,7960
7971,9,adjacent_difference,7962,7961
7972,9,adjacent_difference,7963,7962
7973,9,adjacent_difference,7964,7963
7974,9,adjacent_difference,7965,7964
7975,9,adjacent_difference,7966,7965
7976,9,adjacent_difference,7967,7966
7977,9,adjacent_difference,7968,7967
7978,9,adjacent_difference,7969,7968
7979,9,adjacent_difference,7970,7969
7980,9,adjacent_difference,7971,7970
7981,9,adjacent_difference,7972,7971
7982,9,adjacent_difference,7973,7972
7983,9,adjacent_difference,7974,7973
7984,9,adjacent_difference,7975,7974
7985,9,adjacent_difference,7976,7975
7986,9,adjacent_difference,7977,7976
7987,9,adjacent_difference,7978,7977
7988,9,adjacent_difference,7979,7978
7989,9,adjacent_difference,7980,7979
7990,9,adjacent_difference,7981,7980
7991,9,adjacent_difference,7982,7981
7992,9,adjacent_difference,7983,7982
7993,9,adjacent_difference,7984,7983
7994,9,adjacent_difference,7985,7984
7995,9,adjacent_difference,7986,7985
7996,9,adjacent_difference,7987,7986
7997,9,adjacent_difference,7988,7987
7998,9,adjacent_difference,7989,7988
7999,9,adjacent_difference,7990,7989
8000,9,adjacent_difference,7991,7990
8001,9,adjacent_difference,7992,7991
8002,9,adjacent_difference,7993,7992
8003,9,adjacent_difference,7994,7993
8004,9,adjacent_difference,7995,7994
8005,9,adjacent_difference,7996,7995
8006,9,adjacent_difference,7997,7996
8007,9,adjacent_difference,7998,7997
8008,9,adjacent_difference,7999,7998
8009,9,adjacent_difference,8000,7999
8010,9,adjacent_difference,8001,8000
8011,9,adjacent_difference,8002,8001
8012,9,adjacent_difference,8003,8002
8013,9,adjacent_difference,8004,8003
8014,9,adjacent_difference,8005,8004
8015,9,adjacent_difference,8006,8005
8016,9,adjacent_difference,8007,8006
8017,9,adjacent_difference,8008,8007
8018,9,adjacent_difference,8009,8008
8019,9,adjacent_difference,8010,8009
8020,9,adjacent_difference,8011,8010
8021,9,adjacent_difference,8012,8011
8022,9,adjacent_difference,8013,8012
8023,9,adjacent_difference,8014,8013
8024,9,adjacent_difference,8015,8014
8025,9,adjacent_difference,8016,8015
8026,9,adjacent_difference,8017,8016
8027,9,adjacent_difference,8018,8017
8028,9,adjacent_difference,8019,8018
8029,9,adjacent_difference,8020,8019
8030,9,adjacent_difference,8021,8020
8031,9,adjacent_difference,8022,8021
8032,9,adjacent_difference,8023,8022
8033,9,adjacent_difference,8024,8023
8034,9,adjacent_difference,8025,8024
8035,9,adjacent_difference,8026,8025
8036,9,adjacent_difference,8027,8026
8037,9,adjacent_difference,8028,8027
8038,9,adjacent_difference,8029,8028
8039,9,adjacent_difference,8030,8029
8040,9,adjacent_difference,8031,8030
8041,9,adjacent_difference,8032,8031
8042,9,adjacent_difference,8033,8032
8043,9,adjacent_difference,8034,8033
8044,9,adjacent_difference,8035,8034
8045,9,adjacent_difference,8036,8035
8046,9,adjacent_difference,8037,8036
8047,9,adjacent_difference,8038,8037
8048,9,adjacent_difference,8039,8038
8049,9,adjacent_difference,8040,8039
8050,9,adjacent_difference,8041,8040
8051,9,adjacent_difference,8042,8041
8052,9,adjacent_difference,8043,8042
8053,9,adjacent_difference,8044,8043
8054,9,adjacent_difference,8045,8044
8055,9,adjacent_difference,8046,8045
8056,9,adjacent_difference,8047,8046
8057,9,adjacent_difference,8048,8047
8058,9,adjacent_difference,8049,8048
8059,9,adjacent_difference,8050,8049
8060,9,adjacent_difference,8051,8050
8061,9,adjacent_difference,8052,8051
8062,9,adjacent_difference,8053,8052
8063,9,adjacent_difference,8054,8053
8064,9,adjacent_difference,8055,8054
8065,9,adjacent_difference,8056,8055
8066,9,adjacent_difference,8057,8056
8067,9,adjacent_difference,8058,8057
8068,9,adjacent_difference,8059,8058
8069,9,adjacent_difference,8060,8059
8070,9,adjacent_difference,8061,8060
8071,9,adjacent_difference,8062,8061
8072,9,adjacent_difference,8063,8062
8073,9,adjacent_difference,8064,8063
8074,9,adjacent_difference,8065,8064
8075,9,adjacent_difference,8066,8065
8076,9,adjacent_difference,8067,8066
8077,9,adjacent_difference,8068,8067
8078,9,adjacent_difference,8069,8068
8079,9,adjacent_difference,8070,8069
8080,9,adjacent_difference,8071,8070
8081,9,adjacent_difference,8072,8071
8082,9,adjacent_difference,8073,8072
8083,9,adjacent_difference,8074,8073
8084,9,adjacent_difference,8075,8074
8085,9,adjacent_difference,8076,8075
8086,9,adjacent_difference,8077,8076
8087,9,adjacent_difference,8078,8077
8088,9,adjacent_difference,8079,8078
8089,9,adjacent_difference,8080,8079
8090,9,adjacent_difference,8081,8080
8091,9,adjacent_difference,8082,8081
8092,9,adjacent_difference,8083,8082
8093,9,adjacent_difference,8084,8083
8094,9,adjacent_difference,8085,8084
8095,9,adjacent_difference,8086,8085
8096,9,adjacent_difference,8087,8086
8097,9,adjacent_difference,8088,8087
8098,9,adjacent_difference,8089,8088
8099,9,adjacent_difference,8090,8089
8100,9,adjacent_difference,8091,8090
8101,9,adjacent_difference,8092,8091
8102,9,adjacent_difference,8093,8092
8103,9,adjacent_difference,8094,8093
8104,9,adjacent_difference,8095,8094
8105,9,adjacent_difference,8096,8095
8106,9,adjacent_difference,8097,8096
8107,9,adjacent_difference,8098,8097
8108,9,adjacent_difference,8099,8098
8109,9,adjacent_difference,8100,8099
8110,9,adjacent_difference,8101,8100
8111,9,adjacent_difference,8102,8101
8112,9,adjacent_difference,8103,8102
8113,9,adjacent_difference,8104,8103
8114,9,adjacent_difference,8105,8104
8115,9,adjacent_difference,8106,8105
8116,9,adjacent_difference,8107,8106
8117,9,adjacent_difference,8108,8107
8118,9,adjacent_difference,8109,8108
8119,9,adjacent_difference,8110,8109
8120,9,adjacent_difference,8111,8110
8121,9,adjacent_difference,8112,8111
8122,9,adjacent_difference,8113,8112
8123,9,adjacent_difference,8114,8113
8124,9,adjacent_difference,8115,8114
8125,9,adjacent_difference,8116,8115
8126,9,adjacent_difference,8117,8116
8127,9,adjacent_difference,8118,8117
8128,9,adjacent_difference,8119,8118
8129,9,adjacent_difference,8120,8119
8130,9,adjacent_difference,8121,8120
8131,9,adjacent_difference,8122,8121
8132,9,adjacent_difference,8123,8122
8133,9,adjacent_difference,8124,8123
8134,9,adjacent_difference,8125,8124
8135,9,adjacent_difference,8126,8125
8136,9,adjacent_difference,8127,8126
8137,9,adjacent_difference,8128,8127
8138,9,adjacent_difference,8129,8128
8139,9,adjacent_difference,8130,8129
8140,9,adjacent_difference,8131,8130
8141,9,adjacent_difference,8132,8131
8142,9,adjacent_difference,8133,8132
8143,9,adjacent_difference,8134,8133
8144,9,adjacent_difference,8135,8134
8145,9,adjacent_difference,8136,8135
8146,9,adjacent_difference,8137,8136
8147,9,adjacent_difference,8138,8137
8148,9,adjacent_difference,8139,8138
8149,9,adjacent_difference,8140,8139
8150,9,adjacent_difference,8141,8140
8151,9,adjacent_difference,8142,8141
8152,9,adjacent_difference,8143,8142
8153,9,adjacent_difference,8144,8143
8154,9,adjacent_difference,8145,8144
8155,9,adjacent_difference,8146,8145
8156,9,adjacent_difference,8147,8146
8157,9,adjacent_difference,8148,8147
8158,9,adjacent_difference,8149,8148
8159,9,adjacent_difference,8150,8149
8160,9,adjacent_difference,8151,8150
8161,9,adjacent_difference,8152,8151
8162,9,adjacent_difference,8153,8152
8163,9,adjacent_difference,8154,8153
8164,9,adjacent_difference,8155,8154
8165,9,adjacent_difference,8156,8155
8166,9,adjacent_difference,8157,8156
8167,9,adjacent_difference,8158,8157
8168,9,adjacent_difference,8159,8158
8169,9,adjacent_difference,8160,8159
8170,9,adjacent_difference,8161,8160
8171,9,adjacent_difference,8162,8161
8172,9,adjacent_difference,8163,8162
8173,9,adjacent_difference,8164,8163
8174,9,adjacent_difference,8165,8164
8175,9,adjacent_difference,8166,8165
8176,9,adjacent_difference,8167,8166
8177,9,adjacent_difference,8168,8167
8178,9,adjacent_difference,8169,8168
8179,9,adjacent_difference,8170,8169
8180,9,adjacent_difference,8171,8170
8181,9,adjacent_difference,8172,8171
8182,9,adjacent_difference,8173,8172
8183,9,adjacent_difference,8174,8173
8184,9,adjacent_difference,8175,8174
8185,9,adjacent_difference,8176,8175
8186,9,adjacent_difference,8177,8176
8187,9,adjacent_difference,8178,8177
8188,9,adjacent_difference,8179,8178
8189,9,adjacent_difference,8180,8179
8190,9,adjacent_difference,8181,8180
8191,9,adjacent_difference,8182,8181
8192,9,adjacent_difference,8183,8182
8193,9,adjacent_difference,8184,8183
8194,9,adjacent_difference,8185,8184
8195,9,adjacent_difference,8186,8185
8196,9,adjacent_difference,8187,8186
8197,9,adjacent_difference,8188,8187
8198,9,adjacent_difference,8189,8188
8199,9,adjacent_difference,8190,8189
8200,9,adjacent_difference,8191,8190
8201,9,adjacent_difference,8192,8191
8202,9,adjacent_difference,8193,8192
8203,9,adjacent_difference,8194,8193
8204,9,adjacent_difference,8195,8194
8205,9,adjacent_difference,8196,8195
8206,9,adjacent_difference,8197,8196
8207,9,adjacent_difference,8198,8197
8208,9,adjacent_difference,8199,8198
8209,9,adjacent_difference,8200,8199
8210,9,adjacent_difference,8201,8200
8211,9,adjacent_difference,8202,8201
8212,9,adjacent_difference,8203,8202
8213,9,adjacent_difference,8204,8203
8214,9,adjacent_difference,8205,8204
8215,9,adjacent_difference,8206,8205
8216,9,adjacent_difference,8207,8206
8217,9,adjacent_difference,8208,8207
8218,9,adjacent_difference,8209,8208
8219,9,adjacent_difference,8210,8209
8220,9,adjacent_difference,8211,8210
8221,9,adjacent_difference,8212,8211
8222,9,adjacent_difference,8213,8212
8223,9,adjacent_difference,8214,8213
8224,9,adjacent_difference,8215,8214
8225,9,adjacent_difference,8216,8215
8226,9,adjacent_difference,8217,8216
8227,9,adjacent_difference,8218,8217
8228,9,adjacent_difference,8219,8218
8229,9,adjacent_difference,8220,8219
8230,9,adjacent_difference,8221,8220
8231,9,adjacent_difference,8222,8221
8232,9,adjacent_difference,8223,8222
8233,9,adjacent_difference,8224,8223
8234,9,adjacent_difference,8225,8224
8235,9,adjacent_difference,8226,8225
8236,9,adjacent_difference,8227,8226
8237,9,adjacent_difference,8228,8227
8238,9,adjacent_difference,8229,8228
8239,9,adjacent_difference,8230,8229
8240,9,adjacent_difference,8231,8230
8241,9,adjacent_difference,8232,8231
8242,9,adjacent_difference,8233,8232
8243,9,adjacent_difference,8234,8233
8244,9,adjacent_difference,8235,8234
8245,9,adjacent_difference,8236,8235
8246,9,adjacent_difference,8237,8236
8247,9,adjacent_difference,8238,8237
8248,9,adjacent_difference,8239,8238
8249,9,adjacent_difference,8240,8239
8250,9,adjacent_difference,8241,8240
8251,9,adjacent_difference,8242,8241
8252,9,adjacent_difference,8243,8242
8253,9,adjacent_difference,8244,8243
8254,9,adjacent_difference,8245,8244
8255,9,adjacent_difference,8246,8245
8256,9,adjacent_difference,8247,8246
8257,9,adjacent_difference,8248,8247
8258,9,adjacent_difference,8249,8248
8259,9,adjacent_difference,8250,8249
8260,9,adjacent_difference,8251,8250
8261,9,adjacent_difference,8252,8251
8262,9,adjacent_difference,8253,8252
8263,9,adjacent_difference,8254,8253
8264,9,adjacent_difference,8255,8254
8265,9,adjacent_difference,8256,8255
8266,9,adjacent_difference,8257,8256
8267,9,adjacent_difference,8258,8257
8268,9,adjacent_difference,8259,8258
8269,9,adjacent_difference,8260,8259
8270,9,adjacent_difference,8261,8260
8271,9,adjacent_difference,8262,8261
8272,9,adjacent_difference,8263,8262
8273,9,adjacent_difference,8264,8263
8274,9,adjacent_difference,8265,8264
8275,9,adjacent_difference,8266,8265
8276,9,adjacent_difference,8267,8266
8277,9,adjacent_difference,8268,8267
8278,9,adjacent_difference,8269,8268
8279,9,adjacent_difference,8270,8269
8280,9,adjacent_difference,8271,8270
8281,9,adjacent_difference,8272,8271
8282,9,adjacent_difference,8273,8272
8283,9,adjacent_difference,8274,8273
8284,9,adjacent_difference,8275,8274
8285,9,adjacent_difference,8276,8275
8286,9,adjacent_difference,8277,8276
8287,9,adjacent_difference,8278,8277
8288,9,adjacent_difference,8279,8278
8289,9,adjacent_difference,8280,8279
8290,9,adjacent_difference,8281,8280
8291,9,adjacent_difference,8282,8281
8292,9,adjacent_difference,8283,8282
8293,9,adjacent_difference,8284,8283
8294,9,adjacent_difference,8285,8284
8295,9,adjacent_difference,8286,8285
8296,9,adjacent_difference,8287,8286
8297,9,adjacent_difference,8288,8287
8298,9,adjacent_difference,8289,8288
8299,9,adjacent_difference,8290,8289
8300,9,adjacent_difference,8291,8290
8301,9,adjacent_difference,8292,8291
8302,9,adjacent_difference,8293,8292
8303,9,adjacent_difference,8294,8293
8304,9,adjacent_difference,8295,8294
8305,9,adjacent_difference,8296,8295
8306,9,adjacent_difference,8297,8296
8307,9,adjacent_difference,8298,8297
8308,9,adjacent_difference,8299,8298
8309,9,adjacent_difference,8300,8299
8310,9,adjacent_difference,8301,8300
8311,9,adjacent_difference,8302,8301
8312,9,adjacent_difference,8303,8302
8313,9,adjacent_difference,8304,8303
8314,9,adjacent_difference,8305,8304
8315,9,adjacent_difference,8306,8305
8316,9,adjacent_difference,8307,8306
8317,9,adjacent_difference,8308,8307
8318,9,adjacent_difference,8309,8308
8319,9,adjacent_difference,8310,8309
8320,9,adjacent_difference,8311,8310
8321,9,adjacent_difference,8312,8311
8322,9,adjacent_difference,8313,8312
8323,9,adjacent_difference,8314,8313
8324,9,adjacent_difference,8315,8314
8325,9,adjacent_difference,8316,8315
8326,9,adjacent_difference,8317,8316
8327,9,adjacent_difference,8318,8317
8328,9,adjacent_difference,8319,8318
8329,9,adjacent_difference,8320,8319
8330,9,adjacent_difference,8321,8320
8331,9,adjacent_difference,8322,8321
8332,9,adjacent_difference,8323,8322
8333,9,adjacent_difference,8324,8323
8334,9,adjacent_difference,8325,8324
8335,9,adjacent_difference,8326,8325
8336,9,adjacent_difference,8327,8326
8337,9,adjacent_difference,8328,8327
8338,9,adjacent_difference,8329,8328
8339,9,adjacent_difference,8330,8329
8340,9,adjacent_difference,8331,8330
8341,9,adjacent_difference,8332,8331
8342,9,adjacent_difference,8333,8332
8343,9,adjacent_difference,8334,8333
8344,9,adjacent_difference,8335,8334
8345,9,adjacent_difference,8336,8335
8346,9,adjacent_difference,8337,8336
8347,9,adjacent_difference,8338,8337
8348,9,adjacent_difference,8339,8338
8349,9,adjacent_difference,8340,8339
8350,9,adjacent_difference,8341,8340
8351,9,adjacent_difference,8342,8341
8352,9,adjacent_difference,8343,8342
8353,9,adjacent_difference,8344,8343
8354,9,adjacent_difference,8345,8344
8355,9,adjacent_difference,8346,8345
8356,9,adjacent_difference,8347,8346
8357,9,adjacent_difference,8348,8347
8358,9,adjacent_difference,8349,8348
8359,9,adjacent_difference,8350,8349
8360,9,adjacent_difference,8351,8350
8361,9,adjacent_difference,8352,8351
8362,9,adjacent_difference,8353,8352
8363,9,adjacent_difference,8354,8353
8364,9,adjacent_difference,8355,8354
8365,9,adjacent_difference,8356,8355
8366,9,adjacent_difference,8357,8356
8367,9,adjacent_difference,8358,8357
8368,9,adjacent_difference,8359,8358
8369,9,adjacent_difference,8360,8359
8370,9,adjacent_difference,8361,8360
8371,9,adjacent_difference,8362,8361
8372,9,adjacent_difference,8363,8362
8373,9,adjacent_difference,8364,8363
8374,9,adjacent_difference,8365,8364
8375,9,adjacent_difference,8366,8365
8376,9,adjacent_difference,8367,8366
8377,9,adjacent_difference,8368,8367
8378,9,adjacent_difference,8369,8368
8379,9,adjacent_difference,8370,8369
8380,9,adjacent_difference,8371,8370
8381,9,adjacent_difference,8372,8371
8382,9,adjacent_difference,8373,8372
8383,9,adjacent_difference,8374,8373
8384,9,adjacent_difference,8375,8374
8385,9,adjacent_difference,8376,8375
8386,9,adjacent_difference,8377,8376
8387,9,adjacent_difference,8378,8377
8388,9,adjacent_difference,8379,8378
8389,9,adjacent_difference,8380,8379
8390,9,adjacent_difference,8381,8380
8391,9,adjacent_difference,8382,8381
8392,9,adjacent_difference,8383,8382
8393,9,adjacent_difference,8384,8383
8394,9,adjacent_difference,8385,8384
8395,9,adjacent_difference,8386,8385
8396,9,adjacent_difference,8387,8386
8397,9,adjacent_difference,8388,8387
8398,9,adjacent_difference,8389,8388
8399,9,adjacent_difference,8390,8389
8400,9,adjacent_difference,8391,8390
8401,9,adjacent_difference,8392,8391
8402,9,adjacent_difference,8393,8392
8403,9,adjacent_difference,8394,8393
8404,9,adjacent_difference,8395,8394
8405,9,adjacent_difference,8396,8395
8406,9,adjacent_difference,8397,8396
8407,9,adjacent_difference,8398,8397
8408,9,adjacent_difference,8399,8398
8409,9,adjacent_difference,8400,8399
8410,9,adjacent_difference,8401,8400
8411,9,adjacent_difference,8402,8401
8412,9,adjacent_difference,8403,8402
8413,9,adjacent_difference,8404,8403
8414,9,adjacent_difference,8405,8404
8415,9,adjacent_difference,8406,8405
8416,9,adjacent_difference,8407,8406
8417,9,adjacent_difference,8408,8407
8418,9,adjacent_difference,8409,8408
8419,9,adjacent_difference,8410,8409
8420,9,adjacent_difference,8411,8410
8421,9,adjacent_difference,8412,8411
8422,9,adjacent_difference,8413,8412
8423,9,adjacent_difference,8414,8413
8424,9,adjacent_difference,8415,8414
8425,9,adjacent_difference,8416,8415
8426,9,adjacent_difference,8417,8416
8427,9,adjacent_difference,8418,8417
8428,9,adjacent_difference,8419,8418
8429,9,adjacent_difference,8420,8419
8430,9,adjacent_difference,8421,8420
8431,9,adjacent_difference,8422,8421
8432,9,adjacent_difference,8423,8422
8433,9,adjacent_difference,8424,8423
8434,9,adjacent_difference,8425,8424
8435,9,adjacent_difference,8426,8425
8436,9,adjacent_difference,8427,8426
8437,9,adjacent_difference,8428,8427
8438,9,adjacent_difference,8429,8428
8439,9,adjacent_difference,8430,8429
8440,9,adjacent_difference,8431,8430
8441,9,adjacent_difference,8432,8431
8442,9,adjacent_difference,8433,8432
8443,9,adjacent_difference,8434,8433
8444,9,adjacent_difference,8435,8434
8445,9,adjacent_difference,8436,8435
8446,9,adjacent_difference,8437,8436
8447,9,adjacent_difference,8438,8437
8448,9,adjacent_difference,8439,8438
8449,9,adjacent_difference,8440,8439
8450,9,adjacent_difference,8441,8440
8451,9,adjacent_difference,8442,8441
8452,9,adjacent_difference,8443,8442
8453,9,adjacent_difference,8444,8443
8454,9,adjacent_difference,8445,8444
8455,9,adjacent_difference,8446,8445
8456,9,adjacent_difference,8447,8446
8457,9,adjacent_difference,8448,8447
8458,9,adjacent_difference,8449,8448
8459,9,terminal_inverse,-1,8449
8460,10,absolute_start,8450,-1
8461,10,adjacent_difference,8451,8450
8462,10,adjacent_difference,8452,8451
8463,10,adjacent_difference,8453,8452
8464,10,adjacent_difference,8454,8453
8465,10,adjacent_difference,8455,8454
8466,10,adjacent_difference,8456,8455
8467,10,adjacent_difference,8457,8456
8468,10,adjacent_difference,8458,8457
8469,10,adjacent_difference,8459,8458
8470,10,adjacent_difference,8460,8459
8471,10,adjacent_difference,8461,8460
8472,10,adjacent_difference,8462,8461
8473,10,adjacent_difference,8463,8462
8474,10,adjacent_difference,8464,8463
8475,10,adjacent_difference,8465,8464
8476,10,adjacent_difference,8466,8465
8477,10,adjacent_difference,8467,8466
8478,10,adjacent_difference,8468,8467
8479,10,adjacent_difference,8469,8468
8480,10,adjacent_difference,8470,8469
8481,10,adjacent_difference,8471,8470
8482,10,adjacent_difference,8472,8471
8483,10,adjacent_difference,8473,8472
8484,10,adjacent_difference,8474,8473
8485,10,adjacent_difference,8475,8474
8486,10,adjacent_difference,8476,8475
8487,10,adjacent_difference,8477,8476
8488,10,adjacent_difference,8478,8477
8489,10,adjacent_difference,8479,8478
8490,10,adjacent_difference,8480,8479
8491,10,adjacent_difference,8481,8480
8492,10,adjacent_difference,8482,8481
8493,10,adjacent_difference,8483,8482
8494,10,adjacent_difference,8484,8483
8495,10,adjacent_difference,8485,8484
8496,10,adjacent_difference,8486,8485
8497,10,adjacent_difference,8487,8486
8498,10,adjacent_difference,8488,8487
8499,10,adjacent_difference,8489,8488
8500,10,adjacent_difference,8490,8489
8501,10,adjacent_difference,8491,8490
8502,10,adjacent_difference,8492,8491
8503,10,adjacent_difference,8493,8492
8504,10,adjacent_difference,8494,8493
8505,10,adjacent_difference,8495,8494
8506,10,adjacent_difference,8496,8495
8507,10,adjacent_difference,8497,8496
8508,10,adjacent_difference,8498,8497
8509,10,adjacent_difference,8499,8498
8510,10,adjacent_difference,8500,8499
8511,10,adjacent_difference,8501,8500
8512,10,adjacent_difference,8502,8501
8513,10,adjacent_difference,8503,8502
8514,10,adjacent_difference,8504,8503
8515,10,adjacent_difference,8505,8504
8516,10,adjacent_difference,8506,8505
8517,10,adjacent_difference,8507,8506
8518,10,adjacent_difference,8508,8507
8519,10,adjacent_difference,8509,8508
8520,10,adjacent_difference,8510,8509
8521,10,adjacent_difference,8511,8510
8522,10,adjacent_difference,8512,8511
8523,10,adjacent_difference,8513,8512
8524,10,adjacent_difference,8514,8513
8525,10,adjacent_difference,8515,8514
8526,10,adjacent_difference,8516,8515
8527,10,adjacent_difference,8517,8516
8528,10,adjacent_difference,8518,8517
8529,10,adjacent_difference,8519,8518
8530,10,adjacent_difference,8520,8519
8531,10,adjacent_difference,8521,8520
8532,10,adjacent_difference,8522,8521
8533,10,adjacent_difference,8523,8522
8534,10,adjacent_difference,8524,8523
8535,10,adjacent_difference,8525,8524
8536,10,adjacent_difference,8526,8525
8537,10,adjacent_difference,8527,8526
8538,10,adjacent_difference,8528,8527
8539,10,adjacent_difference,8529,8528
8540,10,adjacent_difference,8530,8529
8541,10,adjacent_difference,8531,8530
8542,10,adjacent_difference,8532,8531
8543,10,adjacent_difference,8533,8532
8544,10,adjacent_difference,8534,8533
8545,10,adjacent_difference,8535,8534
8546,10,adjacent_difference,8536,8535
8547,10,adjacent_difference,8537,8536
8548,10,adjacent_difference,8538,8537
8549,10,adjacent_difference,8539,8538
8550,10,adjacent_difference,8540,8539
8551,10,adjacent_difference,8541,8540
8552,10,adjacent_difference,8542,8541
8553,10,adjacent_difference,8543,8542
8554,10,adjacent_difference,8544,8543
8555,10,adjacent_difference,8545,8544
8556,10,adjacent_difference,8546,8545
8557,10,adjacent_difference,8547,8546
8558,10,adjacent_difference,8548,8547
8559,10,adjacent_difference,8549,8548
8560,10,adjacent_difference,8550,8549
8561,10,adjacent_difference,8551,8550
8562,10,adjacent_difference,8552,8551
8563,10,adjacent_difference,8553,8552
8564,10,adjacent_difference,8554,8553
8565,10,adjacent_difference,8555,8554
8566,10,adjacent_difference,8556,8555
8567,10,adjacent_difference,8557,8556
8568,10,adjacent_difference,8558,8557
8569,10,adjacent_difference,8559,8558
8570,10,adjacent_difference,8560,8559
8571,10,adjacent_difference,8561,8560
8572,10,adjacent_difference,8562,8561
8573,10,adjacent_difference,8563,8562
8574,10,adjacent_difference,8564,8563
8575,10,adjacent_difference,8565,8564
8576,10,adjacent_difference,8566,8565
8577,10,adjacent_difference,8567,8566
8578,10,adjacent_difference,8568,8567
8579,10,adjacent_difference,8569,8568
8580,10,adjacent_difference,8570,8569
8581,10,adjacent_difference,8571,8570
8582,10,adjacent_difference,8572,8571
8583,10,adjacent_difference,8573,8572
8584,10,adjacent_difference,8574,8573
8585,10,adjacent_difference,8575,8574
8586,10,adjacent_difference,8576,8575
8587,10,adjacent_difference,8577,8576
8588,10,adjacent_difference,8578,8577
8589,10,adjacent_difference,8579,8578
8590,10,adjacent_difference,8580,8579
8591,10,adjacent_difference,8581,8580
8592,10,adjacent_difference,8582,8581
8593,10,adjacent_difference,8583,8582
8594,10,adjacent_difference,8584,8583
8595,10,adjacent_difference,8585,8584
8596,10,adjacent_difference,8586,8585
8597,10,adjacent_difference,8587,8586
8598,10,adjacent_difference,8588,8587
8599,10,adjacent_difference,8589,8588
8600,10,adjacent_difference,8590,8589
8601,10,adjacent_difference,8591,8590
8602,10,adjacent_difference,8592,8591
8603,10,adjacent_difference,8593,8592
8604,10,adjacent_difference,8594,8593
8605,10,adjacent_difference,8595,8594
8606,10,adjacent_difference,8596,8595
8607,10,adjacent_difference,8597,8596
8608,10,adjacent_difference,8598,8597
8609,10,adjacent_difference,8599,8598
8610,10,adjacent_difference,8600,8599
8611,10,adjacent_difference,8601,8600
8612,10,adjacent_difference,8602,8601
8613,10,adjacent_difference,8603,8602
8614,10,adjacent_difference,8604,8603
8615,10,adjacent_difference,8605,8604
8616,10,adjacent_difference,8606,8605
8617,10,adjacent_difference,8607,8606
8618,10,adjacent_difference,8608,8607
8619,10,adjacent_difference,8609,8608
8620,10,adjacent_difference,8610,8609
8621,10,adjacent_difference,8611,8610
8622,10,adjacent_difference,8612,8611
8623,10,adjacent_difference,8613,8612
8624,10,adjacent_difference,8614,8613
8625,10,adjacent_difference,8615,8614
8626,10,adjacent_difference,8616,8615
8627,10,adjacent_difference,8617,8616
8628,10,adjacent_difference,8618,8617
8629,10,adjacent_difference,8619,8618
8630,10,adjacent_difference,8620,8619
8631,10,adjacent_difference,8621,8620
8632,10,adjacent_difference,8622,8621
8633,10,adjacent_difference,8623,8622
8634,10,adjacent_difference,8624,8623
8635,10,adjacent_difference,8625,8624
8636,10,adjacent_difference,8626,8625
8637,10,adjacent_difference,8627,8626
8638,10,adjacent_difference,8628,8627
8639,10,adjacent_difference,8629,8628
8640,10,adjacent_difference,8630,8629
8641,10,adjacent_difference,8631,8630
8642,10,adjacent_difference,8632,8631
8643,10,adjacent_difference,8633,8632
8644,10,adjacent_difference,8634,8633
8645,10,adjacent_difference,8635,8634
8646,10,adjacent_difference,8636,8635
8647,10,adjacent_difference,8637,8636
8648,10,adjacent_difference,8638,8637
8649,10,adjacent_difference,8639,8638
8650,10,adjacent_difference,8640,8639
8651,10,adjacent_difference,8641,8640
8652,10,adjacent_difference,8642,8641
8653,10,adjacent_difference,8643,8642
8654,10,adjacent_difference,8644,8643
8655,10,adjacent_difference,8645,8644
8656,10,adjacent_difference,8646,8645
8657,10,adjacent_difference,8647,8646
8658,10,adjacent_difference,8648,8647
8659,10,adjacent_difference,8649,8648
8660,10,adjacent_difference,8650,8649
8661,10,adjacent_difference,8651,8650
8662,10,adjacent_difference,8652,8651
8663,10,adjacent_difference,8653,8652
8664,10,adjacent_difference,8654,8653
8665,10,adjacent_difference,8655,8654
8666,10,adjacent_difference,8656,8655
8667,10,adjacent_difference,8657,8656
8668,10,adjacent_difference,8658,8657
8669,10,adjacent_difference,8659,8658
8670,10,adjacent_difference,8660,8659
8671,10,adjacent_difference,8661,8660
8672,10,adjacent_difference,8662,8661
8673,10,adjacent_difference,8663,8662
8674,10,adjacent_difference,8664,8663
8675,10,adjacent_difference,8665,8664
8676,10,adjacent_difference,8666,8665
8677,10,adjacent_difference,8667,8666
8678,10,adjacent_difference,8668,8667
8679,10,adjacent_difference,8669,8668
8680,10,adjacent_difference,8670,8669
8681,10,adjacent_difference,8671,8670
8682,10,adjacent_difference,8672,8671
8683,10,adjacent_difference,8673,8672
8684,10,adjacent_difference,8674,8673
8685,10,adjacent_difference,8675,8674
8686,10,adjacent_difference,8676,8675
8687,10,adjacent_difference,8677,8676
8688,10,adjacent_difference,8678,8677
8689,10,adjacent_difference,8679,8678
8690,10,adjacent_difference,8680,8679
8691,10,adjacent_difference,8681,8680
8692,10,adjacent_difference,8682,8681
8693,10,adjacent_difference,8683,8682
8694,10,adjacent_difference,8684,8683
8695,10,adjacent_difference,8685,8684
8696,10,adjacent_difference,8686,8685
8697,10,adjacent_difference,8687,8686
8698,10,adjacent_difference,8688,8687
8699,10,adjacent_difference,8689,8688
8700,10,adjacent_difference,8690,8689
8701,10,adjacent_difference,8691,8690
8702,10,adjacent_difference,8692,8691
8703,10,adjacent_difference,8693,8692
8704,10,adjacent_difference,8694,8693
8705,10,adjacent_difference,8695,8694
8706,10,adjacent_difference,8696,8695
8707,10,adjacent_difference,8697,8696
8708,10,adjacent_difference,8698,8697
8709,10,adjacent_difference,8699,8698
8710,10,adjacent_difference,8700,8699
8711,10,adjacent_difference,8701,8700
8712,10,adjacent_difference,8702,8701
8713,10,adjacent_difference,8703,8702
8714,10,adjacent_difference,8704,8703
8715,10,adjacent_difference,8705,8704
8716,10,adjacent_difference,8706,8705
8717,10,adjacent_difference,8707,8706
8718,10,adjacent_difference,8708,8707
8719,10,adjacent_difference,8709,8708
8720,10,adjacent_difference,8710,8709
8721,10,adjacent_difference,8711,8710
8722,10,adjacent_difference,8712,8711
8723,10,adjacent_difference,8713,8712
8724,10,adjacent_difference,8714,8713
8725,10,adjacent_difference,8715,8714
8726,10,adjacent_difference,8716,8715
8727,10,adjacent_difference,8717,8716
8728,10,adjacent_difference,8718,8717
8729,10,adjacent_difference,8719,8718
8730,10,adjacent_difference,8720,8719
8731,10,adjacent_difference,8721,8720
8732,10,adjacent_difference,8722,8721
8733,10,adjacent_difference,8723,8722
8734,10,adjacent_difference,8724,8723
8735,10,adjacent_difference,8725,8724
8736,10,adjacent_difference,8726,8725
8737,10,adjacent_difference,8727,8726
8738,10,adjacent_difference,8728,8727
8739,10,adjacent_difference,8729,8728
8740,10,adjacent_difference,8730,8729
8741,10,adjacent_difference,8731,8730
8742,10,adjacent_difference,8732,8731
8743,10,adjacent_difference,8733,8732
8744,10,adjacent_difference,8734,8733
8745,10,adjacent_difference,8735,8734
8746,10,adjacent_difference,8736,8735
8747,10,adjacent_difference,8737,8736
8748,10,adjacent_difference,8738,8737
8749,10,adjacent_difference,8739,8738
8750,10,adjacent_difference,8740,8739
8751,10,adjacent_difference,8741,8740
8752,10,adjacent_difference,8742,8741
8753,10,adjacent_difference,8743,8742
8754,10,adjacent_difference,8744,8743
8755,10,adjacent_difference,8745,8744
8756,10,adjacent_difference,8746,8745
8757,10,adjacent_difference,8747,8746
8758,10,adjacent_difference,8748,8747
8759,10,adjacent_difference,8749,8748
8760,10,adjacent_difference,8750,8749
8761,10,adjacent_difference,8751,8750
8762,10,adjacent_difference,8752,8751
8763,10,adjacent_difference,8753,8752
8764,10,adjacent_difference,8754,8753
8765,10,adjacent_difference,8755,8754
8766,10,adjacent_difference,8756,8755
8767,10,adjacent_difference,8757,8756
8768,10,adjacent_difference,8758,8757
8769,10,adjacent_difference,8759,8758
8770,10,adjacent_difference,8760,8759
8771,10,adjacent_difference,8761,8760
8772,10,adjacent_difference,8762,8761
8773,10,adjacent_difference,8763,8762
8774,10,adjacent_difference,8764,8763
8775,10,adjacent_difference,8765,8764
8776,10,adjacent_difference,8766,8765
8777,10,adjacent_difference,8767,8766
8778,10,adjacent_difference,8768,8767
8779,10,adjacent_difference,8769,8768
8780,10,adjacent_difference,8770,8769
8781,10,adjacent_difference,8771,8770
8782,10,adjacent_difference,8772,8771
8783,10,adjacent_difference,8773,8772
8784,10,adjacent_difference,8774,8773
8785,10,adjacent_difference,8775,8774
8786,10,adjacent_difference,8776,8775
8787,10,adjacent_difference,8777,8776
8788,10,adjacent_difference,8778,8777
8789,10,adjacent_difference,8779,8778
8790,10,adjacent_difference,8780,8779
8791,10,adjacent_difference,8781,8780
8792,10,adjacent_difference,8782,8781
8793,10,adjacent_difference,8783,8782
8794,10,adjacent_difference,8784,8783
8795,10,adjacent_difference,8785,8784
8796,10,adjacent_difference,8786,8785
8797,10,adjacent_difference,8787,8786
8798,10,adjacent_difference,8788,8787
8799,10,adjacent_difference,8789,8788
8800,10,adjacent_difference,8790,8789
8801,10,adjacent_difference,8791,8790
8802,10,adjacent_difference,8792,8791
8803,10,adjacent_difference,8793,8792
8804,10,adjacent_difference,8794,8793
8805,10,adjacent_difference,8795,8794
8806,10,adjacent_difference,8796,8795
8807,10,adjacent_difference,8797,8796
8808,10,adjacent_difference,8798,8797
8809,10,adjacent_difference,8799,8798
8810,10,adjacent_difference,8800,8799
8811,10,adjacent_difference,8801,8800
8812,10,adjacent_difference,8802,8801
8813,10,adjacent_difference,8803,8802
8814,10,adjacent_difference,8804,8803
8815,10,adjacent_difference,8805,8804
8816,10,adjacent_difference,8806,8805
8817,10,adjacent_difference,8807,8806
8818,10,adjacent_difference,8808,8807
8819,10,adjacent_difference,8809,8808
8820,10,adjacent_difference,8810,8809
8821,10,adjacent_difference,8811,8810
8822,10,adjacent_difference,8812,8811
8823,10,adjacent_difference,8813,8812
8824,10,adjacent_difference,8814,8813
8825,10,adjacent_difference,8815,8814
8826,10,adjacent_difference,8816,8815
8827,10,adjacent_difference,8817,8816
8828,10,adjacent_difference,8818,8817
8829,10,adjacent_difference,8819,8818
8830,10,adjacent_difference,8820,8819
8831,10,adjacent_difference,8821,8820
8832,10,adjacent_difference,8822,8821
8833,10,adjacent_difference,8823,8822
8834,10,adjacent_difference,8824,8823
8835,10,adjacent_difference,8825,8824
8836,10,adjacent_difference,8826,8825
8837,10,adjacent_difference,8827,8826
8838,10,adjacent_difference,8828,8827
8839,10,adjacent_difference,8829,8828
8840,10,adjacent_difference,8830,8829
8841,10,adjacent_difference,8831,8830
8842,10,adjacent_difference,8832,8831
8843,10,adjacent_difference,8833,8832
8844,10,adjacent_difference,8834,8833
8845,10,adjacent_difference,8835,8834
8846,10,adjacent_difference,8836,8835
8847,10,adjacent_difference,8837,8836
8848,10,adjacent_difference,8838,8837
8849,10,adjacent_difference,8839,8838
8850,10,adjacent_difference,8840,8839
8851,10,adjacent_difference,8841,8840
8852,10,adjacent_difference,8842,8841
8853,10,adjacent_difference,8843,8842
8854,10,adjacent_difference,8844,8843
8855,10,adjacent_difference,8845,8844
8856,10,adjacent_difference,8846,8845
8857,10,adjacent_difference,8847,8846
8858,10,adjacent_difference,8848,8847
8859,10,adjacent_difference,8849,8848
8860,10,adjacent_difference,8850,8849
8861,10,adjacent_difference,8851,8850
8862,10,adjacent_difference,8852,8851
8863,10,adjacent_difference,8853,8852
8864,10,adjacent_difference,8854,8853
8865,10,adjacent_difference,8855,8854
8866,10,adjacent_difference,8856,8855
8867,10,adjacent_difference,8857,8856
8868,10,adjacent_difference,8858,8857
8869,10,adjacent_difference,8859,8858
8870,10,adjacent_difference,8860,8859
8871,10,adjacent_difference,8861,8860
8872,10,adjacent_difference,8862,8861
8873,10,adjacent_difference,8863,8862
8874,10,adjacent_difference,8864,8863
8875,10,adjacent_difference,8865,8864
8876,10,adjacent_difference,8866,8865
8877,10,adjacent_difference,8867,8866
8878,10,adjacent_difference,8868,8867
8879,10,adjacent_difference,8869,8868
8880,10,adjacent_difference,8870,8869
8881,10,adjacent_difference,8871,8870
8882,10,adjacent_difference,8872,8871
8883,10,adjacent_difference,8873,8872
8884,10,adjacent_difference,8874,8873
8885,10,adjacent_difference,8875,8874
8886,10,adjacent_difference,8876,8875
8887,10,adjacent_difference,8877,8876
8888,10,adjacent_difference,8878,8877
8889,10,adjacent_difference,8879,8878
8890,10,adjacent_difference,8880,8879
8891,10,adjacent_difference,8881,8880
8892,10,adjacent_difference,8882,8881
8893,10,adjacent_difference,8883,8882
8894,10,adjacent_difference,8884,8883
8895,10,adjacent_difference,8885,8884
8896,10,adjacent_difference,8886,8885
8897,10,adjacent_difference,8887,8886
8898,10,adjacent_difference,8888,8887
8899,10,adjacent_difference,8889,8888
8900,10,adjacent_difference,8890,8889
8901,10,adjacent_difference,8891,8890
8902,10,adjacent_difference,8892,8891
8903,10,adjacent_difference,8893,8892
8904,10,adjacent_difference,8894,8893
8905,10,adjacent_difference,8895,8894
8906,10,adjacent_difference,8896,8895
8907,10,adjacent_difference,8897,8896
8908,10,adjacent_difference,8898,8897
8909,10,adjacent_difference,8899,8898
8910,10,adjacent_difference,8900,8899
8911,10,adjacent_difference,8901,8900
8912,10,adjacent_difference,8902,8901
8913,10,adjacent_difference,8903,8902
8914,10,adjacent_difference,8904,8903
8915,10,adjacent_difference,8905,8904
8916,10,adjacent_difference,8906,8905
8917,10,adjacent_difference,8907,8906
8918,10,adjacent_difference,8908,8907
8919,10,adjacent_difference,8909,8908
8920,10,adjacent_difference,8910,8909
8921,10,adjacent_difference,8911,8910
8922,10,adjacent_difference,8912,8911
8923,10,adjacent_difference,8913,8912
8924,10,adjacent_difference,8914,8913
8925,10,adjacent_difference,8915,8914
8926,10,adjacent_difference,8916,8915
8927,10,adjacent_difference,8917,8916
8928,10,adjacent_difference,8918,8917
8929,10,adjacent_difference,8919,8918
8930,10,adjacent_difference,8920,8919
8931,10,adjacent_difference,8921,8920
8932,10,adjacent_difference,8922,8921
8933,10,adjacent_difference,8923,8922
8934,10,adjacent_difference,8924,8923
8935,10,adjacent_difference,8925,8924
8936,10,adjacent_difference,8926,8925
8937,10,adjacent_difference,8927,8926
8938,10,adjacent_difference,8928,8927
8939,10,adjacent_difference,8929,8928
8940,10,adjacent_difference,8930,8929
8941,10,adjacent_difference,8931,8930
8942,10,adjacent_difference,8932,8931
8943,10,adjacent_difference,8933,8932
8944,10,adjacent_difference,8934,8933
8945,10,adjacent_difference,8935,8934
8946,10,adjacent_difference,8936,8935
8947,10,adjacent_difference,8937,8936
8948,10,adjacent_difference,8938,8937
8949,10,adjacent_difference,8939,8938
8950,10,adjacent_difference,8940,8939
8951,10,adjacent_difference,8941,8940
8952,10,adjacent_difference,8942,8941
8953,10,adjacent_difference,8943,8942
8954,10,adjacent_difference,8944,8943
8955,10,adjacent_difference,8945,8944
8956,10,adjacent_difference,8946,8945
8957,10,adjacent_difference,8947,8946
8958,10,adjacent_difference,8948,8947
8959,10,adjacent_difference,8949,8948
8960,10,adjacent_difference,8950,8949
8961,10,adjacent_difference,8951,8950
8962,10,adjacent_difference,8952,8951
8963,10,adjacent_difference,8953,8952
8964,10,adjacent_difference,8954,8953
8965,10,adjacent_difference,8955,8954
8966,10,adjacent_difference,8956,8955
8967,10,adjacent_difference,8957,8956
8968,10,adjacent_difference,8958,8957
8969,10,adjacent_difference,8959,8958
8970,10,adjacent_difference,8960,8959
8971,10,adjacent_difference,8961,8960
8972,10,adjacent_difference,8962,8961
8973,10,adjacent_difference,8963,8962
8974,10,adjacent_difference,8964,8963
8975,10,adjacent_difference,8965,8964
8976,10,adjacent_difference,8966,8965
8977,10,adjacent_difference,8967,8966
8978,10,adjacent_difference,8968,8967
8979,10,adjacent_difference,8969,8968
8980,10,adjacent_difference,8970,8969
8981,10,adjacent_difference,8971,8970
8982,10,adjacent_difference,8972,8971
8983,10,adjacent_difference,8973,8972
8984,10,adjacent_difference,8974,8973
8985,10,adjacent_difference,8975,8974
8986,10,adjacent_difference,8976,8975
8987,10,adjacent_difference,8977,8976
8988,10,adjacent_difference,8978,8977
8989,10,adjacent_difference,8979,8978
8990,10,adjacent_difference,8980,8979
8991,10,adjacent_difference,8981,8980
8992,10,adjacent_difference,8982,8981
8993,10,adjacent_difference,8983,8982
8994,10,adjacent_difference,8984,8983
8995,10,adjacent_difference,8985,8984
8996,10,adjacent_difference,8986,8985
8997,10,adjacent_difference,8987,8986
8998,10,adjacent_difference,8988,8987
8999,10,adjacent_difference,8989,8988
9000,10,adjacent_difference,8990,8989
9001,10,adjacent_difference,8991,8990
9002,10,adjacent_difference,8992,8991
9003,10,adjacent_difference,8993,8992
9004,10,adjacent_difference,8994,8993
9005,10,adjacent_difference,8995,8994
9006,10,adjacent_difference,8996,8995
9007,10,adjacent_difference,8997,8996
9008,10,adjacent_difference,8998,8997
9009,10,adjacent_difference,8999,8998
9010,10,adjacent_difference,9000,8999
9011,10,adjacent_difference,9001,9000
9012,10,adjacent_difference,9002,9001
9013,10,adjacent_difference,9003,9002
9014,10,adjacent_difference,9004,9003
9015,10,adjacent_difference,9005,9004
9016,10,adjacent_difference,9006,9005
9017,10,adjacent_difference,9007,9006
9018,10,adjacent_difference,9008,9007
9019,10,adjacent_difference,9009,9008
9020,10,adjacent_difference,9010,9009
9021,10,adjacent_difference,9011,9010
9022,10,adjacent_difference,9012,9011
9023,10,adjacent_difference,9013,9012
9024,10,adjacent_difference,9014,9013
9025,10,adjacent_difference,9015,9014
9026,10,adjacent_difference,9016,9015
9027,10,adjacent_difference,9017,9016
9028,10,adjacent_difference,9018,9017
9029,10,adjacent_difference,9019,9018
9030,10,adjacent_difference,9020,9019
9031,10,adjacent_difference,9021,9020
9032,10,adjacent_difference,9022,9021
9033,10,adjacent_difference,9023,9022
9034,10,adjacent_difference,9024,9023
9035,10,adjacent_difference,9025,9024
9036,10,adjacent_difference,9026,9025
9037,10,adjacent_difference,9027,9026
9038,10,adjacent_difference,9028,9027
9039,10,adjacent_difference,9029,9028
9040,10,adjacent_difference,9030,9029
9041,10,adjacent_difference,9031,9030
9042,10,adjacent_difference,9032,9031
9043,10,adjacent_difference,9033,9032
9044,10,adjacent_difference,9034,9033
9045,10,adjacent_difference,9035,9034
9046,10,adjacent_difference,9036,9035
9047,10,adjacent_difference,9037,9036
9048,10,adjacent_difference,9038,9037
9049,10,adjacent_difference,9039,9038
9050,10,adjacent_difference,9040,9039
9051,10,adjacent_difference,9041,9040
9052,10,adjacent_difference,9042,9041
9053,10,adjacent_difference,9043,9042
9054,10,adjacent_difference,9044,9043
9055,10,adjacent_difference,9045,9044
9056,10,adjacent_difference,9046,9045
9057,10,adjacent_difference,9047,9046
9058,10,adjacent_difference,9048,9047
9059,10,adjacent_difference,9049,9048
9060,10,adjacent_difference,9050,9049
9061,10,adjacent_difference,9051,9050
9062,10,adjacent_difference,9052,9051
9063,10,adjacent_difference,9053,9052
9064,10,adjacent_difference,9054,9053
9065,10,adjacent_difference,9055,9054
9066,10,adjacent_difference,9056,9055
9067,10,adjacent_difference,9057,9056
9068,10,adjacent_difference,9058,9057
9069,10,adjacent_difference,9059,9058
9070,10,adjacent_difference,9060,9059
9071,10,adjacent_difference,9061,9060
9072,10,adjacent_difference,9062,9061
9073,10,adjacent_difference,9063,9062
9074,10,adjacent_difference,9064,9063
9075,10,adjacent_difference,9065,9064
9076,10,adjacent_difference,9066,9065
9077,10,adjacent_difference,9067,9066
9078,10,adjacent_difference,9068,9067
9079,10,adjacent_difference,9069,9068
9080,10,adjacent_difference,9070,9069
9081,10,adjacent_difference,9071,9070
9082,10,adjacent_difference,9072,9071
9083,10,adjacent_difference,9073,9072
9084,10,adjacent_difference,9074,9073
9085,10,adjacent_difference,9075,9074
9086,10,adjacent_difference,9076,9075
9087,10,adjacent_difference,9077,9076
9088,10,adjacent_difference,9078,9077
9089,10,adjacent_difference,9079,9078
9090,10,adjacent_difference,9080,9079
9091,10,adjacent_difference,9081,9080
9092,10,adjacent_difference,9082,9081
9093,10,adjacent_difference,9083,9082
9094,10,adjacent_difference,9084,9083
9095,10,adjacent_difference,9085,9084
9096,10,adjacent_difference,9086,9085
9097,10,adjacent_difference,9087,9086
9098,10,adjacent_difference,9088,9087
9099,10,adjacent_difference,9089,9088
9100,10,adjacent_difference,9090,9089
9101,10,adjacent_difference,9091,9090
9102,10,adjacent_difference,9092,9091
9103,10,adjacent_difference,9093,9092
9104,10,adjacent_difference,9094,9093
9105,10,adjacent_difference,9095,9094
9106,10,adjacent_difference,9096,9095
9107,10,adjacent_difference,9097,9096
9108,10,adjacent_difference,9098,9097
9109,10,adjacent_difference,9099,9098
9110,10,adjacent_difference,9100,9099
9111,10,adjacent_difference,9101,9100
9112,10,adjacent_difference,9102,9101
9113,10,adjacent_difference,9103,9102
9114,10,adjacent_difference,9104,9103
9115,10,adjacent_difference,9105,9104
9116,10,adjacent_difference,9106,9105
9117,10,adjacent_difference,9107,9106
9118,10,adjacent_difference,9108,9107
9119,10,adjacent_difference,9109,9108
9120,10,adjacent_difference,9110,9109
9121,10,adjacent_difference,9111,9110
9122,10,adjacent_difference,9112,9111
9123,10,adjacent_difference,9113,9112
9124,10,adjacent_difference,9114,9113
9125,10,adjacent_difference,9115,9114
9126,10,adjacent_difference,9116,9115
9127,10,adjacent_difference,9117,9116
9128,10,adjacent_difference,9118,9117
9129,10,adjacent_difference,9119,9118
9130,10,adjacent_difference,9120,9119
9131,10,adjacent_difference,9121,9120
9132,10,adjacent_difference,9122,9121
9133,10,adjacent_difference,9123,9122
9134,10,adjacent_difference,9124,9123
9135,10,adjacent_difference,9125,9124
9136,10,adjacent_difference,9126,9125
9137,10,adjacent_difference,9127,9126
9138,10,adjacent_difference,9128,9127
9139,10,adjacent_difference,9129,9128
9140,10,adjacent_difference,9130,9129
9141,10,adjacent_difference,9131,9130
9142,10,adjacent_difference,9132,9131
9143,10,adjacent_difference,9133,9132
9144,10,adjacent_difference,9134,9133
9145,10,adjacent_difference,9135,9134
9146,10,adjacent_difference,9136,9135
9147,10,adjacent_difference,9137,9136
9148,10,adjacent_difference,9138,9137
9149,10,adjacent_difference,9139,9138
9150,10,adjacent_difference,9140,9139
9151,10,adjacent_difference,9141,9140
9152,10,adjacent_difference,9142,9141
9153,10,adjacent_difference,9143,9142
9154,10,adjacent_difference,9144,9143
9155,10,adjacent_difference,9145,9144
9156,10,adjacent_difference,9146,9145
9157,10,adjacent_difference,9147,9146
9158,10,adjacent_difference,9148,9147
9159,10,adjacent_difference,9149,9148
9160,10,adjacent_difference,9150,9149
9161,10,adjacent_difference,9151,9150
9162,10,adjacent_difference,9152,9151
9163,10,adjacent_difference,9153,9152
9164,10,adjacent_difference,9154,9153
9165,10,adjacent_difference,9155,9154
9166,10,adjacent_difference,9156,9155
9167,10,adjacent_difference,9157,9156
9168,10,adjacent_difference,9158,9157
9169,10,adjacent_difference,9159,9158
9170,10,adjacent_difference,9160,9159
9171,10,adjacent_difference,9161,9160
9172,10,adjacent_difference,9162,9161
9173,10,adjacent_difference,9163,9162
9174,10,adjacent_difference,9164,9163
9175,10,adjacent_difference,9165,9164
9176,10,adjacent_difference,9166,9165
9177,10,adjacent_difference,9167,9166
9178,10,adjacent_difference,9168,9167
9179,10,adjacent_difference,9169,9168
9180,10,adjacent_difference,9170,9169
9181,10,adjacent_difference,9171,9170
9182,10,adjacent_difference,9172,9171
9183,10,adjacent_difference,9173,9172
9184,10,adjacent_difference,9174,9173
9185,10,adjacent_difference,9175,9174
9186,10,adjacent_difference,9176,9175
9187,10,adjacent_difference,9177,9176
9188,10,adjacent_difference,9178,9177
9189,10,adjacent_difference,9179,9178
9190,10,adjacent_difference,9180,9179
9191,10,adjacent_difference,9181,9180
9192,10,adjacent_difference,9182,9181
9193,10,adjacent_difference,9183,9182
9194,10,adjacent_difference,9184,9183
9195,10,adjacent_difference,9185,9184
9196,10,adjacent_difference,9186,9185
9197,10,adjacent_difference,9187,9186
9198,10,adjacent_difference,9188,9187
9199,10,adjacent_difference,9189,9188
9200,10,adjacent_difference,9190,9189
9201,10,adjacent_difference,9191,9190
9202,10,adjacent_difference,9192,9191
9203,10,adjacent_difference,9193,9192
9204,10,adjacent_difference,9194,9193
9205,10,adjacent_difference,9195,9194
9206,10,adjacent_difference,9196,9195
9207,10,adjacent_difference,9197,9196
9208,10,adjacent_difference,9198,9197
9209,10,adjacent_difference,9199,9198
9210,10,adjacent_difference,9200,9199
9211,10,adjacent_difference,9201,9200
9212,10,adjacent_difference,9202,9201
9213,10,adjacent_difference,9203,9202
9214,10,adjacent_difference,9204,9203
9215,10,adjacent_difference,9205,9204
9216,10,adjacent_difference,9206,9205
9217,10,adjacent_difference,9207,9206
9218,10,adjacent_difference,9208,9207
9219,10,adjacent_difference,9209,9208
9220,10,adjacent_difference,9210,9209
9221,10,adjacent_difference,9211,9210
9222,10,adjacent_difference,9212,9211
9223,10,adjacent_difference,9213,9212
9224,10,adjacent_difference,9214,9213
9225,10,adjacent_difference,9215,9214
9226,10,adjacent_difference,9216,9215
9227,10,adjacent_difference,9217,9216
9228,10,adjacent_difference,9218,9217
9229,10,adjacent_difference,9219,9218
9230,10,adjacent_difference,9220,9219
9231,10,adjacent_difference,9221,9220
9232,10,adjacent_difference,9222,9221
9233,10,adjacent_difference,9223,9222
9234,10,adjacent_difference,9224,9223
9235,10,adjacent_difference,9225,9224
9236,10,adjacent_difference,9226,9225
9237,10,adjacent_difference,9227,9226
9238,10,adjacent_difference,9228,9227
9239,10,adjacent_difference,9229,9228
9240,10,adjacent_difference,9230,9229
9241,10,adjacent_difference,9231,9230
9242,10,adjacent_difference,9232,9231
9243,10,adjacent_difference,9233,9232
9244,10,adjacent_difference,9234,9233
9245,10,adjacent_difference,9235,9234
9246,10,adjacent_difference,9236,9235
9247,10,adjacent_difference,9237,9236
9248,10,adjacent_difference,9238,9237
9249,10,adjacent_difference,9239,9238
9250,10,adjacent_difference,9240,9239
9251,10,adjacent_difference,9241,9240
9252,10,adjacent_difference,9242,9241
9253,10,adjacent_difference,9243,9242
9254,10,adjacent_difference,9244,9243
9255,10,adjacent_difference,9245,9244
9256,10,adjacent_difference,9246,9245
9257,10,adjacent_difference,9247,9246
9258,10,adjacent_difference,9248,9247
9259,10,adjacent_difference,9249,9248
9260,10,adjacent_difference,9250,9249
9261,10,adjacent_difference,9251,9250
9262,10,adjacent_difference,9252,9251
9263,10,adjacent_difference,9253,9252
9264,10,adjacent_difference,9254,9253
9265,10,adjacent_difference,9255,9254
9266,10,adjacent_difference,9256,9255
9267,10,adjacent_difference,9257,9256
9268,10,adjacent_difference,9258,9257
9269,10,adjacent_difference,9259,9258
9270,10,adjacent_difference,9260,9259
9271,10,adjacent_difference,9261,9260
9272,10,adjacent_difference,9262,9261
9273,10,adjacent_difference,9263,9262
9274,10,adjacent_difference,9264,9263
9275,10,adjacent_difference,9265,9264
9276,10,adjacent_difference,9266,9265
9277,10,adjacent_difference,9267,9266
9278,10,adjacent_difference,9268,9267
9279,10,adjacent_difference,9269,9268
9280,10,adjacent_difference,9270,9269
9281,10,adjacent_difference,9271,9270
9282,10,adjacent_difference,9272,9271
9283,10,adjacent_difference,9273,9272
9284,10,adjacent_difference,9274,9273
9285,10,adjacent_difference,9275,9274
9286,10,adjacent_difference,9276,9275
9287,10,adjacent_difference,9277,9276
9288,10,adjacent_difference,9278,9277
9289,10,adjacent_difference,9279,9278
9290,10,adjacent_difference,9280,9279
9291,10,adjacent_difference,9281,9280
9292,10,adjacent_difference,9282,9281
9293,10,adjacent_difference,9283,9282
9294,10,adjacent_difference,9284,9283
9295,10,adjacent_difference,9285,9284
9296,10,adjacent_difference,9286,9285
9297,10,adjacent_difference,9287,9286
9298,10,adjacent_difference,9288,9287
9299,10,adjacent_difference,9289,9288
9300,10,adjacent_difference,9290,9289
9301,10,adjacent_difference,9291,9290
9302,10,adjacent_difference,9292,9291
9303,10,adjacent_difference,9293,9292
9304,10,adjacent_difference,9294,9293
9305,10,terminal_inverse,-1,9294
9306,11,absolute_start,9295,-1
9307,11,adjacent_difference,9296,9295
9308,11,adjacent_difference,9297,9296
9309,11,adjacent_difference,9298,9297
9310,11,adjacent_difference,9299,9298
9311,11,adjacent_difference,9300,9299
9312,11,adjacent_difference,9301,9300
9313,11,adjacent_difference,9302,9301
9314,11,adjacent_difference,9303,9302
9315,11,adjacent_difference,9304,9303
9316,11,adjacent_difference,9305,9304
9317,11,adjacent_difference,9306,9305
9318,11,adjacent_difference,9307,9306
9319,11,adjacent_difference,9308,9307
9320,11,adjacent_difference,9309,9308
9321,11,adjacent_difference,9310,9309
9322,11,adjacent_difference,9311,9310
9323,11,adjacent_difference,9312,9311
9324,11,adjacent_difference,9313,9312
9325,11,adjacent_difference,9314,9313
9326,11,adjacent_difference,9315,9314
9327,11,adjacent_difference,9316,9315
9328,11,adjacent_difference,9317,9316
9329,11,adjacent_difference,9318,9317
9330,11,adjacent_difference,9319,9318
9331,11,adjacent_difference,9320,9319
9332,11,adjacent_difference,9321,9320
9333,11,adjacent_difference,9322,9321
9334,11,adjacent_difference,9323,9322
9335,11,adjacent_difference,9324,9323
9336,11,adjacent_difference,9325,9324
9337,11,adjacent_difference,9326,9325
9338,11,adjacent_difference,9327,9326
9339,11,adjacent_difference,9328,9327
9340,11,adjacent_difference,9329,9328
9341,11,adjacent_difference,9330,9329
9342,11,adjacent_difference,9331,9330
9343,11,adjacent_difference,9332,9331
9344,11,adjacent_difference,9333,9332
9345,11,adjacent_difference,9334,9333
9346,11,adjacent_difference,9335,9334
9347,11,adjacent_difference,9336,9335
9348,11,adjacent_difference,9337,9336
9349,11,adjacent_difference,9338,9337
9350,11,adjacent_difference,9339,9338
9351,11,adjacent_difference,9340,9339
9352,11,adjacent_difference,9341,9340
9353,11,adjacent_difference,9342,9341
9354,11,adjacent_difference,9343,9342
9355,11,adjacent_difference,9344,9343
9356,11,adjacent_difference,9345,9344
9357,11,adjacent_difference,9346,9345
9358,11,adjacent_difference,9347,9346
9359,11,adjacent_difference,9348,9347
9360,11,adjacent_difference,9349,9348
9361,11,adjacent_difference,9350,9349
9362,11,adjacent_difference,9351,9350
9363,11,adjacent_difference,9352,9351
9364,11,adjacent_difference,9353,9352
9365,11,adjacent_difference,9354,9353
9366,11,adjacent_difference,9355,9354
9367,11,adjacent_difference,9356,9355
9368,11,adjacent_difference,9357,9356
9369,11,adjacent_difference,9358,9357
9370,11,adjacent_difference,9359,9358
9371,11,adjacent_difference,9360,9359
9372,11,adjacent_difference,9361,9360
9373,11,adjacent_difference,9362,9361
9374,11,adjacent_difference,9363,9362
9375,11,adjacent_difference,9364,9363
9376,11,adjacent_difference,9365,9364
9377,11,adjacent_difference,9366,9365
9378,11,adjacent_difference,9367,9366
9379,11,adjacent_difference,9368,9367
9380,11,adjacent_difference,9369,9368
9381,11,adjacent_difference,9370,9369
9382,11,adjacent_difference,9371,9370
9383,11,adjacent_difference,9372,9371
9384,11,adjacent_difference,9373,9372
9385,11,adjacent_difference,9374,9373
9386,11,adjacent_difference,9375,9374
9387,11,adjacent_difference,9376,9375
9388,11,adjacent_difference,9377,9376
9389,11,adjacent_difference,9378,9377
9390,11,adjacent_difference,9379,9378
9391,11,adjacent_difference,9380,9379
9392,11,adjacent_difference,9381,9380
9393,11,adjacent_difference,9382,9381
9394,11,adjacent_difference,9383,9382
9395,11,adjacent_difference,9384,9383
9396,11,adjacent_difference,9385,9384
9397,11,adjacent_difference,9386,9385
9398,11,adjacent_difference,9387,9386
9399,11,adjacent_difference,9388,9387
9400,11,adjacent_difference,9389,9388
9401,11,adjacent_difference,9390,9389
9402,11,adjacent_difference,9391,9390
9403,11,adjacent_difference,9392,9391
9404,11,adjacent_difference,9393,9392
9405,11,adjacent_difference,9394,9393
9406,11,adjacent_difference,9395,9394
9407,11,adjacent_difference,9396,9395
9408,11,adjacent_difference,9397,9396
9409,11,adjacent_difference,9398,9397
9410,11,adjacent_difference,9399,9398
9411,11,adjacent_difference,9400,9399
9412,11,adjacent_difference,9401,9400
9413,11,adjacent_difference,9402,9401
9414,11,adjacent_difference,9403,9402
9415,11,adjacent_difference,9404,9403
9416,11,adjacent_difference,9405,9404
9417,11,adjacent_difference,9406,9405
9418,11,adjacent_difference,9407,9406
9419,11,adjacent_difference,9408,9407
9420,11,adjacent_difference,9409,9408
9421,11,adjacent_difference,9410,9409
9422,11,adjacent_difference,9411,9410
9423,11,adjacent_difference,9412,9411
9424,11,adjacent_difference,9413,9412
9425,11,adjacent_difference,9414,9413
9426,11,adjacent_difference,9415,9414
9427,11,adjacent_difference,9416,9415
9428,11,adjacent_difference,9417,9416
9429,11,adjacent_difference,9418,9417
9430,11,adjacent_difference,9419,9418
9431,11,adjacent_difference,9420,9419
9432,11,adjacent_difference,9421,9420
9433,11,adjacent_difference,9422,9421
9434,11,adjacent_difference,9423,9422
9435,11,adjacent_difference,9424,9423
9436,11,adjacent_difference,9425,9424
9437,11,adjacent_difference,9426,9425
9438,11,adjacent_difference,9427,9426
9439,11,adjacent_difference,9428,9427
9440,11,adjacent_difference,9429,9428
9441,11,adjacent_difference,9430,9429
9442,11,adjacent_difference,9431,9430
9443,11,adjacent_difference,9432,9431
9444,11,adjacent_difference,9433,9432
9445,11,adjacent_difference,9434,9433
9446,11,adjacent_difference,9435,9434
9447,11,adjacent_difference,9436,9435
9448,11,adjacent_difference,9437,9436
9449,11,adjacent_difference,9438,9437
9450,11,adjacent_difference,9439,9438
9451,11,adjacent_difference,9440,9439
9452,11,adjacent_difference,9441,9440
9453,11,adjacent_difference,9442,9441
9454,11,adjacent_difference,9443,9442
9455,11,adjacent_difference,9444,9443
9456,11,adjacent_difference,9445,9444
9457,11,adjacent_difference,9446,9445
9458,11,adjacent_difference,9447,9446
9459,11,adjacent_difference,9448,9447
9460,11,adjacent_difference,9449,9448
9461,11,adjacent_difference,9450,9449
9462,11,adjacent_difference,9451,9450
9463,11,adjacent_difference,9452,9451
9464,11,adjacent_difference,9453,9452
9465,11,adjacent_difference,9454,9453
9466,11,adjacent_difference,9455,9454
9467,11,adjacent_difference,9456,9455
9468,11,adjacent_difference,9457,9456
9469,11,adjacent_difference,9458,9457
9470,11,adjacent_difference,9459,9458
9471,11,adjacent_difference,9460,9459
9472,11,adjacent_difference,9461,9460
9473,11,adjacent_difference,9462,9461
9474,11,adjacent_difference,9463,9462
9475,11,adjacent_difference,9464,9463
9476,11,adjacent_difference,9465,9464
9477,11,adjacent_difference,9466,9465
9478,11,adjacent_difference,9467,9466
9479,11,adjacent_difference,9468,9467
9480,11,adjacent_difference,9469,9468
9481,11,adjacent_difference,9470,9469
9482,11,adjacent_difference,9471,9470
9483,11,adjacent_difference,9472,9471
9484,11,adjacent_difference,9473,9472
9485,11,adjacent_difference,9474,9473
9486,11,adjacent_difference,9475,9474
9487,11,adjacent_difference,9476,9475
9488,11,adjacent_difference,9477,9476
9489,11,adjacent_difference,9478,9477
9490,11,adjacent_difference,9479,9478
9491,11,adjacent_difference,9480,9479
9492,11,adjacent_difference,9481,9480
9493,11,adjacent_difference,9482,9481
9494,11,adjacent_difference,9483,9482
9495,11,adjacent_difference,9484,9483
9496,11,adjacent_difference,9485,9484
9497,11,adjacent_difference,9486,9485
9498,11,adjacent_difference,9487,9486
9499,11,adjacent_difference,9488,9487
9500,11,adjacent_difference,9489,9488
9501,11,adjacent_difference,9490,9489
9502,11,adjacent_difference,9491,9490
9503,11,adjacent_difference,9492,9491
9504,11,adjacent_difference,9493,9492
9505,11,adjacent_difference,9494,9493
9506,11,adjacent_difference,9495,9494
9507,11,adjacent_difference,9496,9495
9508,11,adjacent_difference,9497,9496
9509,11,adjacent_difference,9498,9497
9510,11,adjacent_difference,9499,9498
9511,11,adjacent_difference,9500,9499
9512,11,adjacent_difference,9501,9500
9513,11,adjacent_difference,9502,9501
9514,11,adjacent_difference,9503,9502
9515,11,adjacent_difference,9504,9503
9516,11,adjacent_difference,9505,9504
9517,11,adjacent_difference,9506,9505
9518,11,adjacent_difference,9507,9506
9519,11,adjacent_difference,9508,9507
9520,11,adjacent_difference,9509,9508
9521,11,adjacent_difference,9510,9509
9522,11,adjacent_difference,9511,9510
9523,11,adjacent_difference,9512,9511
9524,11,adjacent_difference,9513,9512
9525,11,adjacent_difference,9514,9513
9526,11,adjacent_difference,9515,9514
9527,11,adjacent_difference,9516,9515
9528,11,adjacent_difference,9517,9516
9529,11,adjacent_difference,9518,9517
9530,11,adjacent_difference,9519,9518
9531,11,adjacent_difference,9520,9519
9532,11,adjacent_difference,9521,9520
9533,11,adjacent_difference,9522,9521
9534,11,adjacent_difference,9523,9522
9535,11,adjacent_difference,9524,9523
9536,11,adjacent_difference,9525,9524
9537,11,adjacent_difference,9526,9525
9538,11,adjacent_difference,9527,9526
9539,11,adjacent_difference,9528,9527
9540,11,adjacent_difference,9529,9528
9541,11,adjacent_difference,9530,9529
9542,11,adjacent_difference,9531,9530
9543,11,adjacent_difference,9532,9531
9544,11,adjacent_difference,9533,9532
9545,11,adjacent_difference,9534,9533
9546,11,adjacent_difference,9535,9534
9547,11,adjacent_difference,9536,9535
9548,11,adjacent_difference,9537,9536
9549,11,adjacent_difference,9538,9537
9550,11,adjacent_difference,9539,9538
9551,11,adjacent_difference,9540,9539
9552,11,adjacent_difference,9541,9540
9553,11,adjacent_difference,9542,9541
9554,11,adjacent_difference,9543,9542
9555,11,adjacent_difference,9544,9543
9556,11,adjacent_difference,9545,9544
9557,11,adjacent_difference,9546,9545
9558,11,adjacent_difference,9547,9546
9559,11,adjacent_difference,9548,9547
9560,11,adjacent_difference,9549,9548
9561,11,adjacent_difference,9550,9549
9562,11,adjacent_difference,9551,9550
9563,11,adjacent_difference,9552,9551
9564,11,adjacent_difference,9553,9552
9565,11,adjacent_difference,9554,9553
9566,11,adjacent_difference,9555,9554
9567,11,adjacent_difference,9556,9555
9568,11,adjacent_difference,9557,9556
9569,11,adjacent_difference,9558,9557
9570,11,adjacent_difference,9559,9558
9571,11,adjacent_difference,9560,9559
9572,11,adjacent_difference,9561,9560
9573,11,adjacent_difference,9562,9561
9574,11,adjacent_difference,9563,9562
9575,11,adjacent_difference,9564,9563
9576,11,adjacent_difference,9565,9564
9577,11,adjacent_difference,9566,9565
9578,11,adjacent_difference,9567,9566
9579,11,adjacent_difference,9568,9567
9580,11,adjacent_difference,9569,9568
9581,11,adjacent_difference,9570,9569
9582,11,adjacent_difference,9571,9570
9583,11,adjacent_difference,9572,9571
9584,11,adjacent_difference,9573,9572
9585,11,adjacent_difference,9574,9573
9586,11,adjacent_difference,9575,9574
9587,11,adjacent_difference,9576,9575
9588,11,adjacent_difference,9577,9576
9589,11,adjacent_difference,9578,9577
9590,11,adjacent_difference,9579,9578
9591,11,adjacent_difference,9580,9579
9592,11,adjacent_difference,9581,9580
9593,11,adjacent_difference,9582,9581
9594,11,adjacent_difference,9583,9582
9595,11,adjacent_difference,9584,9583
9596,11,adjacent_difference,9585,9584
9597,11,adjacent_difference,9586,9585
9598,11,adjacent_difference,9587,9586
9599,11,adjacent_difference,9588,9587
9600,11,adjacent_difference,9589,9588
9601,11,adjacent_difference,9590,9589
9602,11,adjacent_difference,9591,9590
9603,11,adjacent_difference,9592,9591
9604,11,adjacent_difference,9593,9592
9605,11,adjacent_difference,9594,9593
9606,11,adjacent_difference,9595,9594
9607,11,adjacent_difference,9596,9595
9608,11,adjacent_difference,9597,9596
9609,11,adjacent_difference,9598,9597
9610,11,adjacent_difference,9599,9598
9611,11,adjacent_difference,9600,9599
9612,11,adjacent_difference,9601,9600
9613,11,adjacent_difference,9602,9601
9614,11,adjacent_difference,9603,9602
9615,11,adjacent_difference,9604,9603
9616,11,adjacent_difference,9605,9604
9617,11,adjacent_difference,9606,9605
9618,11,adjacent_difference,9607,9606
9619,11,adjacent_difference,9608,9607
9620,11,adjacent_difference,9609,9608
9621,11,adjacent_difference,9610,9609
9622,11,adjacent_difference,9611,9610
9623,11,adjacent_difference,9612,9611
9624,11,adjacent_difference,9613,9612
9625,11,adjacent_difference,9614,9613
9626,11,adjacent_difference,9615,9614
9627,11,adjacent_difference,9616,9615
9628,11,adjacent_difference,9617,9616
9629,11,adjacent_difference,9618,9617
9630,11,adjacent_difference,9619,9618
9631,11,adjacent_difference,9620,9619
9632,11,adjacent_difference,9621,9620
9633,11,adjacent_difference,9622,9621
9634,11,adjacent_difference,9623,9622
9635,11,adjacent_difference,9624,9623
9636,11,adjacent_difference,9625,9624
9637,11,adjacent_difference,9626,9625
9638,11,adjacent_difference,9627,9626
9639,11,adjacent_difference,9628,9627
9640,11,adjacent_difference,9629,9628
9641,11,adjacent_difference,9630,9629
9642,11,adjacent_difference,9631,9630
9643,11,adjacent_difference,9632,9631
9644,11,adjacent_difference,9633,9632
9645,11,adjacent_difference,9634,9633
9646,11,adjacent_difference,9635,9634
9647,11,adjacent_difference,9636,9635
9648,11,adjacent_difference,9637,9636
9649,11,adjacent_difference,9638,9637
9650,11,adjacent_difference,9639,9638
9651,11,adjacent_difference,9640,9639
9652,11,adjacent_difference,9641,9640
9653,11,adjacent_difference,9642,9641
9654,11,adjacent_difference,9643,9642
9655,11,adjacent_difference,9644,9643
9656,11,adjacent_difference,9645,9644
9657,11,adjacent_difference,9646,9645
9658,11,adjacent_difference,9647,9646
9659,11,adjacent_difference,9648,9647
9660,11,adjacent_difference,9649,9648
9661,11,adjacent_difference,9650,9649
9662,11,adjacent_difference,9651,9650
9663,11,adjacent_difference,9652,9651
9664,11,adjacent_difference,9653,9652
9665,11,adjacent_difference,9654,9653
9666,11,adjacent_difference,9655,9654
9667,11,adjacent_difference,9656,9655
9668,11,adjacent_difference,9657,9656
9669,11,adjacent_difference,9658,9657
9670,11,adjacent_difference,9659,9658
9671,11,adjacent_difference,9660,9659
9672,11,adjacent_difference,9661,9660
9673,11,adjacent_difference,9662,9661
9674,11,adjacent_difference,9663,9662
9675,11,adjacent_difference,9664,9663
9676,11,adjacent_difference,9665,9664
9677,11,adjacent_difference,9666,9665
9678,11,adjacent_difference,9667,9666
9679,11,adjacent_difference,9668,9667
9680,11,adjacent_difference,9669,9668
9681,11,adjacent_difference,9670,9669
9682,11,adjacent_difference,9671,9670
9683,11,adjacent_difference,9672,9671
9684,11,adjacent_difference,9673,9672
9685,11,adjacent_difference,9674,9673
9686,11,adjacent_difference,9675,9674
9687,11,adjacent_difference,9676,9675
9688,11,adjacent_difference,9677,9676
9689,11,adjacent_difference,9678,9677
9690,11,adjacent_difference,9679,9678
9691,11,adjacent_difference,9680,9679
9692,11,adjacent_difference,9681,9680
9693,11,adjacent_difference,9682,9681
9694,11,adjacent_difference,9683,9682
9695,11,adjacent_difference,9684,9683
9696,11,adjacent_difference,9685,9684
9697,11,adjacent_difference,9686,9685
9698,11,adjacent_difference,9687,9686
9699,11,adjacent_difference,9688,9687
9700,11,adjacent_difference,9689,9688
9701,11,adjacent_difference,9690,9689
9702,11,adjacent_difference,9691,9690
9703,11,adjacent_difference,9692,9691
9704,11,adjacent_difference,9693,9692
9705,11,adjacent_difference,9694,9693
9706,11,adjacent_difference,9695,9694
9707,11,adjacent_difference,9696,9695
9708,11,adjacent_difference,9697,9696
9709,11,adjacent_difference,9698,9697
9710,11,adjacent_difference,9699,9698
9711,11,adjacent_difference,9700,9699
9712,11,adjacent_difference,9701,9700
9713,11,adjacent_difference,9702,9701
9714,11,adjacent_difference,9703,9702
9715,11,adjacent_difference,9704,9703
9716,11,adjacent_difference,9705,9704
9717,11,adjacent_difference,9706,9705
9718,11,adjacent_difference,9707,9706
9719,11,adjacent_difference,9708,9707
9720,11,adjacent_difference,9709,9708
9721,11,adjacent_difference,9710,9709
9722,11,adjacent_difference,9711,9710
9723,11,adjacent_difference,9712,9711
9724,11,adjacent_difference,9713,9712
9725,11,adjacent_difference,9714,9713
9726,11,adjacent_difference,9715,9714
9727,11,adjacent_difference,9716,9715
9728,11,adjacent_difference,9717,9716
9729,11,adjacent_difference,9718,9717
9730,11,adjacent_difference,9719,9718
9731,11,adjacent_difference,9720,9719
9732,11,adjacent_difference,9721,9720
9733,11,adjacent_difference,9722,9721
9734,11,adjacent_difference,9723,9722
9735,11,adjacent_difference,9724,9723
9736,11,adjacent_difference,9725,9724
9737,11,adjacent_difference,9726,9725
9738,11,adjacent_difference,9727,9726
9739,11,adjacent_difference,9728,9727
9740,11,adjacent_difference,9729,9728
9741,11,adjacent_difference,9730,9729
9742,11,adjacent_difference,9731,9730
9743,11,adjacent_difference,9732,9731
9744,11,adjacent_difference,9733,9732
9745,11,adjacent_difference,9734,9733
9746,11,adjacent_difference,9735,9734
9747,11,adjacent_difference,9736,9735
9748,11,adjacent_difference,9737,9736
9749,11,adjacent_difference,9738,9737
9750,11,adjacent_difference,9739,9738
9751,11,adjacent_difference,9740,9739
9752,11,adjacent_difference,9741,9740
9753,11,adjacent_difference,9742,9741
9754,11,adjacent_difference,9743,9742
9755,11,adjacent_difference,9744,9743
9756,11,adjacent_difference,9745,9744
9757,11,adjacent_difference,9746,9745
9758,11,adjacent_difference,9747,9746
9759,11,adjacent_difference,9748,9747
9760,11,adjacent_difference,9749,9748
9761,11,adjacent_difference,9750,9749
9762,11,adjacent_difference,9751,9750
9763,11,adjacent_difference,9752,9751
9764,11,adjacent_difference,9753,9752
9765,11,adjacent_difference,9754,9753
9766,11,adjacent_difference,9755,9754
9767,11,adjacent_difference,9756,9755
9768,11,adjacent_difference,9757,9756
9769,11,adjacent_difference,9758,9757
9770,11,adjacent_difference,9759,9758
9771,11,adjacent_difference,9760,9759
9772,11,adjacent_difference,9761,9760
9773,11,adjacent_difference,9762,9761
9774,11,adjacent_difference,9763,9762
9775,11,adjacent_difference,9764,9763
9776,11,adjacent_difference,9765,9764
9777,11,adjacent_difference,9766,9765
9778,11,adjacent_difference,9767,9766
9779,11,adjacent_difference,9768,9767
9780,11,adjacent_difference,9769,9768
9781,11,adjacent_difference,9770,9769
9782,11,adjacent_difference,9771,9770
9783,11,adjacent_difference,9772,9771
9784,11,adjacent_difference,9773,9772
9785,11,adjacent_difference,9774,9773
9786,11,adjacent_difference,9775,9774
9787,11,adjacent_difference,9776,9775
9788,11,adjacent_difference,9777,9776
9789,11,adjacent_difference,9778,9777
9790,11,adjacent_difference,9779,9778
9791,11,adjacent_difference,9780,9779
9792,11,adjacent_difference,9781,9780
9793,11,adjacent_difference,9782,9781
9794,11,adjacent_difference,9783,9782
9795,11,adjacent_difference,9784,9783
9796,11,adjacent_difference,9785,9784
9797,11,adjacent_difference,9786,9785
9798,11,adjacent_difference,9787,9786
9799,11,adjacent_difference,9788,9787
9800,11,adjacent_difference,9789,9788
9801,11,adjacent_difference,9790,9789
9802,11,adjacent_difference,9791,9790
9803,11,adjacent_difference,9792,9791
9804,11,adjacent_difference,9793,9792
9805,11,adjacent_difference,9794,9793
9806,11,adjacent_difference,9795,9794
9807,11,adjacent_difference,9796,9795
9808,11,adjacent_difference,9797,9796
9809,11,adjacent_difference,9798,9797
9810,11,adjacent_difference,9799,9798
9811,11,adjacent_difference,9800,9799
9812,11,adjacent_difference,9801,9800
9813,11,adjacent_difference,9802,9801
9814,11,adjacent_difference,9803,9802
9815,11,adjacent_difference,9804,9803
9816,11,adjacent_difference,9805,9804
9817,11,adjacent_difference,9806,9805
9818,11,adjacent_difference,9807,9806
9819,11,adjacent_difference,9808,9807
9820,11,adjacent_difference,9809,9808
9821,11,adjacent_difference,9810,9809
9822,11,adjacent_difference,9811,9810
9823,11,adjacent_difference,9812,9811
9824,11,adjacent_difference,9813,9812
9825,11,adjacent_difference,9814,9813
9826,11,adjacent_difference,9815,9814
9827,11,adjacent_difference,9816,9815
9828,11,adjacent_difference,9817,9816
9829,11,adjacent_difference,9818,9817
9830,11,adjacent_difference,9819,9818
9831,11,adjacent_difference,9820,9819
9832,11,adjacent_difference,9821,9820
9833,11,adjacent_difference,9822,9821
9834,11,adjacent_difference,9823,9822
9835,11,adjacent_difference,9824,9823
9836,11,adjacent_difference,9825,9824
9837,11,adjacent_difference,9826,9825
9838,11,adjacent_difference,9827,9826
9839,11,adjacent_difference,9828,9827
9840,11,adjacent_difference,9829,9828
9841,11,adjacent_difference,9830,9829
9842,11,adjacent_difference,9831,9830
9843,11,adjacent_difference,9832,9831
9844,11,adjacent_difference,9833,9832
9845,11,adjacent_difference,9834,9833
9846,11,adjacent_difference,9835,9834
9847,11,adjacent_difference,9836,9835
9848,11,adjacent_difference,9837,9836
9849,11,adjacent_difference,9838,9837
9850,11,adjacent_difference,9839,9838
9851,11,adjacent_difference,9840,9839
9852,11,adjacent_difference,9841,9840
9853,11,adjacent_difference,9842,9841
9854,11,adjacent_difference,9843,9842
9855,11,adjacent_difference,9844,9843
9856,11,adjacent_difference,9845,9844
9857,11,adjacent_difference,9846,9845
9858,11,adjacent_difference,9847,9846
9859,11,adjacent_difference,9848,9847
9860,11,adjacent_difference,9849,9848
9861,11,adjacent_difference,9850,9849
9862,11,adjacent_difference,9851,9850
9863,11,adjacent_difference,9852,9851
9864,11,adjacent_difference,9853,9852
9865,11,adjacent_difference,9854,9853
9866,11,adjacent_difference,9855,9854
9867,11,adjacent_difference,9856,9855
9868,11,adjacent_difference,9857,9856
9869,11,adjacent_difference,9858,9857
9870,11,adjacent_difference,9859,9858
9871,11,adjacent_difference,9860,9859
9872,11,adjacent_difference,9861,9860
9873,11,adjacent_difference,9862,9861
9874,11,adjacent_difference,9863,9862
9875,11,adjacent_difference,9864,9863
9876,11,adjacent_difference,9865,9864
9877,11,adjacent_difference,9866,9865
9878,11,adjacent_difference,9867,9866
9879,11,adjacent_difference,9868,9867
9880,11,adjacent_difference,9869,9868
9881,11,adjacent_difference,9870,9869
9882,11,adjacent_difference,9871,9870
9883,11,adjacent_difference,9872,9871
9884,11,adjacent_difference,9873,9872
9885,11,adjacent_difference,9874,9873
9886,11,adjacent_difference,9875,9874
9887,11,adjacent_difference,9876,9875
9888,11,adjacent_difference,9877,9876
9889,11,adjacent_difference,9878,9877
9890,11,adjacent_difference,9879,9878
9891,11,adjacent_difference,9880,9879
9892,11,adjacent_difference,9881,9880
9893,11,adjacent_difference,9882,9881
9894,11,adjacent_difference,9883,9882
9895,11,adjacent_difference,9884,9883
9896,11,adjacent_difference,9885,9884
9897,11,adjacent_difference,9886,9885
9898,11,adjacent_difference,9887,9886
9899,11,adjacent_difference,9888,9887
9900,11,adjacent_difference,9889,9888
9901,11,adjacent_difference,9890,9889
9902,11,adjacent_difference,9891,9890
9903,11,adjacent_difference,9892,9891
9904,11,adjacent_difference,9893,9892
9905,11,adjacent_difference,9894,9893
9906,11,adjacent_difference,9895,9894
9907,11,adjacent_difference,9896,9895
9908,11,adjacent_difference,9897,9896
9909,11,adjacent_difference,9898,9897
9910,11,adjacent_difference,9899,9898
9911,11,adjacent_difference,9900,9899
9912,11,adjacent_difference,9901,9900
9913,11,adjacent_difference,9902,9901
9914,11,adjacent_difference,9903,9902
9915,11,adjacent_difference,9904,9903
9916,11,adjacent_difference,9905,9904
9917,11,adjacent_difference,9906,9905
9918,11,adjacent_difference,9907,9906
9919,11,adjacent_difference,9908,9907
9920,11,adjacent_difference,9909,9908
9921,11,adjacent_difference,9910,9909
9922,11,adjacent_difference,9911,9910
9923,11,adjacent_difference,9912,9911
9924,11,adjacent_difference,9913,9912
9925,11,adjacent_difference,9914,9913
9926,11,adjacent_difference,9915,9914
9927,11,adjacent_difference,9916,9915
9928,11,adjacent_difference,9917,9916
9929,11,adjacent_difference,9918,9917
9930,11,adjacent_difference,9919,9918
9931,11,adjacent_difference,9920,9919
9932,11,adjacent_difference,9921,9920
9933,11,adjacent_difference,9922,9921
9934,11,adjacent_difference,9923,9922
9935,11,adjacent_difference,9924,9923
9936,11,adjacent_difference,9925,9924
9937,11,adjacent_difference,9926,9925
9938,11,adjacent_difference,9927,9926
9939,11,adjacent_difference,9928,9927
9940,11,adjacent_difference,9929,9928
9941,11,adjacent_difference,9930,9929
9942,11,adjacent_difference,9931,9930
9943,11,adjacent_difference,9932,9931
9944,11,adjacent_difference,9933,9932
9945,11,adjacent_difference,9934,9933
9946,11,adjacent_difference,9935,9934
9947,11,adjacent_difference,9936,9935
9948,11,adjacent_difference,9937,9936
9949,11,adjacent_difference,9938,9937
9950,11,adjacent_difference,9939,9938
9951,11,adjacent_difference,9940,9939
9952,11,adjacent_difference,9941,9940
9953,11,adjacent_difference,9942,9941
9954,11,adjacent_difference,9943,9942
9955,11,adjacent_difference,9944,9943
9956,11,adjacent_difference,9945,9944
9957,11,adjacent_difference,9946,9945
9958,11,adjacent_difference,9947,9946
9959,11,adjacent_difference,9948,9947
9960,11,adjacent_difference,9949,9948
9961,11,adjacent_difference,9950,9949
9962,11,adjacent_difference,9951,9950
9963,11,adjacent_difference,9952,9951
9964,11,adjacent_difference,9953,9952
9965,11,adjacent_difference,9954,9953
9966,11,adjacent_difference,9955,9954
9967,11,adjacent_difference,9956,9955
9968,11,adjacent_difference,9957,9956
9969,11,adjacent_difference,9958,9957
9970,11,adjacent_difference,9959,9958
9971,11,adjacent_difference,9960,9959
9972,11,adjacent_difference,9961,9960
9973,11,adjacent_difference,9962,9961
9974,11,adjacent_difference,9963,9962
9975,11,adjacent_difference,9964,9963
9976,11,adjacent_difference,9965,9964
9977,11,adjacent_difference,9966,9965
9978,11,adjacent_difference,9967,9966
9979,11,adjacent_difference,9968,9967
9980,11,adjacent_difference,9969,9968
9981,11,adjacent_difference,9970,9969
9982,11,adjacent_difference,9971,9970
9983,11,adjacent_difference,9972,9971
9984,11,adjacent_difference,9973,9972
9985,11,adjacent_difference,9974,9973
9986,11,adjacent_difference,9975,9974
9987,11,adjacent_difference,9976,9975
9988,11,adjacent_difference,9977,9976
9989,11,adjacent_difference,9978,9977
9990,11,adjacent_difference,9979,9978
9991,11,adjacent_difference,9980,9979
9992,11,adjacent_difference,9981,9980
9993,11,adjacent_difference,9982,9981
9994,11,adjacent_difference,9983,9982
9995,11,adjacent_difference,9984,9983
9996,11,adjacent_difference,9985,9984
9997,11,adjacent_difference,9986,9985
9998,11,adjacent_difference,9987,9986
9999,11,adjacent_difference,9988,9987
10000,11,adjacent_difference,9989,9988
10001,11,adjacent_difference,9990,9989
10002,11,adjacent_difference,9991,9990
10003,11,adjacent_difference,9992,9991
10004,11,adjacent_difference,9993,9992
10005,11,adjacent_difference,9994,9993
10006,11,adjacent_difference,9995,9994
10007,11,adjacent_difference,9996,9995
10008,11,adjacent_difference,9997,9996
10009,11,adjacent_difference,9998,9997
10010,11,adjacent_difference,9999,9998
10011,11,adjacent_difference,10000,9999
10012,11,adjacent_difference,10001,10000
10013,11,adjacent_difference,10002,10001
10014,11,adjacent_difference,10003,10002
10015,11,adjacent_difference,10004,10003
10016,11,adjacent_difference,10005,10004
10017,11,adjacent_difference,10006,10005
10018,11,adjacent_difference,10007,10006
10019,11,adjacent_difference,10008,10007
10020,11,adjacent_difference,10009,10008
10021,11,adjacent_difference,10010,10009
10022,11,adjacent_difference,10011,10010
10023,11,adjacent_difference,10012,10011
10024,11,adjacent_difference,10013,10012
10025,11,adjacent_difference,10014,10013
10026,11,adjacent_difference,10015,10014
10027,11,adjacent_difference,10016,10015
10028,11,adjacent_difference,10017,10016
10029,11,adjacent_difference,10018,10017
10030,11,adjacent_difference,10019,10018
10031,11,adjacent_difference,10020,10019
10032,11,adjacent_difference,10021,10020
10033,11,adjacent_difference,10022,10021
10034,11,adjacent_difference,10023,10022
10035,11,adjacent_difference,10024,10023
10036,11,adjacent_difference,10025,10024
10037,11,adjacent_difference,10026,10025
10038,11,adjacent_difference,10027,10026
10039,11,adjacent_difference,10028,10027
10040,11,adjacent_difference,10029,10028
10041,11,adjacent_difference,10030,10029
10042,11,adjacent_difference,10031,10030
10043,11,adjacent_difference,10032,10031
10044,11,adjacent_difference,10033,10032
10045,11,adjacent_difference,10034,10033
10046,11,adjacent_difference,10035,10034
10047,11,adjacent_difference,10036,10035
10048,11,adjacent_difference,10037,10036
10049,11,adjacent_difference,10038,10037
10050,11,adjacent_difference,10039,10038
10051,11,adjacent_difference,10040,10039
10052,11,adjacent_difference,10041,10040
10053,11,adjacent_difference,10042,10041
10054,11,adjacent_difference,10043,10042
10055,11,adjacent_difference,10044,10043
10056,11,adjacent_difference,10045,10044
10057,11,adjacent_difference,10046,10045
10058,11,adjacent_difference,10047,10046
10059,11,adjacent_difference,10048,10047
10060,11,adjacent_difference,10049,10048
10061,11,adjacent_difference,10050,10049
10062,11,adjacent_difference,10051,10050
10063,11,adjacent_difference,10052,10051
10064,11,adjacent_difference,10053,10052
10065,11,adjacent_difference,10054,10053
10066,11,adjacent_difference,10055,10054
10067,11,adjacent_difference,10056,10055
10068,11,adjacent_difference,10057,10056
10069,11,adjacent_difference,10058,10057
10070,11,adjacent_difference,10059,10058
10071,11,adjacent_difference,10060,10059
10072,11,adjacent_difference,10061,10060
10073,11,adjacent_difference,10062,10061
10074,11,adjacent_difference,10063,10062
10075,11,adjacent_difference,10064,10063
10076,11,adjacent_difference,10065,10064
10077,11,adjacent_difference,10066,10065
10078,11,adjacent_difference,10067,10066
10079,11,adjacent_difference,10068,10067
10080,11,adjacent_difference,10069,10068
10081,11,adjacent_difference,10070,10069
10082,11,adjacent_difference,10071,10070
10083,11,adjacent_difference,10072,10071
10084,11,adjacent_difference,10073,10072
10085,11,adjacent_difference,10074,10073
10086,11,adjacent_difference,10075,10074
10087,11,adjacent_difference,10076,10075
10088,11,adjacent_difference,10077,10076
10089,11,adjacent_difference,10078,10077
10090,11,adjacent_difference,10079,10078
10091,11,adjacent_difference,10080,10079
10092,11,adjacent_difference,10081,10080
10093,11,adjacent_difference,10082,10081
10094,11,adjacent_difference,10083,10082
10095,11,adjacent_difference,10084,10083
10096,11,adjacent_difference,10085,10084
10097,11,adjacent_difference,10086,10085
10098,11,adjacent_difference,10087,10086
10099,11,adjacent_difference,10088,10087
10100,11,adjacent_difference,10089,10088
10101,11,adjacent_difference,10090,10089
10102,11,adjacent_difference,10091,10090
10103,11,adjacent_difference,10092,10091
10104,11,adjacent_difference,10093,10092
10105,11,adjacent_difference,10094,10093
10106,11,adjacent_difference,10095,10094
10107,11,adjacent_difference,10096,10095
10108,11,adjacent_difference,10097,10096
10109,11,adjacent_difference,10098,10097
10110,11,adjacent_difference,10099,10098
10111,11,adjacent_difference,10100,10099
10112,11,adjacent_difference,10101,10100
10113,11,adjacent_difference,10102,10101
10114,11,adjacent_difference,10103,10102
10115,11,adjacent_difference,10104,10103
10116,11,adjacent_difference,10105,10104
10117,11,adjacent_difference,10106,10105
10118,11,adjacent_difference,10107,10106
10119,11,adjacent_difference,10108,10107
10120,11,adjacent_difference,10109,10108
10121,11,adjacent_difference,10110,10109
10122,11,adjacent_difference,10111,10110
10123,11,adjacent_difference,10112,10111
10124,11,adjacent_difference,10113,10112
10125,11,adjacent_difference,10114,10113
10126,11,adjacent_difference,10115,10114
10127,11,adjacent_difference,10116,10115
10128,11,adjacent_difference,10117,10116
10129,11,adjacent_difference,10118,10117
10130,11,adjacent_difference,10119,10118
10131,11,adjacent_difference,10120,10119
10132,11,adjacent_difference,10121,10120
10133,11,adjacent_difference,10122,10121
10134,11,adjacent_difference,10123,10122
10135,11,adjacent_difference,10124,10123
10136,11,adjacent_difference,10125,10124
10137,11,adjacent_difference,10126,10125
10138,11,adjacent_difference,10127,10126
10139,11,adjacent_difference,10128,10127
10140,11,adjacent_difference,10129,10128
10141,11,adjacent_difference,10130,10129
10142,11,adjacent_difference,10131,10130
10143,11,adjacent_difference,10132,10131
10144,11,adjacent_difference,10133,10132
10145,11,adjacent_difference,10134,10133
10146,11,adjacent_difference,10135,10134
10147,11,adjacent_difference,10136,10135
10148,11,adjacent_difference,10137,10136
10149,11,adjacent_difference,10138,10137
10150,11,adjacent_difference,10139,10138
10151,11,terminal_inverse,-1,10139
10152,12,absolute_start,10140,-1
10153,12,adjacent_difference,10141,10140
10154,12,adjacent_difference,10142,10141
10155,12,adjacent_difference,10143,10142
10156,12,adjacent_difference,10144,10143
10157,12,adjacent_difference,10145,10144
10158,12,adjacent_difference,10146,10145
10159,12,adjacent_difference,10147,10146
10160,12,adjacent_difference,10148,10147
10161,12,adjacent_difference,10149,10148
10162,12,adjacent_difference,10150,10149
10163,12,adjacent_difference,10151,10150
10164,12,adjacent_difference,10152,10151
10165,12,adjacent_difference,10153,10152
10166,12,adjacent_difference,10154,10153
10167,12,adjacent_difference,10155,10154
10168,12,adjacent_difference,10156,10155
10169,12,adjacent_difference,10157,10156
10170,12,adjacent_difference,10158,10157
10171,12,adjacent_difference,10159,10158
10172,12,adjacent_difference,10160,10159
10173,12,adjacent_difference,10161,10160
10174,12,adjacent_difference,10162,10161
10175,12,adjacent_difference,10163,10162
10176,12,adjacent_difference,10164,10163
10177,12,adjacent_difference,10165,10164
10178,12,adjacent_difference,10166,10165
10179,12,adjacent_difference,10167,10166
10180,12,adjacent_difference,10168,10167
10181,12,adjacent_difference,10169,10168
10182,12,adjacent_difference,10170,10169
10183,12,adjacent_difference,10171,10170
10184,12,adjacent_difference,10172,10171
10185,12,adjacent_difference,10173,10172
10186,12,adjacent_difference,10174,10173
10187,12,adjacent_difference,10175,10174
10188,12,adjacent_difference,10176,10175
10189,12,adjacent_difference,10177,10176
10190,12,adjacent_difference,10178,10177
10191,12,adjacent_difference,10179,10178
10192,12,adjacent_difference,10180,10179
10193,12,adjacent_difference,10181,10180
10194,12,adjacent_difference,10182,10181
10195,12,adjacent_difference,10183,10182
10196,12,adjacent_difference,10184,10183
10197,12,adjacent_difference,10185,10184
10198,12,adjacent_difference,10186,10185
10199,12,adjacent_difference,10187,10186
10200,12,adjacent_difference,10188,10187
10201,12,adjacent_difference,10189,10188
10202,12,adjacent_difference,10190,10189
10203,12,adjacent_difference,10191,10190
10204,12,adjacent_difference,10192,10191
10205,12,adjacent_difference,10193,10192
10206,12,adjacent_difference,10194,10193
10207,12,adjacent_difference,10195,10194
10208,12,adjacent_difference,10196,10195
10209,12,adjacent_difference,10197,10196
10210,12,adjacent_difference,10198,10197
10211,12,adjacent_difference,10199,10198
10212,12,adjacent_difference,10200,10199
10213,12,adjacent_difference,10201,10200
10214,12,adjacent_difference,10202,10201
10215,12,adjacent_difference,10203,10202
10216,12,adjacent_difference,10204,10203
10217,12,adjacent_difference,10205,10204
10218,12,adjacent_difference,10206,10205
10219,12,adjacent_difference,10207,10206
10220,12,adjacent_difference,10208,10207
10221,12,adjacent_difference,10209,10208
10222,12,adjacent_difference,10210,10209
10223,12,adjacent_difference,10211,10210
10224,12,adjacent_difference,10212,10211
10225,12,adjacent_difference,10213,10212
10226,12,adjacent_difference,10214,10213
10227,12,adjacent_difference,10215,10214
10228,12,adjacent_difference,10216,10215
10229,12,adjacent_difference,10217,10216
10230,12,adjacent_difference,10218,10217
10231,12,adjacent_difference,10219,10218
10232,12,adjacent_difference,10220,10219
10233,12,adjacent_difference,10221,10220
10234,12,adjacent_difference,10222,10221
10235,12,adjacent_difference,10223,10222
10236,12,adjacent_difference,10224,10223
10237,12,adjacent_difference,10225,10224
10238,12,adjacent_difference,10226,10225
10239,12,adjacent_difference,10227,10226
10240,12,adjacent_difference,10228,10227
10241,12,adjacent_difference,10229,10228
10242,12,adjacent_difference,10230,10229
10243,12,adjacent_difference,10231,10230
10244,12,adjacent_difference,10232,10231
10245,12,adjacent_difference,10233,10232
10246,12,adjacent_difference,10234,10233
10247,12,adjacent_difference,10235,10234
10248,12,adjacent_difference,10236,10235
10249,12,adjacent_difference,10237,10236
10250,12,adjacent_difference,10238,10237
10251,12,adjacent_difference,10239,10238
10252,12,adjacent_difference,10240,10239
10253,12,adjacent_difference,10241,10240
10254,12,adjacent_difference,10242,10241
10255,12,adjacent_difference,10243,10242
10256,12,adjacent_difference,10244,10243
10257,12,adjacent_difference,10245,10244
10258,12,adjacent_difference,10246,10245
10259,12,adjacent_difference,10247,10246
10260,12,adjacent_difference,10248,10247
10261,12,adjacent_difference,10249,10248
10262,12,adjacent_difference,10250,10249
10263,12,adjacent_difference,10251,10250
10264,12,adjacent_difference,10252,10251
10265,12,adjacent_difference,10253,10252
10266,12,adjacent_difference,10254,10253
10267,12,adjacent_difference,10255,10254
10268,12,adjacent_difference,10256,10255
10269,12,adjacent_difference,10257,10256
10270,12,adjacent_difference,10258,10257
10271,12,adjacent_difference,10259,10258
10272,12,adjacent_difference,10260,10259
10273,12,adjacent_difference,10261,10260
10274,12,adjacent_difference,10262,10261
10275,12,adjacent_difference,10263,10262
10276,12,adjacent_difference,10264,10263
10277,12,adjacent_difference,10265,10264
10278,12,adjacent_difference,10266,10265
10279,12,adjacent_difference,10267,10266
10280,12,adjacent_difference,10268,10267
10281,12,adjacent_difference,10269,10268
10282,12,adjacent_difference,10270,10269
10283,12,adjacent_difference,10271,10270
10284,12,adjacent_difference,10272,10271
10285,12,adjacent_difference,10273,10272
10286,12,adjacent_difference,10274,10273
10287,12,adjacent_difference,10275,10274
10288,12,adjacent_difference,10276,10275
10289,12,adjacent_difference,10277,10276
10290,12,adjacent_difference,10278,10277
10291,12,adjacent_difference,10279,10278
10292,12,adjacent_difference,10280,10279
10293,12,adjacent_difference,10281,10280
10294,12,adjacent_difference,10282,10281
10295,12,adjacent_difference,10283,10282
10296,12,adjacent_difference,10284,10283
10297,12,adjacent_difference,10285,10284
10298,12,adjacent_difference,10286,10285
10299,12,adjacent_difference,10287,10286
10300,12,adjacent_difference,10288,10287
10301,12,adjacent_difference,10289,10288
10302,12,adjacent_difference,10290,10289
10303,12,adjacent_difference,10291,10290
10304,12,adjacent_difference,10292,10291
10305,12,adjacent_difference,10293,10292
10306,12,adjacent_difference,10294,10293
10307,12,adjacent_difference,10295,10294
10308,12,adjacent_difference,10296,10295
10309,12,adjacent_difference,10297,10296
10310,12,adjacent_difference,10298,10297
10311,12,adjacent_difference,10299,10298
10312,12,adjacent_difference,10300,10299
10313,12,adjacent_difference,10301,10300
10314,12,adjacent_difference,10302,10301
10315,12,adjacent_difference,10303,10302
10316,12,adjacent_difference,10304,10303
10317,12,adjacent_difference,10305,10304
10318,12,adjacent_difference,10306,10305
10319,12,adjacent_difference,10307,10306
10320,12,adjacent_difference,10308,10307
10321,12,adjacent_difference,10309,10308
10322,12,adjacent_difference,10310,10309
10323,12,adjacent_difference,10311,10310
10324,12,adjacent_difference,10312,10311
10325,12,adjacent_difference,10313,10312
10326,12,adjacent_difference,10314,10313
10327,12,adjacent_difference,10315,10314
10328,12,adjacent_difference,10316,10315
10329,12,adjacent_difference,10317,10316
10330,12,adjacent_difference,10318,10317
10331,12,adjacent_difference,10319,10318
10332,12,adjacent_difference,10320,10319
10333,12,adjacent_difference,10321,10320
10334,12,adjacent_difference,10322,10321
10335,12,adjacent_difference,10323,10322
10336,12,adjacent_difference,10324,10323
10337,12,adjacent_difference,10325,10324
10338,12,adjacent_difference,10326,10325
10339,12,adjacent_difference,10327,10326
10340,12,adjacent_difference,10328,10327
10341,12,adjacent_difference,10329,10328
10342,12,adjacent_difference,10330,10329
10343,12,adjacent_difference,10331,10330
10344,12,adjacent_difference,10332,10331
10345,12,adjacent_difference,10333,10332
10346,12,adjacent_difference,10334,10333
10347,12,adjacent_difference,10335,10334
10348,12,adjacent_difference,10336,10335
10349,12,adjacent_difference,10337,10336
10350,12,adjacent_difference,10338,10337
10351,12,adjacent_difference,10339,10338
10352,12,adjacent_difference,10340,10339
10353,12,adjacent_difference,10341,10340
10354,12,adjacent_difference,10342,10341
10355,12,adjacent_difference,10343,10342
10356,12,adjacent_difference,10344,10343
10357,12,adjacent_difference,10345,10344
10358,12,adjacent_difference,10346,10345
10359,12,adjacent_difference,10347,10346
10360,12,adjacent_difference,10348,10347
10361,12,adjacent_difference,10349,10348
10362,12,adjacent_difference,10350,10349
10363,12,adjacent_difference,10351,10350
10364,12,adjacent_difference,10352,10351
10365,12,adjacent_difference,10353,10352
10366,12,adjacent_difference,10354,10353
10367,12,adjacent_difference,10355,10354
10368,12,adjacent_difference,10356,10355
10369,12,adjacent_difference,10357,10356
10370,12,adjacent_difference,10358,10357
10371,12,adjacent_difference,10359,10358
10372,12,adjacent_difference,10360,10359
10373,12,adjacent_difference,10361,10360
10374,12,adjacent_difference,10362,10361
10375,12,adjacent_difference,10363,10362
10376,12,adjacent_difference,10364,10363
10377,12,adjacent_difference,10365,10364
10378,12,adjacent_difference,10366,10365
10379,12,adjacent_difference,10367,10366
10380,12,adjacent_difference,10368,10367
10381,12,adjacent_difference,10369,10368
10382,12,adjacent_difference,10370,10369
10383,12,adjacent_difference,10371,10370
10384,12,adjacent_difference,10372,10371
10385,12,adjacent_difference,10373,10372
10386,12,adjacent_difference,10374,10373
10387,12,adjacent_difference,10375,10374
10388,12,adjacent_difference,10376,10375
10389,12,adjacent_difference,10377,10376
10390,12,adjacent_difference,10378,10377
10391,12,adjacent_difference,10379,10378
10392,12,adjacent_difference,10380,10379
10393,12,adjacent_difference,10381,10380
10394,12,adjacent_difference,10382,10381
10395,12,adjacent_difference,10383,10382
10396,12,adjacent_difference,10384,10383
10397,12,adjacent_difference,10385,10384
10398,12,adjacent_difference,10386,10385
10399,12,adjacent_difference,10387,10386
10400,12,adjacent_difference,10388,10387
10401,12,adjacent_difference,10389,10388
10402,12,adjacent_difference,10390,10389
10403,12,adjacent_difference,10391,10390
10404,12,adjacent_difference,10392,10391
10405,12,adjacent_difference,10393,10392
10406,12,adjacent_difference,10394,10393
10407,12,adjacent_difference,10395,10394
10408,12,adjacent_difference,10396,10395
10409,12,adjacent_difference,10397,10396
10410,12,adjacent_difference,10398,10397
10411,12,adjacent_difference,10399,10398
10412,12,adjacent_difference,10400,10399
10413,12,adjacent_difference,10401,10400
10414,12,adjacent_difference,10402,10401
10415,12,adjacent_difference,10403,10402
10416,12,adjacent_difference,10404,10403
10417,12,adjacent_difference,10405,10404
10418,12,adjacent_difference,10406,10405
10419,12,adjacent_difference,10407,10406
10420,12,adjacent_difference,10408,10407
10421,12,adjacent_difference,10409,10408
10422,12,adjacent_difference,10410,10409
10423,12,adjacent_difference,10411,10410
10424,12,adjacent_difference,10412,10411
10425,12,adjacent_difference,10413,10412
10426,12,adjacent_difference,10414,10413
10427,12,adjacent_difference,10415,10414
10428,12,adjacent_difference,10416,10415
10429,12,adjacent_difference,10417,10416
10430,12,adjacent_difference,10418,10417
10431,12,adjacent_difference,10419,10418
10432,12,adjacent_difference,10420,10419
10433,12,adjacent_difference,10421,10420
10434,12,adjacent_difference,10422,10421
10435,12,adjacent_difference,10423,10422
10436,12,adjacent_difference,10424,10423
10437,12,adjacent_difference,10425,10424
10438,12,adjacent_difference,10426,10425
10439,12,adjacent_difference,10427,10426
10440,12,adjacent_difference,10428,10427
10441,12,adjacent_difference,10429,10428
10442,12,adjacent_difference,10430,10429
10443,12,adjacent_difference,10431,10430
10444,12,adjacent_difference,10432,10431
10445,12,adjacent_difference,10433,10432
10446,12,adjacent_difference,10434,10433
10447,12,adjacent_difference,10435,10434
10448,12,adjacent_difference,10436,10435
10449,12,adjacent_difference,10437,10436
10450,12,adjacent_difference,10438,10437
10451,12,adjacent_difference,10439,10438
10452,12,adjacent_difference,10440,10439
10453,12,adjacent_difference,10441,10440
10454,12,adjacent_difference,10442,10441
10455,12,adjacent_difference,10443,10442
10456,12,adjacent_difference,10444,10443
10457,12,adjacent_difference,10445,10444
10458,12,adjacent_difference,10446,10445
10459,12,adjacent_difference,10447,10446
10460,12,adjacent_difference,10448,10447
10461,12,adjacent_difference,10449,10448
10462,12,adjacent_difference,10450,10449
10463,12,adjacent_difference,10451,10450
10464,12,adjacent_difference,10452,10451
10465,12,adjacent_difference,10453,10452
10466,12,adjacent_difference,10454,10453
10467,12,adjacent_difference,10455,10454
10468,12,adjacent_difference,10456,10455
10469,12,adjacent_difference,10457,10456
10470,12,adjacent_difference,10458,10457
10471,12,adjacent_difference,10459,10458
10472,12,adjacent_difference,10460,10459
10473,12,adjacent_difference,10461,10460
10474,12,adjacent_difference,10462,10461
10475,12,adjacent_difference,10463,10462
10476,12,adjacent_difference,10464,10463
10477,12,adjacent_difference,10465,10464
10478,12,adjacent_difference,10466,10465
10479,12,adjacent_difference,10467,10466
10480,12,adjacent_difference,10468,10467
10481,12,adjacent_difference,10469,10468
10482,12,adjacent_difference,10470,10469
10483,12,adjacent_difference,10471,10470
10484,12,adjacent_difference,10472,10471
10485,12,adjacent_difference,10473,10472
10486,12,adjacent_difference,10474,10473
10487,12,adjacent_difference,10475,10474
10488,12,adjacent_difference,10476,10475
10489,12,adjacent_difference,10477,10476
10490,12,adjacent_difference,10478,10477
10491,12,adjacent_difference,10479,10478
10492,12,adjacent_difference,10480,10479
10493,12,adjacent_difference,10481,10480
10494,12,adjacent_difference,10482,10481
10495,12,adjacent_difference,10483,10482
10496,12,adjacent_difference,10484,10483
10497,12,adjacent_difference,10485,10484
10498,12,adjacent_difference,10486,10485
10499,12,adjacent_difference,10487,10486
10500,12,adjacent_difference,10488,10487
10501,12,adjacent_difference,10489,10488
10502,12,adjacent_difference,10490,10489
10503,12,adjacent_difference,10491,10490
10504,12,adjacent_difference,10492,10491
10505,12,adjacent_difference,10493,10492
10506,12,adjacent_difference,10494,10493
10507,12,adjacent_difference,10495,10494
10508,12,adjacent_difference,10496,10495
10509,12,adjacent_difference,10497,10496
10510,12,adjacent_difference,10498,10497
10511,12,adjacent_difference,10499,10498
10512,12,adjacent_difference,10500,10499
10513,12,adjacent_difference,10501,10500
10514,12,adjacent_difference,10502,10501
10515,12,adjacent_difference,10503,10502
10516,12,adjacent_difference,10504,10503
10517,12,adjacent_difference,10505,10504
10518,12,adjacent_difference,10506,10505
10519,12,adjacent_difference,10507,10506
10520,12,adjacent_difference,10508,10507
10521,12,adjacent_difference,10509,10508
10522,12,adjacent_difference,10510,10509
10523,12,adjacent_difference,10511,10510
10524,12,adjacent_difference,10512,10511
10525,12,adjacent_difference,10513,10512
10526,12,adjacent_difference,10514,10513
10527,12,adjacent_difference,10515,10514
10528,12,adjacent_difference,10516,10515
10529,12,adjacent_difference,10517,10516
10530,12,adjacent_difference,10518,10517
10531,12,adjacent_difference,10519,10518
10532,12,adjacent_difference,10520,10519
10533,12,adjacent_difference,10521,10520
10534,12,adjacent_difference,10522,10521
10535,12,adjacent_difference,10523,10522
10536,12,adjacent_difference,10524,10523
10537,12,adjacent_difference,10525,10524
10538,12,adjacent_difference,10526,10525
10539,12,adjacent_difference,10527,10526
10540,12,adjacent_difference,10528,10527
10541,12,adjacent_difference,10529,10528
10542,12,adjacent_difference,10530,10529
10543,12,adjacent_difference,10531,10530
10544,12,adjacent_difference,10532,10531
10545,12,adjacent_difference,10533,10532
10546,12,adjacent_difference,10534,10533
10547,12,adjacent_difference,10535,10534
10548,12,adjacent_difference,10536,10535
10549,12,adjacent_difference,10537,10536
10550,12,adjacent_difference,10538,10537
10551,12,adjacent_difference,10539,10538
10552,12,adjacent_difference,10540,10539
10553,12,adjacent_difference,10541,10540
10554,12,adjacent_difference,10542,10541
10555,12,adjacent_difference,10543,10542
10556,12,adjacent_difference,10544,10543
10557,12,adjacent_difference,10545,10544
10558,12,adjacent_difference,10546,10545
10559,12,adjacent_difference,10547,10546
10560,12,adjacent_difference,10548,10547
10561,12,adjacent_difference,10549,10548
10562,12,adjacent_difference,10550,10549
10563,12,adjacent_difference,10551,10550
10564,12,adjacent_difference,10552,10551
10565,12,adjacent_difference,10553,10552
10566,12,adjacent_difference,10554,10553
10567,12,adjacent_difference,10555,10554
10568,12,adjacent_difference,10556,10555
10569,12,adjacent_difference,10557,10556
10570,12,adjacent_difference,10558,10557
10571,12,adjacent_difference,10559,10558
10572,12,adjacent_difference,10560,10559
10573,12,adjacent_difference,10561,10560
10574,12,adjacent_difference,10562,10561
10575,12,adjacent_difference,10563,10562
10576,12,adjacent_difference,10564,10563
10577,12,adjacent_difference,10565,10564
10578,12,adjacent_difference,10566,10565
10579,12,adjacent_difference,10567,10566
10580,12,adjacent_difference,10568,10567
10581,12,adjacent_difference,10569,10568
10582,12,adjacent_difference,10570,10569
10583,12,adjacent_difference,10571,10570
10584,12,adjacent_difference,10572,10571
10585,12,adjacent_difference,10573,10572
10586,12,adjacent_difference,10574,10573
10587,12,adjacent_difference,10575,10574
10588,12,adjacent_difference,10576,10575
10589,12,adjacent_difference,10577,10576
10590,12,adjacent_difference,10578,10577
10591,12,adjacent_difference,10579,10578
10592,12,adjacent_difference,10580,10579
10593,12,adjacent_difference,10581,10580
10594,12,adjacent_difference,10582,10581
10595,12,adjacent_difference,10583,10582
10596,12,adjacent_difference,10584,10583
10597,12,adjacent_difference,10585,10584
10598,12,adjacent_difference,10586,10585
10599,12,adjacent_difference,10587,10586
10600,12,adjacent_difference,10588,10587
10601,12,adjacent_difference,10589,10588
10602,12,adjacent_difference,10590,10589
10603,12,adjacent_difference,10591,10590
10604,12,adjacent_difference,10592,10591
10605,12,adjacent_difference,10593,10592
10606,12,adjacent_difference,10594,10593
10607,12,adjacent_difference,10595,10594
10608,12,adjacent_difference,10596,10595
10609,12,adjacent_difference,10597,10596
10610,12,adjacent_difference,10598,10597
10611,12,adjacent_difference,10599,10598
10612,12,adjacent_difference,10600,10599
10613,12,adjacent_difference,10601,10600
10614,12,adjacent_difference,10602,10601
10615,12,adjacent_difference,10603,10602
10616,12,adjacent_difference,10604,10603
10617,12,adjacent_difference,10605,10604
10618,12,adjacent_difference,10606,10605
10619,12,adjacent_difference,10607,10606
10620,12,adjacent_difference,10608,10607
10621,12,adjacent_difference,10609,10608
10622,12,adjacent_difference,10610,10609
10623,12,adjacent_difference,10611,10610
10624,12,adjacent_difference,10612,10611
10625,12,adjacent_difference,10613,10612
10626,12,adjacent_difference,10614,10613
10627,12,adjacent_difference,10615,10614
10628,12,adjacent_difference,10616,10615
10629,12,adjacent_difference,10617,10616
10630,12,adjacent_difference,10618,10617
10631,12,adjacent_difference,10619,10618
10632,12,adjacent_difference,10620,10619
10633,12,adjacent_difference,10621,10620
10634,12,adjacent_difference,10622,10621
10635,12,adjacent_difference,10623,10622
10636,12,adjacent_difference,10624,10623
10637,12,adjacent_difference,10625,10624
10638,12,adjacent_difference,10626,10625
10639,12,adjacent_difference,10627,10626
10640,12,adjacent_difference,10628,10627
10641,12,adjacent_difference,10629,10628
10642,12,adjacent_difference,10630,10629
10643,12,adjacent_difference,10631,10630
10644,12,adjacent_difference,10632,10631
10645,12,adjacent_difference,10633,10632
10646,12,adjacent_difference,10634,10633
10647,12,adjacent_difference,10635,10634
10648,12,adjacent_difference,10636,10635
10649,12,adjacent_difference,10637,10636
10650,12,adjacent_difference,10638,10637
10651,12,adjacent_difference,10639,10638
10652,12,adjacent_difference,10640,10639
10653,12,adjacent_difference,10641,10640
10654,12,adjacent_difference,10642,10641
10655,12,adjacent_difference,10643,10642
10656,12,adjacent_difference,10644,10643
10657,12,adjacent_difference,10645,10644
10658,12,adjacent_difference,10646,10645
10659,12,adjacent_difference,10647,10646
10660,12,adjacent_difference,10648,10647
10661,12,adjacent_difference,10649,10648
10662,12,adjacent_difference,10650,10649
10663,12,adjacent_difference,10651,10650
10664,12,adjacent_difference,10652,10651
10665,12,adjacent_difference,10653,10652
10666,12,adjacent_difference,10654,10653
10667,12,adjacent_difference,10655,10654
10668,12,adjacent_difference,10656,10655
10669,12,adjacent_difference,10657,10656
10670,12,adjacent_difference,10658,10657
10671,12,adjacent_difference,10659,10658
10672,12,adjacent_difference,10660,10659
10673,12,adjacent_difference,10661,10660
10674,12,adjacent_difference,10662,10661
10675,12,adjacent_difference,10663,10662
10676,12,adjacent_difference,10664,10663
10677,12,adjacent_difference,10665,10664
10678,12,adjacent_difference,10666,10665
10679,12,adjacent_difference,10667,10666
10680,12,adjacent_difference,10668,10667
10681,12,adjacent_difference,10669,10668
10682,12,adjacent_difference,10670,10669
10683,12,adjacent_difference,10671,10670
10684,12,adjacent_difference,10672,10671
10685,12,adjacent_difference,10673,10672
10686,12,adjacent_difference,10674,10673
10687,12,adjacent_difference,10675,10674
10688,12,adjacent_difference,10676,10675
10689,12,adjacent_difference,10677,10676
10690,12,adjacent_difference,10678,10677
10691,12,adjacent_difference,10679,10678
10692,12,adjacent_difference,10680,10679
10693,12,adjacent_difference,10681,10680
10694,12,adjacent_difference,10682,10681
10695,12,adjacent_difference,10683,10682
10696,12,adjacent_difference,10684,10683
10697,12,adjacent_difference,10685,10684
10698,12,adjacent_difference,10686,10685
10699,12,adjacent_difference,10687,10686
10700,12,adjacent_difference,10688,10687
10701,12,adjacent_difference,10689,10688
10702,12,adjacent_difference,10690,10689
10703,12,adjacent_difference,10691,10690
10704,12,adjacent_difference,10692,10691
10705,12,adjacent_difference,10693,10692
10706,12,adjacent_difference,10694,10693
10707,12,adjacent_difference,10695,10694
10708,12,adjacent_difference,10696,10695
10709,12,adjacent_difference,10697,10696
10710,12,adjacent_difference,10698,10697
10711,12,adjacent_difference,10699,10698
10712,12,adjacent_difference,10700,10699
10713,12,adjacent_difference,10701,10700
10714,12,adjacent_difference,10702,10701
10715,12,adjacent_difference,10703,10702
10716,12,adjacent_difference,10704,10703
10717,12,adjacent_difference,10705,10704
10718,12,adjacent_difference,10706,10705
10719,12,adjacent_difference,10707,10706
10720,12,adjacent_difference,10708,10707
10721,12,adjacent_difference,10709,10708
10722,12,adjacent_difference,10710,10709
10723,12,adjacent_difference,10711,10710
10724,12,adjacent_difference,10712,10711
10725,12,adjacent_difference,10713,10712
10726,12,adjacent_difference,10714,10713
10727,12,adjacent_difference,10715,10714
10728,12,adjacent_difference,10716,10715
10729,12,adjacent_difference,10717,10716
10730,12,adjacent_difference,10718,10717
10731,12,adjacent_difference,10719,10718
10732,12,adjacent_difference,10720,10719
10733,12,adjacent_difference,10721,10720
10734,12,adjacent_difference,10722,10721
10735,12,adjacent_difference,10723,10722
10736,12,adjacent_difference,10724,10723
10737,12,adjacent_difference,10725,10724
10738,12,adjacent_difference,10726,10725
10739,12,adjacent_difference,10727,10726
10740,12,adjacent_difference,10728,10727
10741,12,adjacent_difference,10729,10728
10742,12,adjacent_difference,10730,10729
10743,12,adjacent_difference,10731,10730
10744,12,adjacent_difference,10732,10731
10745,12,adjacent_difference,10733,10732
10746,12,adjacent_difference,10734,10733
10747,12,adjacent_difference,10735,10734
10748,12,adjacent_difference,10736,10735
10749,12,adjacent_difference,10737,10736
10750,12,adjacent_difference,10738,10737
10751,12,adjacent_difference,10739,10738
10752,12,adjacent_difference,10740,10739
10753,12,adjacent_difference,10741,10740
10754,12,adjacent_difference,10742,10741
10755,12,adjacent_difference,10743,10742
10756,12,adjacent_difference,10744,10743
10757,12,adjacent_difference,10745,10744
10758,12,adjacent_difference,10746,10745
10759,12,adjacent_difference,10747,10746
10760,12,adjacent_difference,10748,10747
10761,12,adjacent_difference,10749,10748
10762,12,adjacent_difference,10750,10749
10763,12,adjacent_difference,10751,10750
10764,12,adjacent_difference,10752,10751
10765,12,adjacent_difference,10753,10752
10766,12,adjacent_difference,10754,10753
10767,12,adjacent_difference,10755,10754
10768,12,adjacent_difference,10756,10755
10769,12,adjacent_difference,10757,10756
10770,12,adjacent_difference,10758,10757
10771,12,adjacent_difference,10759,10758
10772,12,adjacent_difference,10760,10759
10773,12,adjacent_difference,10761,10760
10774,12,adjacent_difference,10762,10761
10775,12,adjacent_difference,10763,10762
10776,12,adjacent_difference,10764,10763
10777,12,adjacent_difference,10765,10764
10778,12,adjacent_difference,10766,10765
10779,12,adjacent_difference,10767,10766
10780,12,adjacent_difference,10768,10767
10781,12,adjacent_difference,10769,10768
10782,12,adjacent_difference,10770,10769
10783,12,adjacent_difference,10771,10770
10784,12,adjacent_difference,10772,10771
10785,12,adjacent_difference,10773,10772
10786,12,adjacent_difference,10774,10773
10787,12,adjacent_difference,10775,10774
10788,12,adjacent_difference,10776,10775
10789,12,adjacent_difference,10777,10776
10790,12,adjacent_difference,10778,10777
10791,12,adjacent_difference,10779,10778
10792,12,adjacent_difference,10780,10779
10793,12,adjacent_difference,10781,10780
10794,12,adjacent_difference,10782,10781
10795,12,adjacent_difference,10783,10782
10796,12,adjacent_difference,10784,10783
10797,12,adjacent_difference,10785,10784
10798,12,adjacent_difference,10786,10785
10799,12,adjacent_difference,10787,10786
10800,12,adjacent_difference,10788,10787
10801,12,adjacent_difference,10789,10788
10802,12,adjacent_difference,10790,10789
10803,12,adjacent_difference,10791,10790
10804,12,adjacent_difference,10792,10791
10805,12,adjacent_difference,10793,10792
10806,12,adjacent_difference,10794,10793
10807,12,adjacent_difference,10795,10794
10808,12,adjacent_difference,10796,10795
10809,12,adjacent_difference,10797,10796
10810,12,adjacent_difference,10798,10797
10811,12,adjacent_difference,10799,10798
10812,12,adjacent_difference,10800,10799
10813,12,adjacent_difference,10801,10800
10814,12,adjacent_difference,10802,10801
10815,12,adjacent_difference,10803,10802
10816,12,adjacent_difference,10804,10803
10817,12,adjacent_difference,10805,10804
10818,12,adjacent_difference,10806,10805
10819,12,adjacent_difference,10807,10806
10820,12,adjacent_difference,10808,10807
10821,12,adjacent_difference,10809,10808
10822,12,adjacent_difference,10810,10809
10823,12,adjacent_difference,10811,10810
10824,12,adjacent_difference,10812,10811
10825,12,adjacent_difference,10813,10812
10826,12,adjacent_difference,10814,10813
10827,12,adjacent_difference,10815,10814
10828,12,adjacent_difference,10816,10815
10829,12,adjacent_difference,10817,10816
10830,12,adjacent_difference,10818,10817
10831,12,adjacent_difference,10819,10818
10832,12,adjacent_difference,10820,10819
10833,12,adjacent_difference,10821,10820
10834,12,adjacent_difference,10822,10821
10835,12,adjacent_difference,10823,10822
10836,12,adjacent_difference,10824,10823
10837,12,adjacent_difference,10825,10824
10838,12,adjacent_difference,10826,10825
10839,12,adjacent_difference,10827,10826
10840,12,adjacent_difference,10828,10827
10841,12,adjacent_difference,10829,10828
10842,12,adjacent_difference,10830,10829
10843,12,adjacent_difference,10831,10830
10844,12,adjacent_difference,10832,10831
10845,12,adjacent_difference,10833,10832
10846,12,adjacent_difference,10834,10833
10847,12,adjacent_difference,10835,10834
10848,12,adjacent_difference,10836,10835
10849,12,adjacent_difference,10837,10836
10850,12,adjacent_difference,10838,10837
10851,12,adjacent_difference,10839,10838
10852,12,adjacent_difference,10840,10839
10853,12,adjacent_difference,10841,10840
10854,12,adjacent_difference,10842,10841
10855,12,adjacent_difference,10843,10842
10856,12,adjacent_difference,10844,10843
10857,12,adjacent_difference,10845,10844
10858,12,adjacent_difference,10846,10845
10859,12,adjacent_difference,10847,10846
10860,12,adjacent_difference,10848,10847
10861,12,adjacent_difference,10849,10848
10862,12,adjacent_difference,10850,10849
10863,12,adjacent_difference,10851,10850
10864,12,adjacent_difference,10852,10851
10865,12,adjacent_difference,10853,10852
10866,12,adjacent_difference,10854,10853
10867,12,adjacent_difference,10855,10854
10868,12,adjacent_difference,10856,10855
10869,12,adjacent_difference,10857,10856
10870,12,adjacent_difference,10858,10857
10871,12,adjacent_difference,10859,10858
10872,12,adjacent_difference,10860,10859
10873,12,adjacent_difference,10861,10860
10874,12,adjacent_difference,10862,10861
10875,12,adjacent_difference,10863,10862
10876,12,adjacent_difference,10864,10863
10877,12,adjacent_difference,10865,10864
10878,12,adjacent_difference,10866,10865
10879,12,adjacent_difference,10867,10866
10880,12,adjacent_difference,10868,10867
10881,12,adjacent_difference,10869,10868
10882,12,adjacent_difference,10870,10869
10883,12,adjacent_difference,10871,10870
10884,12,adjacent_difference,10872,10871
10885,12,adjacent_difference,10873,10872
10886,12,adjacent_difference,10874,10873
10887,12,adjacent_difference,10875,10874
10888,12,adjacent_difference,10876,10875
10889,12,adjacent_difference,10877,10876
10890,12,adjacent_difference,10878,10877
10891,12,adjacent_difference,10879,10878
10892,12,adjacent_difference,10880,10879
10893,12,adjacent_difference,10881,10880
10894,12,adjacent_difference,10882,10881
10895,12,adjacent_difference,10883,10882
10896,12,adjacent_difference,10884,10883
10897,12,adjacent_difference,10885,10884
10898,12,adjacent_difference,10886,10885
10899,12,adjacent_difference,10887,10886
10900,12,adjacent_difference,10888,10887
10901,12,adjacent_difference,10889,10888
10902,12,adjacent_difference,10890,10889
10903,12,adjacent_difference,10891,10890
10904,12,adjacent_difference,10892,10891
10905,12,adjacent_difference,10893,10892
10906,12,adjacent_difference,10894,10893
10907,12,adjacent_difference,10895,10894
10908,12,adjacent_difference,10896,10895
10909,12,adjacent_difference,10897,10896
10910,12,adjacent_difference,10898,10897
10911,12,adjacent_difference,10899,10898
10912,12,adjacent_difference,10900,10899
10913,12,adjacent_difference,10901,10900
10914,12,adjacent_difference,10902,10901
10915,12,adjacent_difference,10903,10902
10916,12,adjacent_difference,10904,10903
10917,12,adjacent_difference,10905,10904
10918,12,adjacent_difference,10906,10905
10919,12,adjacent_difference,10907,10906
10920,12,adjacent_difference,10908,10907
10921,12,adjacent_difference,10909,10908
10922,12,adjacent_difference,10910,10909
10923,12,adjacent_difference,10911,10910
10924,12,adjacent_difference,10912,10911
10925,12,adjacent_difference,10913,10912
10926,12,adjacent_difference,10914,10913
10927,12,adjacent_difference,10915,10914
10928,12,adjacent_difference,10916,10915
10929,12,adjacent_difference,10917,10916
10930,12,adjacent_difference,10918,10917
10931,12,adjacent_difference,10919,10918
10932,12,adjacent_difference,10920,10919
10933,12,adjacent_difference,10921,10920
10934,12,adjacent_difference,10922,10921
10935,12,adjacent_difference,10923,10922
10936,12,adjacent_difference,10924,10923
10937,12,adjacent_difference,10925,10924
10938,12,adjacent_difference,10926,10925
10939,12,adjacent_difference,10927,10926
10940,12,adjacent_difference,10928,10927
10941,12,adjacent_difference,10929,10928
10942,12,adjacent_difference,10930,10929
10943,12,adjacent_difference,10931,10930
10944,12,adjacent_difference,10932,10931
10945,12,adjacent_difference,10933,10932
10946,12,adjacent_difference,10934,10933
10947,12,adjacent_difference,10935,10934
10948,12,adjacent_difference,10936,10935
10949,12,adjacent_difference,10937,10936
10950,12,adjacent_difference,10938,10937
10951,12,adjacent_difference,10939,10938
10952,12,adjacent_difference,10940,10939
10953,12,adjacent_difference,10941,10940
10954,12,adjacent_difference,10942,10941
10955,12,adjacent_difference,10943,10942
10956,12,adjacent_difference,10944,10943
10957,12,adjacent_difference,10945,10944
10958,12,adjacent_difference,10946,10945
10959,12,adjacent_difference,10947,10946
10960,12,adjacent_difference,10948,10947
10961,12,adjacent_difference,10949,10948
10962,12,adjacent_difference,10950,10949
10963,12,adjacent_difference,10951,10950
10964,12,adjacent_difference,10952,10951
10965,12,adjacent_difference,10953,10952
10966,12,adjacent_difference,10954,10953
10967,12,adjacent_difference,10955,10954
10968,12,adjacent_difference,10956,10955
10969,12,adjacent_difference,10957,10956
10970,12,adjacent_difference,10958,10957
10971,12,adjacent_difference,10959,10958
10972,12,adjacent_difference,10960,10959
10973,12,adjacent_difference,10961,10960
10974,12,adjacent_difference,10962,10961
10975,12,adjacent_difference,10963,10962
10976,12,adjacent_difference,10964,10963
10977,12,adjacent_difference,10965,10964
10978,12,adjacent_difference,10966,10965
10979,12,adjacent_difference,10967,10966
10980,12,adjacent_difference,10968,10967
10981,12,adjacent_difference,10969,10968
10982,12,adjacent_difference,10970,10969
10983,12,adjacent_difference,10971,10970
10984,12,adjacent_difference,10972,10971
10985,12,adjacent_difference,10973,10972
10986,12,adjacent_difference,10974,10973
10987,12,adjacent_difference,10975,10974
10988,12,adjacent_difference,10976,10975
10989,12,adjacent_difference,10977,10976
10990,12,adjacent_difference,10978,10977
10991,12,adjacent_difference,10979,10978
10992,12,adjacent_difference,10980,10979
10993,12,adjacent_difference,10981,10980
10994,12,adjacent_difference,10982,10981
10995,12,adjacent_difference,10983,10982
10996,12,adjacent_difference,10984,10983
10997,12,terminal_inverse,-1,10984
10998,13,absolute_start,10985,-1
10999,13,adjacent_difference,10986,10985
11000,13,adjacent_difference,10987,10986
11001,13,adjacent_difference,10988,10987
11002,13,adjacent_difference,10989,10988
11003,13,adjacent_difference,10990,10989
11004,13,adjacent_difference,10991,10990
11005,13,adjacent_difference,10992,10991
11006,13,adjacent_difference,10993,10992
11007,13,adjacent_difference,10994,10993
11008,13,adjacent_difference,10995,10994
11009,13,adjacent_difference,10996,10995
11010,13,adjacent_difference,10997,10996
11011,13,adjacent_difference,10998,10997
11012,13,adjacent_difference,10999,10998
11013,13,adjacent_difference,11000,10999
11014,13,adjacent_difference,11001,11000
11015,13,adjacent_difference,11002,11001
11016,13,adjacent_difference,11003,11002
11017,13,adjacent_difference,11004,11003
11018,13,adjacent_difference,11005,11004
11019,13,adjacent_difference,11006,11005
11020,13,adjacent_difference,11007,11006
11021,13,adjacent_difference,11008,11007
11022,13,adjacent_difference,11009,11008
11023,13,adjacent_difference,11010,11009
11024,13,adjacent_difference,11011,11010
11025,13,adjacent_difference,11012,11011
11026,13,adjacent_difference,11013,11012
11027,13,adjacent_difference,11014,11013
11028,13,adjacent_difference,11015,11014
11029,13,adjacent_difference,11016,11015
11030,13,adjacent_difference,11017,11016
11031,13,adjacent_difference,11018,11017
11032,13,adjacent_difference,11019,11018
11033,13,adjacent_difference,11020,11019
11034,13,adjacent_difference,11021,11020
11035,13,adjacent_difference,11022,11021
11036,13,adjacent_difference,11023,11022
11037,13,adjacent_difference,11024,11023
11038,13,adjacent_difference,11025,11024
11039,13,adjacent_difference,11026,11025
11040,13,adjacent_difference,11027,11026
11041,13,adjacent_difference,11028,11027
11042,13,adjacent_difference,11029,11028
11043,13,adjacent_difference,11030,11029
11044,13,adjacent_difference,11031,11030
11045,13,adjacent_difference,11032,11031
11046,13,adjacent_difference,11033,11032
11047,13,adjacent_difference,11034,11033
11048,13,adjacent_difference,11035,11034
11049,13,adjacent_difference,11036,11035
11050,13,adjacent_difference,11037,11036
11051,13,adjacent_difference,11038,11037
11052,13,adjacent_difference,11039,11038
11053,13,adjacent_difference,11040,11039
11054,13,adjacent_difference,11041,11040
11055,13,adjacent_difference,11042,11041
11056,13,adjacent_difference,11043,11042
11057,13,adjacent_difference,11044,11043
11058,13,adjacent_difference,11045,11044
11059,13,adjacent_difference,11046,11045
11060,13,adjacent_difference,11047,11046
11061,13,adjacent_difference,11048,11047
11062,13,adjacent_difference,11049,11048
11063,13,adjacent_difference,11050,11049
11064,13,adjacent_difference,11051,11050
11065,13,adjacent_difference,11052,11051
11066,13,adjacent_difference,11053,11052
11067,13,adjacent_difference,11054,11053
11068,13,adjacent_difference,11055,11054
11069,13,adjacent_difference,11056,11055
11070,13,adjacent_difference,11057,11056
11071,13,adjacent_difference,11058,11057
11072,13,adjacent_difference,11059,11058
11073,13,adjacent_difference,11060,11059
11074,13,adjacent_difference,11061,11060
11075,13,adjacent_difference,11062,11061
11076,13,adjacent_difference,11063,11062
11077,13,adjacent_difference,11064,11063
11078,13,adjacent_difference,11065,11064
11079,13,adjacent_difference,11066,11065
11080,13,adjacent_difference,11067,11066
11081,13,adjacent_difference,11068,11067
11082,13,adjacent_difference,11069,11068
11083,13,adjacent_difference,11070,11069
11084,13,adjacent_difference,11071,11070
11085,13,adjacent_difference,11072,11071
11086,13,adjacent_difference,11073,11072
11087,13,adjacent_difference,11074,11073
11088,13,adjacent_difference,11075,11074
11089,13,adjacent_difference,11076,11075
11090,13,adjacent_difference,11077,11076
11091,13,adjacent_difference,11078,11077
11092,13,adjacent_difference,11079,11078
11093,13,adjacent_difference,11080,11079
11094,13,adjacent_difference,11081,11080
11095,13,adjacent_difference,11082,11081
11096,13,adjacent_difference,11083,11082
11097,13,adjacent_difference,11084,11083
11098,13,adjacent_difference,11085,11084
11099,13,adjacent_difference,11086,11085
11100,13,adjacent_difference,11087,11086
11101,13,adjacent_difference,11088,11087
11102,13,adjacent_difference,11089,11088
11103,13,adjacent_difference,11090,11089
11104,13,adjacent_difference,11091,11090
11105,13,adjacent_difference,11092,11091
11106,13,adjacent_difference,11093,11092
11107,13,adjacent_difference,11094,11093
11108,13,adjacent_difference,11095,11094
11109,13,adjacent_difference,11096,11095
11110,13,adjacent_difference,11097,11096
11111,13,adjacent_difference,11098,11097
11112,13,adjacent_difference,11099,11098
11113,13,adjacent_difference,11100,11099
11114,13,adjacent_difference,11101,11100
11115,13,adjacent_difference,11102,11101
11116,13,adjacent_difference,11103,11102
11117,13,adjacent_difference,11104,11103
11118,13,adjacent_difference,11105,11104
11119,13,adjacent_difference,11106,11105
11120,13,adjacent_difference,11107,11106
11121,13,adjacent_difference,11108,11107
11122,13,adjacent_difference,11109,11108
11123,13,adjacent_difference,11110,11109
11124,13,adjacent_difference,11111,11110
11125,13,adjacent_difference,11112,11111
11126,13,adjacent_difference,11113,11112
11127,13,adjacent_difference,11114,11113
11128,13,adjacent_difference,11115,11114
11129,13,adjacent_difference,11116,11115
11130,13,adjacent_difference,11117,11116
11131,13,adjacent_difference,11118,11117
11132,13,adjacent_difference,11119,11118
11133,13,adjacent_difference,11120,11119
11134,13,adjacent_difference,11121,11120
11135,13,adjacent_difference,11122,11121
11136,13,adjacent_difference,11123,11122
11137,13,adjacent_difference,11124,11123
11138,13,adjacent_difference,11125,11124
11139,13,adjacent_difference,11126,11125
11140,13,adjacent_difference,11127,11126
11141,13,adjacent_difference,11128,11127
11142,13,adjacent_difference,11129,11128
11143,13,adjacent_difference,11130,11129
11144,13,adjacent_difference,11131,11130
11145,13,adjacent_difference,11132,11131
11146,13,adjacent_difference,11133,11132
11147,13,adjacent_difference,11134,11133
11148,13,adjacent_difference,11135,11134
11149,13,adjacent_difference,11136,11135
11150,13,adjacent_difference,11137,11136
11151,13,adjacent_difference,11138,11137
11152,13,adjacent_difference,11139,11138
11153,13,adjacent_difference,11140,11139
11154,13,adjacent_difference,11141,11140
11155,13,adjacent_difference,11142,11141
11156,13,adjacent_difference,11143,11142
11157,13,adjacent_difference,11144,11143
11158,13,adjacent_difference,11145,11144
11159,13,adjacent_difference,11146,11145
11160,13,adjacent_difference,11147,11146
11161,13,adjacent_difference,11148,11147
11162,13,adjacent_difference,11149,11148
11163,13,adjacent_difference,11150,11149
11164,13,adjacent_difference,11151,11150
11165,13,adjacent_difference,11152,11151
11166,13,adjacent_difference,11153,11152
11167,13,adjacent_difference,11154,11153
11168,13,adjacent_difference,11155,11154
11169,13,adjacent_difference,11156,11155
11170,13,adjacent_difference,11157,11156
11171,13,adjacent_difference,11158,11157
11172,13,adjacent_difference,11159,11158
11173,13,adjacent_difference,11160,11159
11174,13,adjacent_difference,11161,11160
11175,13,adjacent_difference,11162,11161
11176,13,adjacent_difference,11163,11162
11177,13,adjacent_difference,11164,11163
11178,13,adjacent_difference,11165,11164
11179,13,adjacent_difference,11166,11165
11180,13,adjacent_difference,11167,11166
11181,13,adjacent_difference,11168,11167
11182,13,adjacent_difference,11169,11168
11183,13,adjacent_difference,11170,11169
11184,13,adjacent_difference,11171,11170
11185,13,adjacent_difference,11172,11171
11186,13,adjacent_difference,11173,11172
11187,13,adjacent_difference,11174,11173
11188,13,adjacent_difference,11175,11174
11189,13,adjacent_difference,11176,11175
11190,13,adjacent_difference,11177,11176
11191,13,adjacent_difference,11178,11177
11192,13,adjacent_difference,11179,11178
11193,13,adjacent_difference,11180,11179
11194,13,adjacent_difference,11181,11180
11195,13,adjacent_difference,11182,11181
11196,13,adjacent_difference,11183,11182
11197,13,adjacent_difference,11184,11183
11198,13,adjacent_difference,11185,11184
11199,13,adjacent_difference,11186,11185
11200,13,adjacent_difference,11187,11186
11201,13,adjacent_difference,11188,11187
11202,13,adjacent_difference,11189,11188
11203,13,adjacent_difference,11190,11189
11204,13,adjacent_difference,11191,11190
11205,13,adjacent_difference,11192,11191
11206,13,adjacent_difference,11193,11192
11207,13,adjacent_difference,11194,11193
11208,13,adjacent_difference,11195,11194
11209,13,adjacent_difference,11196,11195
11210,13,adjacent_difference,11197,11196
11211,13,adjacent_difference,11198,11197
11212,13,adjacent_difference,11199,11198
11213,13,adjacent_difference,11200,11199
11214,13,adjacent_difference,11201,11200
11215,13,adjacent_difference,11202,11201
11216,13,adjacent_difference,11203,11202
11217,13,adjacent_difference,11204,11203
11218,13,adjacent_difference,11205,11204
11219,13,adjacent_difference,11206,11205
11220,13,adjacent_difference,11207,11206
11221,13,adjacent_difference,11208,11207
11222,13,adjacent_difference,11209,11208
11223,13,adjacent_difference,11210,11209
11224,13,adjacent_difference,11211,11210
11225,13,adjacent_difference,11212,11211
11226,13,adjacent_difference,11213,11212
11227,13,adjacent_difference,11214,11213
11228,13,adjacent_difference,11215,11214
11229,13,adjacent_difference,11216,11215
11230,13,adjacent_difference,11217,11216
11231,13,adjacent_difference,11218,11217
11232,13,adjacent_difference,11219,11218
11233,13,adjacent_difference,11220,11219
11234,13,adjacent_difference,11221,11220
11235,13,adjacent_difference,11222,11221
11236,13,adjacent_difference,11223,11222
11237,13,adjacent_difference,11224,11223
11238,13,adjacent_difference,11225,11224
11239,13,adjacent_difference,11226,11225
11240,13,adjacent_difference,11227,11226
11241,13,adjacent_difference,11228,11227
11242,13,adjacent_difference,11229,11228
11243,13,adjacent_difference,11230,11229
11244,13,adjacent_difference,11231,11230
11245,13,adjacent_difference,11232,11231
11246,13,adjacent_difference,11233,11232
11247,13,adjacent_difference,11234,11233
11248,13,adjacent_difference,11235,11234
11249,13,adjacent_difference,11236,11235
11250,13,adjacent_difference,11237,11236
11251,13,adjacent_difference,11238,11237
11252,13,adjacent_difference,11239,11238
11253,13,adjacent_difference,11240,11239
11254,13,adjacent_difference,11241,11240
11255,13,adjacent_difference,11242,11241
11256,13,adjacent_difference,11243,11242
11257,13,adjacent_difference,11244,11243
11258,13,adjacent_difference,11245,11244
11259,13,adjacent_difference,11246,11245
11260,13,adjacent_difference,11247,11246
11261,13,adjacent_difference,11248,11247
11262,13,adjacent_difference,11249,11248
11263,13,adjacent_difference,11250,11249
11264,13,adjacent_difference,11251,11250
11265,13,adjacent_difference,11252,11251
11266,13,adjacent_difference,11253,11252
11267,13,adjacent_difference,11254,11253
11268,13,adjacent_difference,11255,11254
11269,13,adjacent_difference,11256,11255
11270,13,adjacent_difference,11257,11256
11271,13,adjacent_difference,11258,11257
11272,13,adjacent_difference,11259,11258
11273,13,adjacent_difference,11260,11259
11274,13,adjacent_difference,11261,11260
11275,13,adjacent_difference,11262,11261
11276,13,adjacent_difference,11263,11262
11277,13,adjacent_difference,11264,11263
11278,13,adjacent_difference,11265,11264
11279,13,adjacent_difference,11266,11265
11280,13,adjacent_difference,11267,11266
11281,13,adjacent_difference,11268,11267
11282,13,adjacent_difference,11269,11268
11283,13,adjacent_difference,11270,11269
11284,13,adjacent_difference,11271,11270
11285,13,adjacent_difference,11272,11271
11286,13,adjacent_difference,11273,11272
11287,13,adjacent_difference,11274,11273
11288,13,adjacent_difference,11275,11274
11289,13,adjacent_difference,11276,11275
11290,13,adjacent_difference,11277,11276
11291,13,adjacent_difference,11278,11277
11292,13,adjacent_difference,11279,11278
11293,13,adjacent_difference,11280,11279
11294,13,adjacent_difference,11281,11280
11295,13,adjacent_difference,11282,11281
11296,13,adjacent_difference,11283,11282
11297,13,adjacent_difference,11284,11283
11298,13,adjacent_difference,11285,11284
11299,13,adjacent_difference,11286,11285
11300,13,adjacent_difference,11287,11286
11301,13,adjacent_difference,11288,11287
11302,13,adjacent_difference,11289,11288
11303,13,adjacent_difference,11290,11289
11304,13,adjacent_difference,11291,11290
11305,13,adjacent_difference,11292,11291
11306,13,adjacent_difference,11293,11292
11307,13,adjacent_difference,11294,11293
11308,13,adjacent_difference,11295,11294
11309,13,adjacent_difference,11296,11295
11310,13,adjacent_difference,11297,11296
11311,13,adjacent_difference,11298,11297
11312,13,adjacent_difference,11299,11298
11313,13,adjacent_difference,11300,11299
11314,13,adjacent_difference,11301,11300
11315,13,adjacent_difference,11302,11301
11316,13,adjacent_difference,11303,11302
11317,13,adjacent_difference,11304,11303
11318,13,adjacent_difference,11305,11304
11319,13,adjacent_difference,11306,11305
11320,13,adjacent_difference,11307,11306
11321,13,adjacent_difference,11308,11307
11322,13,adjacent_difference,11309,11308
11323,13,adjacent_difference,11310,11309
11324,13,adjacent_difference,11311,11310
11325,13,adjacent_difference,11312,11311
11326,13,adjacent_difference,11313,11312
11327,13,adjacent_difference,11314,11313
11328,13,adjacent_difference,11315,11314
11329,13,adjacent_difference,11316,11315
11330,13,adjacent_difference,11317,11316
11331,13,adjacent_difference,11318,11317
11332,13,adjacent_difference,11319,11318
11333,13,adjacent_difference,11320,11319
11334,13,adjacent_difference,11321,11320
11335,13,adjacent_difference,11322,11321
11336,13,adjacent_difference,11323,11322
11337,13,adjacent_difference,11324,11323
11338,13,adjacent_difference,11325,11324
11339,13,adjacent_difference,11326,11325
11340,13,adjacent_difference,11327,11326
11341,13,adjacent_difference,11328,11327
11342,13,adjacent_difference,11329,11328
11343,13,adjacent_difference,11330,11329
11344,13,adjacent_difference,11331,11330
11345,13,adjacent_difference,11332,11331
11346,13,adjacent_difference,11333,11332
11347,13,adjacent_difference,11334,11333
11348,13,adjacent_difference,11335,11334
11349,13,adjacent_difference,11336,11335
11350,13,adjacent_difference,11337,11336
11351,13,adjacent_difference,11338,11337
11352,13,adjacent_difference,11339,11338
11353,13,adjacent_difference,11340,11339
11354,13,adjacent_difference,11341,11340
11355,13,adjacent_difference,11342,11341
11356,13,adjacent_difference,11343,11342
11357,13,adjacent_difference,11344,11343
11358,13,adjacent_difference,11345,11344
11359,13,adjacent_difference,11346,11345
11360,13,adjacent_difference,11347,11346
11361,13,adjacent_difference,11348,11347
11362,13,adjacent_difference,11349,11348
11363,13,adjacent_difference,11350,11349
11364,13,adjacent_difference,11351,11350
11365,13,adjacent_difference,11352,11351
11366,13,adjacent_difference,11353,11352
11367,13,adjacent_difference,11354,11353
11368,13,adjacent_difference,11355,11354
11369,13,adjacent_difference,11356,11355
11370,13,adjacent_difference,11357,11356
11371,13,adjacent_difference,11358,11357
11372,13,adjacent_difference,11359,11358
11373,13,adjacent_difference,11360,11359
11374,13,adjacent_difference,11361,11360
11375,13,adjacent_difference,11362,11361
11376,13,adjacent_difference,11363,11362
11377,13,adjacent_difference,11364,11363
11378,13,adjacent_difference,11365,11364
11379,13,adjacent_difference,11366,11365
11380,13,adjacent_difference,11367,11366
11381,13,adjacent_difference,11368,11367
11382,13,adjacent_difference,11369,11368
11383,13,adjacent_difference,11370,11369
11384,13,adjacent_difference,11371,11370
11385,13,adjacent_difference,11372,11371
11386,13,adjacent_difference,11373,11372
11387,13,adjacent_difference,11374,11373
11388,13,adjacent_difference,11375,11374
11389,13,adjacent_difference,11376,11375
11390,13,adjacent_difference,11377,11376
11391,13,adjacent_difference,11378,11377
11392,13,adjacent_difference,11379,11378
11393,13,adjacent_difference,11380,11379
11394,13,adjacent_difference,11381,11380
11395,13,adjacent_difference,11382,11381
11396,13,adjacent_difference,11383,11382
11397,13,adjacent_difference,11384,11383
11398,13,adjacent_difference,11385,11384
11399,13,adjacent_difference,11386,11385
11400,13,adjacent_difference,11387,11386
11401,13,adjacent_difference,11388,11387
11402,13,adjacent_difference,11389,11388
11403,13,adjacent_difference,11390,11389
11404,13,adjacent_difference,11391,11390
11405,13,adjacent_difference,11392,11391
11406,13,adjacent_difference,11393,11392
11407,13,adjacent_difference,11394,11393
11408,13,adjacent_difference,11395,11394
11409,13,adjacent_difference,11396,11395
11410,13,adjacent_difference,11397,11396
11411,13,adjacent_difference,11398,11397
11412,13,adjacent_difference,11399,11398
11413,13,adjacent_difference,11400,11399
11414,13,adjacent_difference,11401,11400
11415,13,adjacent_difference,11402,11401
11416,13,adjacent_difference,11403,11402
11417,13,adjacent_difference,11404,11403
11418,13,adjacent_difference,11405,11404
11419,13,adjacent_difference,11406,11405
11420,13,adjacent_difference,11407,11406
11421,13,adjacent_difference,11408,11407
11422,13,adjacent_difference,11409,11408
11423,13,adjacent_difference,11410,11409
11424,13,adjacent_difference,11411,11410
11425,13,adjacent_difference,11412,11411
11426,13,adjacent_difference,11413,11412
11427,13,adjacent_difference,11414,11413
11428,13,adjacent_difference,11415,11414
11429,13,adjacent_difference,11416,11415
11430,13,adjacent_difference,11417,11416
11431,13,adjacent_difference,11418,11417
11432,13,adjacent_difference,11419,11418
11433,13,adjacent_difference,11420,11419
11434,13,adjacent_difference,11421,11420
11435,13,adjacent_difference,11422,11421
11436,13,adjacent_difference,11423,11422
11437,13,adjacent_difference,11424,11423
11438,13,adjacent_difference,11425,11424
11439,13,adjacent_difference,11426,11425
11440,13,adjacent_difference,11427,11426
11441,13,adjacent_difference,11428,11427
11442,13,adjacent_difference,11429,11428
11443,13,adjacent_difference,11430,11429
11444,13,adjacent_difference,11431,11430
11445,13,adjacent_difference,11432,11431
11446,13,adjacent_difference,11433,11432
11447,13,adjacent_difference,11434,11433
11448,13,adjacent_difference,11435,11434
11449,13,adjacent_difference,11436,11435
11450,13,adjacent_difference,11437,11436
11451,13,adjacent_difference,11438,11437
11452,13,adjacent_difference,11439,11438
11453,13,adjacent_difference,11440,11439
11454,13,adjacent_difference,11441,11440
11455,13,adjacent_difference,11442,11441
11456,13,adjacent_difference,11443,11442
11457,13,adjacent_difference,11444,11443
11458,13,adjacent_difference,11445,11444
11459,13,adjacent_difference,11446,11445
11460,13,adjacent_difference,11447,11446
11461,13,adjacent_difference,11448,11447
11462,13,adjacent_difference,11449,11448
11463,13,adjacent_difference,11450,11449
11464,13,adjacent_difference,11451,11450
11465,13,adjacent_difference,11452,11451
11466,13,adjacent_difference,11453,11452
11467,13,adjacent_difference,11454,11453
11468,13,adjacent_difference,11455,11454
11469,13,adjacent_difference,11456,11455
11470,13,adjacent_difference,11457,11456
11471,13,adjacent_difference,11458,11457
11472,13,adjacent_difference,11459,11458
11473,13,adjacent_difference,11460,11459
11474,13,adjacent_difference,11461,11460
11475,13,adjacent_difference,11462,11461
11476,13,adjacent_difference,11463,11462
11477,13,adjacent_difference,11464,11463
11478,13,adjacent_difference,11465,11464
11479,13,adjacent_difference,11466,11465
11480,13,adjacent_difference,11467,11466
11481,13,adjacent_difference,11468,11467
11482,13,adjacent_difference,11469,11468
11483,13,adjacent_difference,11470,11469
11484,13,adjacent_difference,11471,11470
11485,13,adjacent_difference,11472,11471
11486,13,adjacent_difference,11473,11472
11487,13,adjacent_difference,11474,11473
11488,13,adjacent_difference,11475,11474
11489,13,adjacent_difference,11476,11475
11490,13,adjacent_difference,11477,11476
11491,13,adjacent_difference,11478,11477
11492,13,adjacent_difference,11479,11478
11493,13,adjacent_difference,11480,11479
11494,13,adjacent_difference,11481,11480
11495,13,adjacent_difference,11482,11481
11496,13,adjacent_difference,11483,11482
11497,13,adjacent_difference,11484,11483
11498,13,adjacent_difference,11485,11484
11499,13,adjacent_difference,11486,11485
11500,13,adjacent_difference,11487,11486
11501,13,adjacent_difference,11488,11487
11502,13,adjacent_difference,11489,11488
11503,13,adjacent_difference,11490,11489
11504,13,adjacent_difference,11491,11490
11505,13,adjacent_difference,11492,11491
11506,13,adjacent_difference,11493,11492
11507,13,adjacent_difference,11494,11493
11508,13,adjacent_difference,11495,11494
11509,13,adjacent_difference,11496,11495
11510,13,adjacent_difference,11497,11496
11511,13,adjacent_difference,11498,11497
11512,13,adjacent_difference,11499,11498
11513,13,adjacent_difference,11500,11499
11514,13,adjacent_difference,11501,11500
11515,13,adjacent_difference,11502,11501
11516,13,adjacent_difference,11503,11502
11517,13,adjacent_difference,11504,11503
11518,13,adjacent_difference,11505,11504
11519,13,adjacent_difference,11506,11505
11520,13,adjacent_difference,11507,11506
11521,13,adjacent_difference,11508,11507
11522,13,adjacent_difference,11509,11508
11523,13,adjacent_difference,11510,11509
11524,13,adjacent_difference,11511,11510
11525,13,adjacent_difference,11512,11511
11526,13,adjacent_difference,11513,11512
11527,13,adjacent_difference,11514,11513
11528,13,adjacent_difference,11515,11514
11529,13,adjacent_difference,11516,11515
11530,13,adjacent_difference,11517,11516
11531,13,adjacent_difference,11518,11517
11532,13,adjacent_difference,11519,11518
11533,13,adjacent_difference,11520,11519
11534,13,adjacent_difference,11521,11520
11535,13,adjacent_difference,11522,11521
11536,13,adjacent_difference,11523,11522
11537,13,adjacent_difference,11524,11523
11538,13,adjacent_difference,11525,11524
11539,13,adjacent_difference,11526,11525
11540,13,adjacent_difference,11527,11526
11541,13,adjacent_difference,11528,11527
11542,13,adjacent_difference,11529,11528
11543,13,adjacent_difference,11530,11529
11544,13,adjacent_difference,11531,11530
11545,13,adjacent_difference,11532,11531
11546,13,adjacent_difference,11533,11532
11547,13,adjacent_difference,11534,11533
11548,13,adjacent_difference,11535,11534
11549,13,adjacent_difference,11536,11535
11550,13,adjacent_difference,11537,11536
11551,13,adjacent_difference,11538,11537
11552,13,adjacent_difference,11539,11538
11553,13,adjacent_difference,11540,11539
11554,13,adjacent_difference,11541,11540
11555,13,adjacent_difference,11542,11541
11556,13,adjacent_difference,11543,11542
11557,13,adjacent_difference,11544,11543
11558,13,adjacent_difference,11545,11544
11559,13,adjacent_difference,11546,11545
11560,13,adjacent_difference,11547,11546
11561,13,adjacent_difference,11548,11547
11562,13,adjacent_difference,11549,11548
11563,13,adjacent_difference,11550,11549
11564,13,adjacent_difference,11551,11550
11565,13,adjacent_difference,11552,11551
11566,13,adjacent_difference,11553,11552
11567,13,adjacent_difference,11554,11553
11568,13,adjacent_difference,11555,11554
11569,13,adjacent_difference,11556,11555
11570,13,adjacent_difference,11557,11556
11571,13,adjacent_difference,11558,11557
11572,13,adjacent_difference,11559,11558
11573,13,adjacent_difference,11560,11559
11574,13,adjacent_difference,11561,11560
11575,13,adjacent_difference,11562,11561
11576,13,adjacent_difference,11563,11562
11577,13,adjacent_difference,11564,11563
11578,13,adjacent_difference,11565,11564
11579,13,adjacent_difference,11566,11565
11580,13,adjacent_difference,11567,11566
11581,13,adjacent_difference,11568,11567
11582,13,adjacent_difference,11569,11568
11583,13,adjacent_difference,11570,11569
11584,13,adjacent_difference,11571,11570
11585,13,adjacent_difference,11572,11571
11586,13,adjacent_difference,11573,11572
11587,13,adjacent_difference,11574,11573
11588,13,adjacent_difference,11575,11574
11589,13,adjacent_difference,11576,11575
11590,13,adjacent_difference,11577,11576
11591,13,adjacent_difference,11578,11577
11592,13,adjacent_difference,11579,11578
11593,13,adjacent_difference,11580,11579
11594,13,adjacent_difference,11581,11580
11595,13,adjacent_difference,11582,11581
11596,13,adjacent_difference,11583,11582
11597,13,adjacent_difference,11584,11583
11598,13,adjacent_difference,11585,11584
11599,13,adjacent_difference,11586,11585
11600,13,adjacent_difference,11587,11586
11601,13,adjacent_difference,11588,11587
11602,13,adjacent_difference,11589,11588
11603,13,adjacent_difference,11590,11589
11604,13,adjacent_difference,11591,11590
11605,13,adjacent_difference,11592,11591
11606,13,adjacent_difference,11593,11592
11607,13,adjacent_difference,11594,11593
11608,13,adjacent_difference,11595,11594
11609,13,adjacent_difference,11596,11595
11610,13,adjacent_difference,11597,11596
11611,13,adjacent_difference,11598,11597
11612,13,adjacent_difference,11599,11598
11613,13,adjacent_difference,11600,11599
11614,13,adjacent_difference,11601,11600
11615,13,adjacent_difference,11602,11601
11616,13,adjacent_difference,11603,11602
11617,13,adjacent_difference,11604,11603
11618,13,adjacent_difference,11605,11604
11619,13,adjacent_difference,11606,11605
11620,13,adjacent_difference,11607,11606
11621,13,adjacent_difference,11608,11607
11622,13,adjacent_difference,11609,11608
11623,13,adjacent_difference,11610,11609
11624,13,adjacent_difference,11611,11610
11625,13,adjacent_difference,11612,11611
11626,13,adjacent_difference,11613,11612
11627,13,adjacent_difference,11614,11613
11628,13,adjacent_difference,11615,11614
11629,13,adjacent_difference,11616,11615
11630,13,adjacent_difference,11617,11616
11631,13,adjacent_difference,11618,11617
11632,13,adjacent_difference,11619,11618
11633,13,adjacent_difference,11620,11619
11634,13,adjacent_difference,11621,11620
11635,13,adjacent_difference,11622,11621
11636,13,adjacent_difference,11623,11622
11637,13,adjacent_difference,11624,11623
11638,13,adjacent_difference,11625,11624
11639,13,adjacent_difference,11626,11625
11640,13,adjacent_difference,11627,11626
11641,13,adjacent_difference,11628,11627
11642,13,adjacent_difference,11629,11628
11643,13,adjacent_difference,11630,11629
11644,13,adjacent_difference,11631,11630
11645,13,adjacent_difference,11632,11631
11646,13,adjacent_difference,11633,11632
11647,13,adjacent_difference,11634,11633
11648,13,adjacent_difference,11635,11634
11649,13,adjacent_difference,11636,11635
11650,13,adjacent_difference,11637,11636
11651,13,adjacent_difference,11638,11637
11652,13,adjacent_difference,11639,11638
11653,13,adjacent_difference,11640,11639
11654,13,adjacent_difference,11641,11640
11655,13,adjacent_difference,11642,11641
11656,13,adjacent_difference,11643,11642
11657,13,adjacent_difference,11644,11643
11658,13,adjacent_difference,11645,11644
11659,13,adjacent_difference,11646,11645
11660,13,adjacent_difference,11647,11646
11661,13,adjacent_difference,11648,11647
11662,13,adjacent_difference,11649,11648
11663,13,adjacent_difference,11650,11649
11664,13,adjacent_difference,11651,11650
11665,13,adjacent_difference,11652,11651
11666,13,adjacent_difference,11653,11652
11667,13,adjacent_difference,11654,11653
11668,13,adjacent_difference,11655,11654
11669,13,adjacent_difference,11656,11655
11670,13,adjacent_difference,11657,11656
11671,13,adjacent_difference,11658,11657
11672,13,adjacent_difference,11659,11658
11673,13,adjacent_difference,11660,11659
11674,13,adjacent_difference,11661,11660
11675,13,adjacent_difference,11662,11661
11676,13,adjacent_difference,11663,11662
11677,13,adjacent_difference,11664,11663
11678,13,adjacent_difference,11665,11664
11679,13,adjacent_difference,11666,11665
11680,13,adjacent_difference,11667,11666
11681,13,adjacent_difference,11668,11667
11682,13,adjacent_difference,11669,11668
11683,13,adjacent_difference,11670,11669
11684,13,adjacent_difference,11671,11670
11685,13,adjacent_difference,11672,11671
11686,13,adjacent_difference,11673,11672
11687,13,adjacent_difference,11674,11673
11688,13,adjacent_difference,11675,11674
11689,13,adjacent_difference,11676,11675
11690,13,adjacent_difference,11677,11676
11691,13,adjacent_difference,11678,11677
11692,13,adjacent_difference,11679,11678
11693,13,adjacent_difference,11680,11679
11694,13,adjacent_difference,11681,11680
11695,13,adjacent_difference,11682,11681
11696,13,adjacent_difference,11683,11682
11697,13,adjacent_difference,11684,11683
11698,13,adjacent_difference,11685,11684
11699,13,adjacent_difference,11686,11685
11700,13,adjacent_difference,11687,11686
11701,13,adjacent_difference,11688,11687
11702,13,adjacent_difference,11689,11688
11703,13,adjacent_difference,11690,11689
11704,13,adjacent_difference,11691,11690
11705,13,adjacent_difference,11692,11691
11706,13,adjacent_difference,11693,11692
11707,13,adjacent_difference,11694,11693
11708,13,adjacent_difference,11695,11694
11709,13,adjacent_difference,11696,11695
11710,13,adjacent_difference,11697,11696
11711,13,adjacent_difference,11698,11697
11712,13,adjacent_difference,11699,11698
11713,13,adjacent_difference,11700,11699
11714,13,adjacent_difference,11701,11700
11715,13,adjacent_difference,11702,11701
11716,13,adjacent_difference,11703,11702
11717,13,adjacent_difference,11704,11703
11718,13,adjacent_difference,11705,11704
11719,13,adjacent_difference,11706,11705
11720,13,adjacent_difference,11707,11706
11721,13,adjacent_difference,11708,11707
11722,13,adjacent_difference,11709,11708
11723,13,adjacent_difference,11710,11709
11724,13,adjacent_difference,11711,11710
11725,13,adjacent_difference,11712,11711
11726,13,adjacent_difference,11713,11712
11727,13,adjacent_difference,11714,11713
11728,13,adjacent_difference,11715,11714
11729,13,adjacent_difference,11716,11715
11730,13,adjacent_difference,11717,11716
11731,13,adjacent_difference,11718,11717
11732,13,adjacent_difference,11719,11718
11733,13,adjacent_difference,11720,11719
11734,13,adjacent_difference,11721,11720
11735,13,adjacent_difference,11722,11721
11736,13,adjacent_difference,11723,11722
11737,13,adjacent_difference,11724,11723
11738,13,adjacent_difference,11725,11724
11739,13,adjacent_difference,11726,11725
11740,13,adjacent_difference,11727,11726
11741,13,adjacent_difference,11728,11727
11742,13,adjacent_difference,11729,11728
11743,13,adjacent_difference,11730,11729
11744,13,adjacent_difference,11731,11730
11745,13,adjacent_difference,11732,11731
11746,13,adjacent_difference,11733,11732
11747,13,adjacent_difference,11734,11733
11748,13,adjacent_difference,11735,11734
11749,13,adjacent_difference,11736,11735
11750,13,adjacent_difference,11737,11736
11751,13,adjacent_difference,11738,11737
11752,13,adjacent_difference,11739,11738
11753,13,adjacent_difference,11740,11739
11754,13,adjacent_difference,11741,11740
11755,13,adjacent_difference,11742,11741
11756,13,adjacent_difference,11743,11742
11757,13,adjacent_difference,11744,11743
11758,13,adjacent_difference,11745,11744
11759,13,adjacent_difference,11746,11745
11760,13,adjacent_difference,11747,11746
11761,13,adjacent_difference,11748,11747
11762,13,adjacent_difference,11749,11748
11763,13,adjacent_difference,11750,11749
11764,13,adjacent_difference,11751,11750
11765,13,adjacent_difference,11752,11751
11766,13,adjacent_difference,11753,11752
11767,13,adjacent_difference,11754,11753
11768,13,adjacent_difference,11755,11754
11769,13,adjacent_difference,11756,11755
11770,13,adjacent_difference,11757,11756
11771,13,adjacent_difference,11758,11757
11772,13,adjacent_difference,11759,11758
11773,13,adjacent_difference,11760,11759
11774,13,adjacent_difference,11761,11760
11775,13,adjacent_difference,11762,11761
11776,13,adjacent_difference,11763,11762
11777,13,adjacent_difference,11764,11763
11778,13,adjacent_difference,11765,11764
11779,13,adjacent_difference,11766,11765
11780,13,adjacent_difference,11767,11766
11781,13,adjacent_difference,11768,11767
11782,13,adjacent_difference,11769,11768
11783,13,adjacent_difference,11770,11769
11784,13,adjacent_difference,11771,11770
11785,13,adjacent_difference,11772,11771
11786,13,adjacent_difference,11773,11772
11787,13,adjacent_difference,11774,11773
11788,13,adjacent_difference,11775,11774
11789,13,adjacent_difference,11776,11775
11790,13,adjacent_difference,11777,11776
11791,13,adjacent_difference,11778,11777
11792,13,adjacent_difference,11779,11778
11793,13,adjacent_difference,11780,11779
11794,13,adjacent_difference,11781,11780
11795,13,adjacent_difference,11782,11781
11796,13,adjacent_difference,11783,11782
11797,13,adjacent_difference,11784,11783
11798,13,adjacent_difference,11785,11784
11799,13,adjacent_difference,11786,11785
11800,13,adjacent_difference,11787,11786
11801,13,adjacent_difference,11788,11787
11802,13,adjacent_difference,11789,11788
11803,13,adjacent_difference,11790,11789
11804,13,adjacent_difference,11791,11790
11805,13,adjacent_difference,11792,11791
11806,13,adjacent_difference,11793,11792
11807,13,adjacent_difference,11794,11793
11808,13,adjacent_difference,11795,11794
11809,13,adjacent_difference,11796,11795
11810,13,adjacent_difference,11797,11796
11811,13,adjacent_difference,11798,11797
11812,13,adjacent_difference,11799,11798
11813,13,adjacent_difference,11800,11799
11814,13,adjacent_difference,11801,11800
11815,13,adjacent_difference,11802,11801
11816,13,adjacent_difference,11803,11802
11817,13,adjacent_difference,11804,11803
11818,13,adjacent_difference,11805,11804
11819,13,adjacent_difference,11806,11805
11820,13,adjacent_difference,11807,11806
11821,13,adjacent_difference,11808,11807
11822,13,adjacent_difference,11809,11808
11823,13,adjacent_difference,11810,11809
11824,13,adjacent_difference,11811,11810
11825,13,adjacent_difference,11812,11811
11826,13,adjacent_difference,11813,11812
11827,13,adjacent_difference,11814,11813
11828,13,adjacent_difference,11815,11814
11829,13,adjacent_difference,11816,11815
11830,13,adjacent_difference,11817,11816
11831,13,adjacent_difference,11818,11817
11832,13,adjacent_difference,11819,11818
11833,13,adjacent_difference,11820,11819
11834,13,adjacent_difference,11821,11820
11835,13,adjacent_difference,11822,11821
11836,13,adjacent_difference,11823,11822
11837,13,adjacent_difference,11824,11823
11838,13,adjacent_difference,11825,11824
11839,13,adjacent_difference,11826,11825
11840,13,adjacent_difference,11827,11826
11841,13,adjacent_difference,11828,11827
11842,13,adjacent_difference,11829,11828
11843,13,terminal_inverse,-1,11829
11844,14,absolute_start,11830,-1
11845,14,adjacent_difference,11831,11830
11846,14,adjacent_difference,11832,11831
11847,14,adjacent_difference,11833,11832
11848,14,adjacent_difference,11834,11833
11849,14,adjacent_difference,11835,11834
11850,14,adjacent_difference,11836,11835
11851,14,adjacent_difference,11837,11836
11852,14,adjacent_difference,11838,11837
11853,14,adjacent_difference,11839,11838
11854,14,adjacent_difference,11840,11839
11855,14,adjacent_difference,11841,11840
11856,14,adjacent_difference,11842,11841
11857,14,adjacent_difference,11843,11842
11858,14,adjacent_difference,11844,11843
11859,14,adjacent_difference,11845,11844
11860,14,adjacent_difference,11846,11845
11861,14,adjacent_difference,11847,11846
11862,14,adjacent_difference,11848,11847
11863,14,adjacent_difference,11849,11848
11864,14,adjacent_difference,11850,11849
11865,14,adjacent_difference,11851,11850
11866,14,adjacent_difference,11852,11851
11867,14,adjacent_difference,11853,11852
11868,14,adjacent_difference,11854,11853
11869,14,adjacent_difference,11855,11854
11870,14,adjacent_difference,11856,11855
11871,14,adjacent_difference,11857,11856
11872,14,adjacent_difference,11858,11857
11873,14,adjacent_difference,11859,11858
11874,14,adjacent_difference,11860,11859
11875,14,adjacent_difference,11861,11860
11876,14,adjacent_difference,11862,11861
11877,14,adjacent_difference,11863,11862
11878,14,adjacent_difference,11864,11863
11879,14,adjacent_difference,11865,11864
11880,14,adjacent_difference,11866,11865
11881,14,adjacent_difference,11867,11866
11882,14,adjacent_difference,11868,11867
11883,14,adjacent_difference,11869,11868
11884,14,adjacent_difference,11870,11869
11885,14,adjacent_difference,11871,11870
11886,14,adjacent_difference,11872,11871
11887,14,adjacent_difference,11873,11872
11888,14,adjacent_difference,11874,11873
11889,14,adjacent_difference,11875,11874
11890,14,adjacent_difference,11876,11875
11891,14,adjacent_difference,11877,11876
11892,14,adjacent_difference,11878,11877
11893,14,adjacent_difference,11879,11878
11894,14,adjacent_difference,11880,11879
11895,14,adjacent_difference,11881,11880
11896,14,adjacent_difference,11882,11881
11897,14,adjacent_difference,11883,11882
11898,14,adjacent_difference,11884,11883
11899,14,adjacent_difference,11885,11884
11900,14,adjacent_difference,11886,11885
11901,14,adjacent_difference,11887,11886
11902,14,adjacent_difference,11888,11887
11903,14,adjacent_difference,11889,11888
11904,14,adjacent_difference,11890,11889
11905,14,adjacent_difference,11891,11890
11906,14,adjacent_difference,11892,11891
11907,14,adjacent_difference,11893,11892
11908,14,adjacent_difference,11894,11893
11909,14,adjacent_difference,11895,11894
11910,14,adjacent_difference,11896,11895
11911,14,adjacent_difference,11897,11896
11912,14,adjacent_difference,11898,11897
11913,14,adjacent_difference,11899,11898
11914,14,adjacent_difference,11900,11899
11915,14,adjacent_difference,11901,11900
11916,14,adjacent_difference,11902,11901
11917,14,adjacent_difference,11903,11902
11918,14,adjacent_difference,11904,11903
11919,14,adjacent_difference,11905,11904
11920,14,adjacent_difference,11906,11905
11921,14,adjacent_difference,11907,11906
11922,14,adjacent_difference,11908,11907
11923,14,adjacent_difference,11909,11908
11924,14,adjacent_difference,11910,11909
11925,14,adjacent_difference,11911,11910
11926,14,adjacent_difference,11912,11911
11927,14,adjacent_difference,11913,11912
11928,14,adjacent_difference,11914,11913
11929,14,adjacent_difference,11915,11914
11930,14,adjacent_difference,11916,11915
11931,14,adjacent_difference,11917,11916
11932,14,adjacent_difference,11918,11917
11933,14,adjacent_difference,11919,11918
11934,14,adjacent_difference,11920,11919
11935,14,adjacent_difference,11921,11920
11936,14,adjacent_difference,11922,11921
11937,14,adjacent_difference,11923,11922
11938,14,adjacent_difference,11924,11923
11939,14,adjacent_difference,11925,11924
11940,14,adjacent_difference,11926,11925
11941,14,adjacent_difference,11927,11926
11942,14,adjacent_difference,11928,11927
11943,14,adjacent_difference,11929,11928
11944,14,adjacent_difference,11930,11929
11945,14,adjacent_difference,11931,11930
11946,14,adjacent_difference,11932,11931
11947,14,adjacent_difference,11933,11932
11948,14,adjacent_difference,11934,11933
11949,14,adjacent_difference,11935,11934
11950,14,adjacent_difference,11936,11935
11951,14,adjacent_difference,11937,11936
11952,14,adjacent_difference,11938,11937
11953,14,adjacent_difference,11939,11938
11954,14,adjacent_difference,11940,11939
11955,14,adjacent_difference,11941,11940
11956,14,adjacent_difference,11942,11941
11957,14,adjacent_difference,11943,11942
11958,14,adjacent_difference,11944,11943
11959,14,adjacent_difference,11945,11944
11960,14,adjacent_difference,11946,11945
11961,14,adjacent_difference,11947,11946
11962,14,adjacent_difference,11948,11947
11963,14,adjacent_difference,11949,11948
11964,14,adjacent_difference,11950,11949
11965,14,adjacent_difference,11951,11950
11966,14,adjacent_difference,11952,11951
11967,14,adjacent_difference,11953,11952
11968,14,adjacent_difference,11954,11953
11969,14,adjacent_difference,11955,11954
11970,14,adjacent_difference,11956,11955
11971,14,adjacent_difference,11957,11956
11972,14,adjacent_difference,11958,11957
11973,14,adjacent_difference,11959,11958
11974,14,adjacent_difference,11960,11959
11975,14,adjacent_difference,11961,11960
11976,14,adjacent_difference,11962,11961
11977,14,adjacent_difference,11963,11962
11978,14,adjacent_difference,11964,11963
11979,14,adjacent_difference,11965,11964
11980,14,adjacent_difference,11966,11965
11981,14,adjacent_difference,11967,11966
11982,14,adjacent_difference,11968,11967
11983,14,adjacent_difference,11969,11968
11984,14,adjacent_difference,11970,11969
11985,14,adjacent_difference,11971,11970
11986,14,adjacent_difference,11972,11971
11987,14,adjacent_difference,11973,11972
11988,14,adjacent_difference,11974,11973
11989,14,adjacent_difference,11975,11974
11990,14,adjacent_difference,11976,11975
11991,14,adjacent_difference,11977,11976
11992,14,adjacent_difference,11978,11977
11993,14,adjacent_difference,11979,11978
11994,14,adjacent_difference,11980,11979
11995,14,adjacent_difference,11981,11980
11996,14,adjacent_difference,11982,11981
11997,14,adjacent_difference,11983,11982
11998,14,adjacent_difference,11984,11983
11999,14,adjacent_difference,11985,11984
12000,14,adjacent_difference,11986,11985
12001,14,adjacent_difference,11987,11986
12002,14,adjacent_difference,11988,11987
12003,14,adjacent_difference,11989,11988
12004,14,adjacent_difference,11990,11989
12005,14,adjacent_difference,11991,11990
12006,14,adjacent_difference,11992,11991
12007,14,adjacent_difference,11993,11992
12008,14,adjacent_difference,11994,11993
12009,14,adjacent_difference,11995,11994
12010,14,adjacent_difference,11996,11995
12011,14,adjacent_difference,11997,11996
12012,14,adjacent_difference,11998,11997
12013,14,adjacent_difference,11999,11998
12014,14,adjacent_difference,12000,11999
12015,14,adjacent_difference,12001,12000
12016,14,adjacent_difference,12002,12001
12017,14,adjacent_difference,12003,12002
12018,14,adjacent_difference,12004,12003
12019,14,adjacent_difference,12005,12004
12020,14,adjacent_difference,12006,12005
12021,14,adjacent_difference,12007,12006
12022,14,adjacent_difference,12008,12007
12023,14,adjacent_difference,12009,12008
12024,14,adjacent_difference,12010,12009
12025,14,adjacent_difference,12011,12010
12026,14,adjacent_difference,12012,12011
12027,14,adjacent_difference,12013,12012
12028,14,adjacent_difference,12014,12013
12029,14,adjacent_difference,12015,12014
12030,14,adjacent_difference,12016,12015
12031,14,adjacent_difference,12017,12016
12032,14,adjacent_difference,12018,12017
12033,14,adjacent_difference,12019,12018
12034,14,adjacent_difference,12020,12019
12035,14,adjacent_difference,12021,12020
12036,14,adjacent_difference,12022,12021
12037,14,adjacent_difference,12023,12022
12038,14,adjacent_difference,12024,12023
12039,14,adjacent_difference,12025,12024
12040,14,adjacent_difference,12026,12025
12041,14,adjacent_difference,12027,12026
12042,14,adjacent_difference,12028,12027
12043,14,adjacent_difference,12029,12028
12044,14,adjacent_difference,12030,12029
12045,14,adjacent_difference,12031,12030
12046,14,adjacent_difference,12032,12031
12047,14,adjacent_difference,12033,12032
12048,14,adjacent_difference,12034,12033
12049,14,adjacent_difference,12035,12034
12050,14,adjacent_difference,12036,12035
12051,14,adjacent_difference,12037,12036
12052,14,adjacent_difference,12038,12037
12053,14,adjacent_difference,12039,12038
12054,14,adjacent_difference,12040,12039
12055,14,adjacent_difference,12041,12040
12056,14,adjacent_difference,12042,12041
12057,14,adjacent_difference,12043,12042
12058,14,adjacent_difference,12044,12043
12059,14,adjacent_difference,12045,12044
12060,14,adjacent_difference,12046,12045
12061,14,adjacent_difference,12047,12046
12062,14,adjacent_difference,12048,12047
12063,14,adjacent_difference,12049,12048
12064,14,adjacent_difference,12050,12049
12065,14,adjacent_difference,12051,12050
12066,14,adjacent_difference,12052,12051
12067,14,adjacent_difference,12053,12052
12068,14,adjacent_difference,12054,12053
12069,14,adjacent_difference,12055,12054
12070,14,adjacent_difference,12056,12055
12071,14,adjacent_difference,12057,12056
12072,14,adjacent_difference,12058,12057
12073,14,adjacent_difference,12059,12058
12074,14,adjacent_difference,12060,12059
12075,14,adjacent_difference,12061,12060
12076,14,adjacent_difference,12062,12061
12077,14,adjacent_difference,12063,12062
12078,14,adjacent_difference,12064,12063
12079,14,adjacent_difference,12065,12064
12080,14,adjacent_difference,12066,12065
12081,14,adjacent_difference,12067,12066
12082,14,adjacent_difference,12068,12067
12083,14,adjacent_difference,12069,12068
12084,14,adjacent_difference,12070,12069
12085,14,adjacent_difference,12071,12070
12086,14,adjacent_difference,12072,12071
12087,14,adjacent_difference,12073,12072
12088,14,adjacent_difference,12074,12073
12089,14,adjacent_difference,12075,12074
12090,14,adjacent_difference,12076,12075
12091,14,adjacent_difference,12077,12076
12092,14,adjacent_difference,12078,12077
12093,14,adjacent_difference,12079,12078
12094,14,adjacent_difference,12080,12079
12095,14,adjacent_difference,12081,12080
12096,14,adjacent_difference,12082,12081
12097,14,adjacent_difference,12083,12082
12098,14,adjacent_difference,12084,12083
12099,14,adjacent_difference,12085,12084
12100,14,adjacent_difference,12086,12085
12101,14,adjacent_difference,12087,12086
12102,14,adjacent_difference,12088,12087
12103,14,adjacent_difference,12089,12088
12104,14,adjacent_difference,12090,12089
12105,14,adjacent_difference,12091,12090
12106,14,adjacent_difference,12092,12091
12107,14,adjacent_difference,12093,12092
12108,14,adjacent_difference,12094,12093
12109,14,adjacent_difference,12095,12094
12110,14,adjacent_difference,12096,12095
12111,14,adjacent_difference,12097,12096
12112,14,adjacent_difference,12098,12097
12113,14,adjacent_difference,12099,12098
12114,14,adjacent_difference,12100,12099
12115,14,adjacent_difference,12101,12100
12116,14,adjacent_difference,12102,12101
12117,14,adjacent_difference,12103,12102
12118,14,adjacent_difference,12104,12103
12119,14,adjacent_difference,12105,12104
12120,14,adjacent_difference,12106,12105
12121,14,adjacent_difference,12107,12106
12122,14,adjacent_difference,12108,12107
12123,14,adjacent_difference,12109,12108
12124,14,adjacent_difference,12110,12109
12125,14,adjacent_difference,12111,12110
12126,14,adjacent_difference,12112,12111
12127,14,adjacent_difference,12113,12112
12128,14,adjacent_difference,12114,12113
12129,14,adjacent_difference,12115,12114
12130,14,adjacent_difference,12116,12115
12131,14,adjacent_difference,12117,12116
12132,14,adjacent_difference,12118,12117
12133,14,adjacent_difference,12119,12118
12134,14,adjacent_difference,12120,12119
12135,14,adjacent_difference,12121,12120
12136,14,adjacent_difference,12122,12121
12137,14,adjacent_difference,12123,12122
12138,14,adjacent_difference,12124,12123
12139,14,adjacent_difference,12125,12124
12140,14,adjacent_difference,12126,12125
12141,14,adjacent_difference,12127,12126
12142,14,adjacent_difference,12128,12127
12143,14,adjacent_difference,12129,12128
12144,14,adjacent_difference,12130,12129
12145,14,adjacent_difference,12131,12130
12146,14,adjacent_difference,12132,12131
12147,14,adjacent_difference,12133,12132
12148,14,adjacent_difference,12134,12133
12149,14,adjacent_difference,12135,12134
12150,14,adjacent_difference,12136,12135
12151,14,adjacent_difference,12137,12136
12152,14,adjacent_difference,12138,12137
12153,14,adjacent_difference,12139,12138
12154,14,adjacent_difference,12140,12139
12155,14,adjacent_difference,12141,12140
12156,14,adjacent_difference,12142,12141
12157,14,adjacent_difference,12143,12142
12158,14,adjacent_difference,12144,12143
12159,14,adjacent_difference,12145,12144
12160,14,adjacent_difference,12146,12145
12161,14,adjacent_difference,12147,12146
12162,14,adjacent_difference,12148,12147
12163,14,adjacent_difference,12149,12148
12164,14,adjacent_difference,12150,12149
12165,14,adjacent_difference,12151,12150
12166,14,adjacent_difference,12152,12151
12167,14,adjacent_difference,12153,12152
12168,14,adjacent_difference,12154,12153
12169,14,adjacent_difference,12155,12154
12170,14,adjacent_difference,12156,12155
12171,14,adjacent_difference,12157,12156
12172,14,adjacent_difference,12158,12157
12173,14,adjacent_difference,12159,12158
12174,14,adjacent_difference,12160,12159
12175,14,adjacent_difference,12161,12160
12176,14,adjacent_difference,12162,12161
12177,14,adjacent_difference,12163,12162
12178,14,adjacent_difference,12164,12163
12179,14,adjacent_difference,12165,12164
12180,14,adjacent_difference,12166,12165
12181,14,adjacent_difference,12167,12166
12182,14,adjacent_difference,12168,12167
12183,14,adjacent_difference,12169,12168
12184,14,adjacent_difference,12170,12169
12185,14,adjacent_difference,12171,12170
12186,14,adjacent_difference,12172,12171
12187,14,adjacent_difference,12173,12172
12188,14,adjacent_difference,12174,12173
12189,14,adjacent_difference,12175,12174
12190,14,adjacent_difference,12176,12175
12191,14,adjacent_difference,12177,12176
12192,14,adjacent_difference,12178,12177
12193,14,adjacent_difference,12179,12178
12194,14,adjacent_difference,12180,12179
12195,14,adjacent_difference,12181,12180
12196,14,adjacent_difference,12182,12181
12197,14,adjacent_difference,12183,12182
12198,14,adjacent_difference,12184,12183
12199,14,adjacent_difference,12185,12184
12200,14,adjacent_difference,12186,12185
12201,14,adjacent_difference,12187,12186
12202,14,adjacent_difference,12188,12187
12203,14,adjacent_difference,12189,12188
12204,14,adjacent_difference,12190,12189
12205,14,adjacent_difference,12191,12190
12206,14,adjacent_difference,12192,12191
12207,14,adjacent_difference,12193,12192
12208,14,adjacent_difference,12194,12193
12209,14,adjacent_difference,12195,12194
12210,14,adjacent_difference,12196,12195
12211,14,adjacent_difference,12197,12196
12212,14,adjacent_difference,12198,12197
12213,14,adjacent_difference,12199,12198
12214,14,adjacent_difference,12200,12199
12215,14,adjacent_difference,12201,12200
12216,14,adjacent_difference,12202,12201
12217,14,adjacent_difference,12203,12202
12218,14,adjacent_difference,12204,12203
12219,14,adjacent_difference,12205,12204
12220,14,adjacent_difference,12206,12205
12221,14,adjacent_difference,12207,12206
12222,14,adjacent_difference,12208,12207
12223,14,adjacent_difference,12209,12208
12224,14,adjacent_difference,12210,12209
12225,14,adjacent_difference,12211,12210
12226,14,adjacent_difference,12212,12211
12227,14,adjacent_difference,12213,12212
12228,14,adjacent_difference,12214,12213
12229,14,adjacent_difference,12215,12214
12230,14,adjacent_difference,12216,12215
12231,14,adjacent_difference,12217,12216
12232,14,adjacent_difference,12218,12217
12233,14,adjacent_difference,12219,12218
12234,14,adjacent_difference,12220,12219
12235,14,adjacent_difference,12221,12220
12236,14,adjacent_difference,12222,12221
12237,14,adjacent_difference,12223,12222
12238,14,adjacent_difference,12224,12223
12239,14,adjacent_difference,12225,12224
12240,14,adjacent_difference,12226,12225
12241,14,adjacent_difference,12227,12226
12242,14,adjacent_difference,12228,12227
12243,14,adjacent_difference,12229,12228
12244,14,adjacent_difference,12230,12229
12245,14,adjacent_difference,12231,12230
12246,14,adjacent_difference,12232,12231
12247,14,adjacent_difference,12233,12232
12248,14,adjacent_difference,12234,12233
12249,14,adjacent_difference,12235,12234
12250,14,adjacent_difference,12236,12235
12251,14,adjacent_difference,12237,12236
12252,14,adjacent_difference,12238,12237
12253,14,adjacent_difference,12239,12238
12254,14,adjacent_difference,12240,12239
12255,14,adjacent_difference,12241,12240
12256,14,adjacent_difference,12242,12241
12257,14,adjacent_difference,12243,12242
12258,14,adjacent_difference,12244,12243
12259,14,adjacent_difference,12245,12244
12260,14,adjacent_difference,12246,12245
12261,14,adjacent_difference,12247,12246
12262,14,adjacent_difference,12248,12247
12263,14,adjacent_difference,12249,12248
12264,14,adjacent_difference,12250,12249
12265,14,adjacent_difference,12251,12250
12266,14,adjacent_difference,12252,12251
12267,14,adjacent_difference,12253,12252
12268,14,adjacent_difference,12254,12253
12269,14,adjacent_difference,12255,12254
12270,14,adjacent_difference,12256,12255
12271,14,adjacent_difference,12257,12256
12272,14,adjacent_difference,12258,12257
12273,14,adjacent_difference,12259,12258
12274,14,adjacent_difference,12260,12259
12275,14,adjacent_difference,12261,12260
12276,14,adjacent_difference,12262,12261
12277,14,adjacent_difference,12263,12262
12278,14,adjacent_difference,12264,12263
12279,14,adjacent_difference,12265,12264
12280,14,adjacent_difference,12266,12265
12281,14,adjacent_difference,12267,12266
12282,14,adjacent_difference,12268,12267
12283,14,adjacent_difference,12269,12268
12284,14,adjacent_difference,12270,12269
12285,14,adjacent_difference,12271,12270
12286,14,adjacent_difference,12272,12271
12287,14,adjacent_difference,12273,12272
12288,14,adjacent_difference,12274,12273
12289,14,adjacent_difference,12275,12274
12290,14,adjacent_difference,12276,12275
12291,14,adjacent_difference,12277,12276
12292,14,adjacent_difference,12278,12277
12293,14,adjacent_difference,12279,12278
12294,14,adjacent_difference,12280,12279
12295,14,adjacent_difference,12281,12280
12296,14,adjacent_difference,12282,12281
12297,14,adjacent_difference,12283,12282
12298,14,adjacent_difference,12284,12283
12299,14,adjacent_difference,12285,12284
12300,14,adjacent_difference,12286,12285
12301,14,adjacent_difference,12287,12286
12302,14,adjacent_difference,12288,12287
12303,14,adjacent_difference,12289,12288
12304,14,adjacent_difference,12290,12289
12305,14,adjacent_difference,12291,12290
12306,14,adjacent_difference,12292,12291
12307,14,adjacent_difference,12293,12292
12308,14,adjacent_difference,12294,12293
12309,14,adjacent_difference,12295,12294
12310,14,adjacent_difference,12296,12295
12311,14,adjacent_difference,12297,12296
12312,14,adjacent_difference,12298,12297
12313,14,adjacent_difference,12299,12298
12314,14,adjacent_difference,12300,12299
12315,14,adjacent_difference,12301,12300
12316,14,adjacent_difference,12302,12301
12317,14,adjacent_difference,12303,12302
12318,14,adjacent_difference,12304,12303
12319,14,adjacent_difference,12305,12304
12320,14,adjacent_difference,12306,12305
12321,14,adjacent_difference,12307,12306
12322,14,adjacent_difference,12308,12307
12323,14,adjacent_difference,12309,12308
12324,14,adjacent_difference,12310,12309
12325,14,adjacent_difference,12311,12310
12326,14,adjacent_difference,12312,12311
12327,14,adjacent_difference,12313,12312
12328,14,adjacent_difference,12314,12313
12329,14,adjacent_difference,12315,12314
12330,14,adjacent_difference,12316,12315
12331,14,adjacent_difference,12317,12316
12332,14,adjacent_difference,12318,12317
12333,14,adjacent_difference,12319,12318
12334,14,adjacent_difference,12320,12319
12335,14,adjacent_difference,12321,12320
12336,14,adjacent_difference,12322,12321
12337,14,adjacent_difference,12323,12322
12338,14,adjacent_difference,12324,12323
12339,14,adjacent_difference,12325,12324
12340,14,adjacent_difference,12326,12325
12341,14,adjacent_difference,12327,12326
12342,14,adjacent_difference,12328,12327
12343,14,adjacent_difference,12329,12328
12344,14,adjacent_difference,12330,12329
12345,14,adjacent_difference,12331,12330
12346,14,adjacent_difference,12332,12331
12347,14,adjacent_difference,12333,12332
12348,14,adjacent_difference,12334,12333
12349,14,adjacent_difference,12335,12334
12350,14,adjacent_difference,12336,12335
12351,14,adjacent_difference,12337,12336
12352,14,adjacent_difference,12338,12337
12353,14,adjacent_difference,12339,12338
12354,14,adjacent_difference,12340,12339
12355,14,adjacent_difference,12341,12340
12356,14,adjacent_difference,12342,12341
12357,14,adjacent_difference,12343,12342
12358,14,adjacent_difference,12344,12343
12359,14,adjacent_difference,12345,12344
12360,14,adjacent_difference,12346,12345
12361,14,adjacent_difference,12347,12346
12362,14,adjacent_difference,12348,12347
12363,14,adjacent_difference,12349,12348
12364,14,adjacent_difference,12350,12349
12365,14,adjacent_difference,12351,12350
12366,14,adjacent_difference,12352,12351
12367,14,adjacent_difference,12353,12352
12368,14,adjacent_difference,12354,12353
12369,14,adjacent_difference,12355,12354
12370,14,adjacent_difference,12356,12355
12371,14,adjacent_difference,12357,12356
12372,14,adjacent_difference,12358,12357
12373,14,adjacent_difference,12359,12358
12374,14,adjacent_difference,12360,12359
12375,14,adjacent_difference,12361,12360
12376,14,adjacent_difference,12362,12361
12377,14,adjacent_difference,12363,12362
12378,14,adjacent_difference,12364,12363
12379,14,adjacent_difference,12365,12364
12380,14,adjacent_difference,12366,12365
12381,14,adjacent_difference,12367,12366
12382,14,adjacent_difference,12368,12367
12383,14,adjacent_difference,12369,12368
12384,14,adjacent_difference,12370,12369
12385,14,adjacent_difference,12371,12370
12386,14,adjacent_difference,12372,12371
12387,14,adjacent_difference,12373,12372
12388,14,adjacent_difference,12374,12373
12389,14,adjacent_difference,12375,12374
12390,14,adjacent_difference,12376,12375
12391,14,adjacent_difference,12377,12376
12392,14,adjacent_difference,12378,12377
12393,14,adjacent_difference,12379,12378
12394,14,adjacent_difference,12380,12379
12395,14,adjacent_difference,12381,12380
12396,14,adjacent_difference,12382,12381
12397,14,adjacent_difference,12383,12382
12398,14,adjacent_difference,12384,12383
12399,14,adjacent_difference,12385,12384
12400,14,adjacent_difference,12386,12385
12401,14,adjacent_difference,12387,12386
12402,14,adjacent_difference,12388,12387
12403,14,adjacent_difference,12389,12388
12404,14,adjacent_difference,12390,12389
12405,14,adjacent_difference,12391,12390
12406,14,adjacent_difference,12392,12391
12407,14,adjacent_difference,12393,12392
12408,14,adjacent_difference,12394,12393
12409,14,adjacent_difference,12395,12394
12410,14,adjacent_difference,12396,12395
12411,14,adjacent_difference,12397,12396
12412,14,adjacent_difference,12398,12397
12413,14,adjacent_difference,12399,12398
12414,14,adjacent_difference,12400,12399
12415,14,adjacent_difference,12401,12400
12416,14,adjacent_difference,12402,12401
12417,14,adjacent_difference,12403,12402
12418,14,adjacent_difference,12404,12403
12419,14,adjacent_difference,12405,12404
12420,14,adjacent_difference,12406,12405
12421,14,adjacent_difference,12407,12406
12422,14,adjacent_difference,12408,12407
12423,14,adjacent_difference,12409,12408
12424,14,adjacent_difference,12410,12409
12425,14,adjacent_difference,12411,12410
12426,14,adjacent_difference,12412,12411
12427,14,adjacent_difference,12413,12412
12428,14,adjacent_difference,12414,12413
12429,14,adjacent_difference,12415,12414
12430,14,adjacent_difference,12416,12415
12431,14,adjacent_difference,12417,12416
12432,14,adjacent_difference,12418,12417
12433,14,adjacent_difference,12419,12418
12434,14,adjacent_difference,12420,12419
12435,14,adjacent_difference,12421,12420
12436,14,adjacent_difference,12422,12421
12437,14,adjacent_difference,12423,12422
12438,14,adjacent_difference,12424,12423
12439,14,adjacent_difference,12425,12424
12440,14,adjacent_difference,12426,12425
12441,14,adjacent_difference,12427,12426
12442,14,adjacent_difference,12428,12427
12443,14,adjacent_difference,12429,12428
12444,14,adjacent_difference,12430,12429
12445,14,adjacent_difference,12431,12430
12446,14,adjacent_difference,12432,12431
12447,14,adjacent_difference,12433,12432
12448,14,adjacent_difference,12434,12433
12449,14,adjacent_difference,12435,12434
12450,14,adjacent_difference,12436,12435
12451,14,adjacent_difference,12437,12436
12452,14,adjacent_difference,12438,12437
12453,14,adjacent_difference,12439,12438
12454,14,adjacent_difference,12440,12439
12455,14,adjacent_difference,12441,12440
12456,14,adjacent_difference,12442,12441
12457,14,adjacent_difference,12443,12442
12458,14,adjacent_difference,12444,12443
12459,14,adjacent_difference,12445,12444
12460,14,adjacent_difference,12446,12445
12461,14,adjacent_difference,12447,12446
12462,14,adjacent_difference,12448,12447
12463,14,adjacent_difference,12449,12448
12464,14,adjacent_difference,12450,12449
12465,14,adjacent_difference,12451,12450
12466,14,adjacent_difference,12452,12451
12467,14,adjacent_difference,12453,12452
12468,14,adjacent_difference,12454,12453
12469,14,adjacent_difference,12455,12454
12470,14,adjacent_difference,12456,12455
12471,14,adjacent_difference,12457,12456
12472,14,adjacent_difference,12458,12457
12473,14,adjacent_difference,12459,12458
12474,14,adjacent_difference,12460,12459
12475,14,adjacent_difference,12461,12460
12476,14,adjacent_difference,12462,12461
12477,14,adjacent_difference,12463,12462
12478,14,adjacent_difference,12464,12463
12479,14,adjacent_difference,12465,12464
12480,14,adjacent_difference,12466,12465
12481,14,adjacent_difference,12467,12466
12482,14,adjacent_difference,12468,12467
12483,14,adjacent_difference,12469,12468
12484,14,adjacent_difference,12470,12469
12485,14,adjacent_difference,12471,12470
12486,14,adjacent_difference,12472,12471
12487,14,adjacent_difference,12473,12472
12488,14,adjacent_difference,12474,12473
12489,14,adjacent_difference,12475,12474
12490,14,adjacent_difference,12476,12475
12491,14,adjacent_difference,12477,12476
12492,14,adjacent_difference,12478,12477
12493,14,adjacent_difference,12479,12478
12494,14,adjacent_difference,12480,12479
12495,14,adjacent_difference,12481,12480
12496,14,adjacent_difference,12482,12481
12497,14,adjacent_difference,12483,12482
12498,14,adjacent_difference,12484,12483
12499,14,adjacent_difference,12485,12484
12500,14,adjacent_difference,12486,12485
12501,14,adjacent_difference,12487,12486
12502,14,adjacent_difference,12488,12487
12503,14,adjacent_difference,12489,12488
12504,14,adjacent_difference,12490,12489
12505,14,adjacent_difference,12491,12490
12506,14,adjacent_difference,12492,12491
12507,14,adjacent_difference,12493,12492
12508,14,adjacent_difference,12494,12493
12509,14,adjacent_difference,12495,12494
12510,14,adjacent_difference,12496,12495
12511,14,adjacent_difference,12497,12496
12512,14,adjacent_difference,12498,12497
12513,14,adjacent_difference,12499,12498
12514,14,adjacent_difference,12500,12499
12515,14,adjacent_difference,12501,12500
12516,14,adjacent_difference,12502,12501
12517,14,adjacent_difference,12503,12502
12518,14,adjacent_difference,12504,12503
12519,14,adjacent_difference,12505,12504
12520,14,adjacent_difference,12506,12505
12521,14,adjacent_difference,12507,12506
12522,14,adjacent_difference,12508,12507
12523,14,adjacent_difference,12509,12508
12524,14,adjacent_difference,12510,12509
12525,14,adjacent_difference,12511,12510
12526,14,adjacent_difference,12512,12511
12527,14,adjacent_difference,12513,12512
12528,14,adjacent_difference,12514,12513
12529,14,adjacent_difference,12515,12514
12530,14,adjacent_difference,12516,12515
12531,14,adjacent_difference,12517,12516
12532,14,adjacent_difference,12518,12517
12533,14,adjacent_difference,12519,12518
12534,14,adjacent_difference,12520,12519
12535,14,adjacent_difference,12521,12520
12536,14,adjacent_difference,12522,12521
12537,14,adjacent_difference,12523,12522
12538,14,adjacent_difference,12524,12523
12539,14,adjacent_difference,12525,12524
12540,14,adjacent_difference,12526,12525
12541,14,adjacent_difference,12527,12526
12542,14,adjacent_difference,12528,12527
12543,14,adjacent_difference,12529,12528
12544,14,adjacent_difference,12530,12529
12545,14,adjacent_difference,12531,12530
12546,14,adjacent_difference,12532,12531
12547,14,adjacent_difference,12533,12532
12548,14,adjacent_difference,12534,12533
12549,14,adjacent_difference,12535,12534
12550,14,adjacent_difference,12536,12535
12551,14,adjacent_difference,12537,12536
12552,14,adjacent_difference,12538,12537
12553,14,adjacent_difference,12539,12538
12554,14,adjacent_difference,12540,12539
12555,14,adjacent_difference,12541,12540
12556,14,adjacent_difference,12542,12541
12557,14,adjacent_difference,12543,12542
12558,14,adjacent_difference,12544,12543
12559,14,adjacent_difference,12545,12544
12560,14,adjacent_difference,12546,12545
12561,14,adjacent_difference,12547,12546
12562,14,adjacent_difference,12548,12547
12563,14,adjacent_difference,12549,12548
12564,14,adjacent_difference,12550,12549
12565,14,adjacent_difference,12551,12550
12566,14,adjacent_difference,12552,12551
12567,14,adjacent_difference,12553,12552
12568,14,adjacent_difference,12554,12553
12569,14,adjacent_difference,12555,12554
12570,14,adjacent_difference,12556,12555
12571,14,adjacent_difference,12557,12556
12572,14,adjacent_difference,12558,12557
12573,14,adjacent_difference,12559,12558
12574,14,adjacent_difference,12560,12559
12575,14,adjacent_difference,12561,12560
12576,14,adjacent_difference,12562,12561
12577,14,adjacent_difference,12563,12562
12578,14,adjacent_difference,12564,12563
12579,14,adjacent_difference,12565,12564
12580,14,adjacent_difference,12566,12565
12581,14,adjacent_difference,12567,12566
12582,14,adjacent_difference,12568,12567
12583,14,adjacent_difference,12569,12568
12584,14,adjacent_difference,12570,12569
12585,14,adjacent_difference,12571,12570
12586,14,adjacent_difference,12572,12571
12587,14,adjacent_difference,12573,12572
12588,14,adjacent_difference,12574,12573
12589,14,adjacent_difference,12575,12574
12590,14,adjacent_difference,12576,12575
12591,14,adjacent_difference,12577,12576
12592,14,adjacent_difference,12578,12577
12593,14,adjacent_difference,12579,12578
12594,14,adjacent_difference,12580,12579
12595,14,adjacent_difference,12581,12580
12596,14,adjacent_difference,12582,12581
12597,14,adjacent_difference,12583,12582
12598,14,adjacent_difference,12584,12583
12599,14,adjacent_difference,12585,12584
12600,14,adjacent_difference,12586,12585
12601,14,adjacent_difference,12587,12586
12602,14,adjacent_difference,12588,12587
12603,14,adjacent_difference,12589,12588
12604,14,adjacent_difference,12590,12589
12605,14,adjacent_difference,12591,12590
12606,14,adjacent_difference,12592,12591
12607,14,adjacent_difference,12593,12592
12608,14,adjacent_difference,12594,12593
12609,14,adjacent_difference,12595,12594
12610,14,adjacent_difference,12596,12595
12611,14,adjacent_difference,12597,12596
12612,14,adjacent_difference,12598,12597
12613,14,adjacent_difference,12599,12598
12614,14,adjacent_difference,12600,12599
12615,14,adjacent_difference,12601,12600
12616,14,adjacent_difference,12602,12601
12617,14,adjacent_difference,12603,12602
12618,14,adjacent_difference,12604,12603
12619,14,adjacent_difference,12605,12604
12620,14,adjacent_difference,12606,12605
12621,14,adjacent_difference,12607,12606
12622,14,adjacent_difference,12608,12607
12623,14,adjacent_difference,12609,12608
12624,14,adjacent_difference,12610,12609
12625,14,adjacent_difference,12611,12610
12626,14,adjacent_difference,12612,12611
12627,14,adjacent_difference,12613,12612
12628,14,adjacent_difference,12614,12613
12629,14,adjacent_difference,12615,12614
12630,14,adjacent_difference,12616,12615
12631,14,adjacent_difference,12617,12616
12632,14,adjacent_difference,12618,12617
12633,14,adjacent_difference,12619,12618
12634,14,adjacent_difference,12620,12619
12635,14,adjacent_difference,12621,12620
12636,14,adjacent_difference,12622,12621
12637,14,adjacent_difference,12623,12622
12638,14,adjacent_difference,12624,12623
12639,14,adjacent_difference,12625,12624
12640,14,adjacent_difference,12626,12625
12641,14,adjacent_difference,12627,12626
12642,14,adjacent_difference,12628,12627
12643,14,adjacent_difference,12629,12628
12644,14,adjacent_difference,12630,12629
12645,14,adjacent_difference,12631,12630
12646,14,adjacent_difference,12632,12631
12647,14,adjacent_difference,12633,12632
12648,14,adjacent_difference,12634,12633
12649,14,adjacent_difference,12635,12634
12650,14,adjacent_difference,12636,12635
12651,14,adjacent_difference,12637,12636
12652,14,adjacent_difference,12638,12637
12653,14,adjacent_difference,12639,12638
12654,14,adjacent_difference,12640,12639
12655,14,adjacent_difference,12641,12640
12656,14,adjacent_difference,12642,12641
12657,14,adjacent_difference,12643,12642
12658,14,adjacent_difference,12644,12643
12659,14,adjacent_difference,12645,12644
12660,14,adjacent_difference,12646,12645
12661,14,adjacent_difference,12647,12646
12662,14,adjacent_difference,12648,12647
12663,14,adjacent_difference,12649,12648
12664,14,adjacent_difference,12650,12649
12665,14,adjacent_difference,12651,12650
12666,14,adjacent_difference,12652,12651
12667,14,adjacent_difference,12653,12652
12668,14,adjacent_difference,12654,12653
12669,14,adjacent_difference,12655,12654
12670,14,adjacent_difference,12656,12655
12671,14,adjacent_difference,12657,12656
12672,14,adjacent_difference,12658,12657
12673,14,adjacent_difference,12659,12658
12674,14,adjacent_difference,12660,12659
12675,14,adjacent_difference,12661,12660
12676,14,adjacent_difference,12662,12661
12677,14,adjacent_difference,12663,12662
12678,14,adjacent_difference,12664,12663
12679,14,adjacent_difference,12665,12664
12680,14,adjacent_difference,12666,12665
12681,14,adjacent_difference,12667,12666
12682,14,adjacent_difference,12668,12667
12683,14,adjacent_difference,12669,12668
12684,14,adjacent_difference,12670,12669
12685,14,adjacent_difference,12671,12670
12686,14,adjacent_difference,12672,12671
12687,14,adjacent_difference,12673,12672
12688,14,adjacent_difference,12674,12673
12689,14,terminal_inverse,-1,12674
12690,15,absolute_start,12675,-1
12691,15,adjacent_difference,12676,12675
12692,15,adjacent_difference,12677,12676
12693,15,adjacent_difference,12678,12677
12694,15,adjacent_difference,12679,12678
12695,15,adjacent_difference,12680,12679
12696,15,adjacent_difference,12681,12680
12697,15,adjacent_difference,12682,12681
12698,15,adjacent_difference,12683,12682
12699,15,adjacent_difference,12684,12683
12700,15,adjacent_difference,12685,12684
12701,15,adjacent_difference,12686,12685
12702,15,adjacent_difference,12687,12686
12703,15,adjacent_difference,12688,12687
12704,15,adjacent_difference,12689,12688
12705,15,adjacent_difference,12690,12689
12706,15,adjacent_difference,12691,12690
12707,15,adjacent_difference,12692,12691
12708,15,adjacent_difference,12693,12692
12709,15,adjacent_difference,12694,12693
12710,15,adjacent_difference,12695,12694
12711,15,adjacent_difference,12696,12695
12712,15,adjacent_difference,12697,12696
12713,15,adjacent_difference,12698,12697
12714,15,adjacent_difference,12699,12698
12715,15,adjacent_difference,12700,12699
12716,15,adjacent_difference,12701,12700
12717,15,adjacent_difference,12702,12701
12718,15,adjacent_difference,12703,12702
12719,15,adjacent_difference,12704,12703
12720,15,adjacent_difference,12705,12704
12721,15,adjacent_difference,12706,12705
12722,15,adjacent_difference,12707,12706
12723,15,adjacent_difference,12708,12707
12724,15,adjacent_difference,12709,12708
12725,15,adjacent_difference,12710,12709
12726,15,adjacent_difference,12711,12710
12727,15,adjacent_difference,12712,12711
12728,15,adjacent_difference,12713,12712
12729,15,adjacent_difference,12714,12713
12730,15,adjacent_difference,12715,12714
12731,15,adjacent_difference,12716,12715
12732,15,adjacent_difference,12717,12716
12733,15,adjacent_difference,12718,12717
12734,15,adjacent_difference,12719,12718
12735,15,adjacent_difference,12720,12719
12736,15,adjacent_difference,12721,12720
12737,15,adjacent_difference,12722,12721
12738,15,adjacent_difference,12723,12722
12739,15,adjacent_difference,12724,12723
12740,15,adjacent_difference,12725,12724
12741,15,adjacent_difference,12726,12725
12742,15,adjacent_difference,12727,12726
12743,15,adjacent_difference,12728,12727
12744,15,adjacent_difference,12729,12728
12745,15,adjacent_difference,12730,12729
12746,15,adjacent_difference,12731,12730
12747,15,adjacent_difference,12732,12731
12748,15,adjacent_difference,12733,12732
12749,15,adjacent_difference,12734,12733
12750,15,adjacent_difference,12735,12734
12751,15,adjacent_difference,12736,12735
12752,15,adjacent_difference,12737,12736
12753,15,adjacent_difference,12738,12737
12754,15,adjacent_difference,12739,12738
12755,15,adjacent_difference,12740,12739
12756,15,adjacent_difference,12741,12740
12757,15,adjacent_difference,12742,12741
12758,15,adjacent_difference,12743,12742
12759,15,adjacent_difference,12744,12743
12760,15,adjacent_difference,12745,12744
12761,15,adjacent_difference,12746,12745
12762,15,adjacent_difference,12747,12746
12763,15,adjacent_difference,12748,12747
12764,15,adjacent_difference,12749,12748
12765,15,adjacent_difference,12750,12749
12766,15,adjacent_difference,12751,12750
12767,15,adjacent_difference,12752,12751
12768,15,adjacent_difference,12753,12752
12769,15,adjacent_difference,12754,12753
12770,15,adjacent_difference,12755,12754
12771,15,adjacent_difference,12756,12755
12772,15,adjacent_difference,12757,12756
12773,15,adjacent_difference,12758,12757
12774,15,adjacent_difference,12759,12758
12775,15,adjacent_difference,12760,12759
12776,15,adjacent_difference,12761,12760
12777,15,adjacent_difference,12762,12761
12778,15,adjacent_difference,12763,12762
12779,15,adjacent_difference,12764,12763
12780,15,adjacent_difference,12765,12764
12781,15,adjacent_difference,12766,12765
12782,15,adjacent_difference,12767,12766
12783,15,adjacent_difference,12768,12767
12784,15,adjacent_difference,12769,12768
12785,15,adjacent_difference,12770,12769
12786,15,adjacent_difference,12771,12770
12787,15,adjacent_difference,12772,12771
12788,15,adjacent_difference,12773,12772
12789,15,adjacent_difference,12774,12773
12790,15,adjacent_difference,12775,12774
12791,15,adjacent_difference,12776,12775
12792,15,adjacent_difference,12777,12776
12793,15,adjacent_difference,12778,12777
12794,15,adjacent_difference,12779,12778
12795,15,adjacent_difference,12780,12779
12796,15,adjacent_difference,12781,12780
12797,15,adjacent_difference,12782,12781
12798,15,adjacent_difference,12783,12782
12799,15,adjacent_difference,12784,12783
12800,15,adjacent_difference,12785,12784
12801,15,adjacent_difference,12786,12785
12802,15,adjacent_difference,12787,12786
12803,15,adjacent_difference,12788,12787
12804,15,adjacent_difference,12789,12788
12805,15,adjacent_difference,12790,12789
12806,15,adjacent_difference,12791,12790
12807,15,adjacent_difference,12792,12791
12808,15,adjacent_difference,12793,12792
12809,15,adjacent_difference,12794,12793
12810,15,adjacent_difference,12795,12794
12811,15,adjacent_difference,12796,12795
12812,15,adjacent_difference,12797,12796
12813,15,adjacent_difference,12798,12797
12814,15,adjacent_difference,12799,12798
12815,15,adjacent_difference,12800,12799
12816,15,adjacent_difference,12801,12800
12817,15,adjacent_difference,12802,12801
12818,15,adjacent_difference,12803,12802
12819,15,adjacent_difference,12804,12803
12820,15,adjacent_difference,12805,12804
12821,15,adjacent_difference,12806,12805
12822,15,adjacent_difference,12807,12806
12823,15,adjacent_difference,12808,12807
12824,15,adjacent_difference,12809,12808
12825,15,adjacent_difference,12810,12809
12826,15,adjacent_difference,12811,12810
12827,15,adjacent_difference,12812,12811
12828,15,adjacent_difference,12813,12812
12829,15,adjacent_difference,12814,12813
12830,15,adjacent_difference,12815,12814
12831,15,adjacent_difference,12816,12815
12832,15,adjacent_difference,12817,12816
12833,15,adjacent_difference,12818,12817
12834,15,adjacent_difference,12819,12818
12835,15,adjacent_difference,12820,12819
12836,15,adjacent_difference,12821,12820
12837,15,adjacent_difference,12822,12821
12838,15,adjacent_difference,12823,12822
12839,15,adjacent_difference,12824,12823
12840,15,adjacent_difference,12825,12824
12841,15,adjacent_difference,12826,12825
12842,15,adjacent_difference,12827,12826
12843,15,adjacent_difference,12828,12827
12844,15,adjacent_difference,12829,12828
12845,15,adjacent_difference,12830,12829
12846,15,adjacent_difference,12831,12830
12847,15,adjacent_difference,12832,12831
12848,15,adjacent_difference,12833,12832
12849,15,adjacent_difference,12834,12833
12850,15,adjacent_difference,12835,12834
12851,15,adjacent_difference,12836,12835
12852,15,adjacent_difference,12837,12836
12853,15,adjacent_difference,12838,12837
12854,15,adjacent_difference,12839,12838
12855,15,adjacent_difference,12840,12839
12856,15,adjacent_difference,12841,12840
12857,15,adjacent_difference,12842,12841
12858,15,adjacent_difference,12843,12842
12859,15,adjacent_difference,12844,12843
12860,15,adjacent_difference,12845,12844
12861,15,adjacent_difference,12846,12845
12862,15,adjacent_difference,12847,12846
12863,15,adjacent_difference,12848,12847
12864,15,adjacent_difference,12849,12848
12865,15,adjacent_difference,12850,12849
12866,15,adjacent_difference,12851,12850
12867,15,adjacent_difference,12852,12851
12868,15,adjacent_difference,12853,12852
12869,15,adjacent_difference,12854,12853
12870,15,adjacent_difference,12855,12854
12871,15,adjacent_difference,12856,12855
12872,15,adjacent_difference,12857,12856
12873,15,adjacent_difference,12858,12857
12874,15,adjacent_difference,12859,12858
12875,15,adjacent_difference,12860,12859
12876,15,adjacent_difference,12861,12860
12877,15,adjacent_difference,12862,12861
12878,15,adjacent_difference,12863,12862
12879,15,adjacent_difference,12864,12863
12880,15,adjacent_difference,12865,12864
12881,15,adjacent_difference,12866,12865
12882,15,adjacent_difference,12867,12866
12883,15,adjacent_difference,12868,12867
12884,15,adjacent_difference,12869,12868
12885,15,adjacent_difference,12870,12869
12886,15,adjacent_difference,12871,12870
12887,15,adjacent_difference,12872,12871
12888,15,adjacent_difference,12873,12872
12889,15,adjacent_difference,12874,12873
12890,15,adjacent_difference,12875,12874
12891,15,adjacent_difference,12876,12875
12892,15,adjacent_difference,12877,12876
12893,15,adjacent_difference,12878,12877
12894,15,adjacent_difference,12879,12878
12895,15,adjacent_difference,12880,12879
12896,15,adjacent_difference,12881,12880
12897,15,adjacent_difference,12882,12881
12898,15,adjacent_difference,12883,12882
12899,15,adjacent_difference,12884,12883
12900,15,adjacent_difference,12885,12884
12901,15,adjacent_difference,12886,12885
12902,15,adjacent_difference,12887,12886
12903,15,adjacent_difference,12888,12887
12904,15,adjacent_difference,12889,12888
12905,15,adjacent_difference,12890,12889
12906,15,adjacent_difference,12891,12890
12907,15,adjacent_difference,12892,12891
12908,15,adjacent_difference,12893,12892
12909,15,adjacent_difference,12894,12893
12910,15,adjacent_difference,12895,12894
12911,15,adjacent_difference,12896,12895
12912,15,adjacent_difference,12897,12896
12913,15,adjacent_difference,12898,12897
12914,15,adjacent_difference,12899,12898
12915,15,adjacent_difference,12900,12899
12916,15,adjacent_difference,12901,12900
12917,15,adjacent_difference,12902,12901
12918,15,adjacent_difference,12903,12902
12919,15,adjacent_difference,12904,12903
12920,15,adjacent_difference,12905,12904
12921,15,adjacent_difference,12906,12905
12922,15,adjacent_difference,12907,12906
12923,15,adjacent_difference,12908,12907
12924,15,adjacent_difference,12909,12908
12925,15,adjacent_difference,12910,12909
12926,15,adjacent_difference,12911,12910
12927,15,adjacent_difference,12912,12911
12928,15,adjacent_difference,12913,12912
12929,15,adjacent_difference,12914,12913
12930,15,adjacent_difference,12915,12914
12931,15,adjacent_difference,12916,12915
12932,15,adjacent_difference,12917,12916
12933,15,adjacent_difference,12918,12917
12934,15,adjacent_difference,12919,12918
12935,15,adjacent_difference,12920,12919
12936,15,adjacent_difference,12921,12920
12937,15,adjacent_difference,12922,12921
12938,15,adjacent_difference,12923,12922
12939,15,adjacent_difference,12924,12923
12940,15,adjacent_difference,12925,12924
12941,15,adjacent_difference,12926,12925
12942,15,adjacent_difference,12927,12926
12943,15,adjacent_difference,12928,12927
12944,15,adjacent_difference,12929,12928
12945,15,adjacent_difference,12930,12929
12946,15,adjacent_difference,12931,12930
12947,15,adjacent_difference,12932,12931
12948,15,adjacent_difference,12933,12932
12949,15,adjacent_difference,12934,12933
12950,15,adjacent_difference,12935,12934
12951,15,adjacent_difference,12936,12935
12952,15,adjacent_difference,12937,12936
12953,15,adjacent_difference,12938,12937
12954,15,adjacent_difference,12939,12938
12955,15,adjacent_difference,12940,12939
12956,15,adjacent_difference,12941,12940
12957,15,adjacent_difference,12942,12941
12958,15,adjacent_difference,12943,12942
12959,15,adjacent_difference,12944,12943
12960,15,adjacent_difference,12945,12944
12961,15,adjacent_difference,12946,12945
12962,15,adjacent_difference,12947,12946
12963,15,adjacent_difference,12948,12947
12964,15,adjacent_difference,12949,12948
12965,15,adjacent_difference,12950,12949
12966,15,adjacent_difference,12951,12950
12967,15,adjacent_difference,12952,12951
12968,15,adjacent_difference,12953,12952
12969,15,adjacent_difference,12954,12953
12970,15,adjacent_difference,12955,12954
12971,15,adjacent_difference,12956,12955
12972,15,adjacent_difference,12957,12956
12973,15,adjacent_difference,12958,12957
12974,15,adjacent_difference,12959,12958
12975,15,adjacent_difference,12960,12959
12976,15,adjacent_difference,12961,12960
12977,15,adjacent_difference,12962,12961
12978,15,adjacent_difference,12963,12962
12979,15,adjacent_difference,12964,12963
12980,15,adjacent_difference,12965,12964
12981,15,adjacent_difference,12966,12965
12982,15,adjacent_difference,12967,12966
12983,15,adjacent_difference,12968,12967
12984,15,adjacent_difference,12969,12968
12985,15,adjacent_difference,12970,12969
12986,15,adjacent_difference,12971,12970
12987,15,adjacent_difference,12972,12971
12988,15,adjacent_difference,12973,12972
12989,15,adjacent_difference,12974,12973
12990,15,adjacent_difference,12975,12974
12991,15,adjacent_difference,12976,12975
12992,15,adjacent_difference,12977,12976
12993,15,adjacent_difference,12978,12977
12994,15,adjacent_difference,12979,12978
12995,15,adjacent_difference,12980,12979
12996,15,adjacent_difference,12981,12980
12997,15,adjacent_difference,12982,12981
12998,15,adjacent_difference,12983,12982
12999,15,adjacent_difference,12984,12983
13000,15,adjacent_difference,12985,12984
13001,15,adjacent_difference,12986,12985
13002,15,adjacent_difference,12987,12986
13003,15,adjacent_difference,12988,12987
13004,15,adjacent_difference,12989,12988
13005,15,adjacent_difference,12990,12989
13006,15,adjacent_difference,12991,12990
13007,15,adjacent_difference,12992,12991
13008,15,adjacent_difference,12993,12992
13009,15,adjacent_difference,12994,12993
13010,15,adjacent_difference,12995,12994
13011,15,adjacent_difference,12996,12995
13012,15,adjacent_difference,12997,12996
13013,15,adjacent_difference,12998,12997
13014,15,adjacent_difference,12999,12998
13015,15,adjacent_difference,13000,12999
13016,15,adjacent_difference,13001,13000
13017,15,adjacent_difference,13002,13001
13018,15,adjacent_difference,13003,13002
13019,15,adjacent_difference,13004,13003
13020,15,adjacent_difference,13005,13004
13021,15,adjacent_difference,13006,13005
13022,15,adjacent_difference,13007,13006
13023,15,adjacent_difference,13008,13007
13024,15,adjacent_difference,13009,13008
13025,15,adjacent_difference,13010,13009
13026,15,adjacent_difference,13011,13010
13027,15,adjacent_difference,13012,13011
13028,15,adjacent_difference,13013,13012
13029,15,adjacent_difference,13014,13013
13030,15,adjacent_difference,13015,13014
13031,15,adjacent_difference,13016,13015
13032,15,adjacent_difference,13017,13016
13033,15,adjacent_difference,13018,13017
13034,15,adjacent_difference,13019,13018
13035,15,adjacent_difference,13020,13019
13036,15,adjacent_difference,13021,13020
13037,15,adjacent_difference,13022,13021
13038,15,adjacent_difference,13023,13022
13039,15,adjacent_difference,13024,13023
13040,15,adjacent_difference,13025,13024
13041,15,adjacent_difference,13026,13025
13042,15,adjacent_difference,13027,13026
13043,15,adjacent_difference,13028,13027
13044,15,adjacent_difference,13029,13028
13045,15,adjacent_difference,13030,13029
13046,15,adjacent_difference,13031,13030
13047,15,adjacent_difference,13032,13031
13048,15,adjacent_difference,13033,13032
13049,15,adjacent_difference,13034,13033
13050,15,adjacent_difference,13035,13034
13051,15,adjacent_difference,13036,13035
13052,15,adjacent_difference,13037,13036
13053,15,adjacent_difference,13038,13037
13054,15,adjacent_difference,13039,13038
13055,15,adjacent_difference,13040,13039
13056,15,adjacent_difference,13041,13040
13057,15,adjacent_difference,13042,13041
13058,15,adjacent_difference,13043,13042
13059,15,adjacent_difference,13044,13043
13060,15,adjacent_difference,13045,13044
13061,15,adjacent_difference,13046,13045
13062,15,adjacent_difference,13047,13046
13063,15,adjacent_difference,13048,13047
13064,15,adjacent_difference,13049,13048
13065,15,adjacent_difference,13050,13049
13066,15,adjacent_difference,13051,13050
13067,15,adjacent_difference,13052,13051
13068,15,adjacent_difference,13053,13052
13069,15,adjacent_difference,13054,13053
13070,15,adjacent_difference,13055,13054
13071,15,adjacent_difference,13056,13055
13072,15,adjacent_difference,13057,13056
13073,15,adjacent_difference,13058,13057
13074,15,adjacent_difference,13059,13058
13075,15,adjacent_difference,13060,13059
13076,15,adjacent_difference,13061,13060
13077,15,adjacent_difference,13062,13061
13078,15,adjacent_difference,13063,13062
13079,15,adjacent_difference,13064,13063
13080,15,adjacent_difference,13065,13064
13081,15,adjacent_difference,13066,13065
13082,15,adjacent_difference,13067,13066
13083,15,adjacent_difference,13068,13067
13084,15,adjacent_difference,13069,13068
13085,15,adjacent_difference,13070,13069
13086,15,adjacent_difference,13071,13070
13087,15,adjacent_difference,13072,13071
13088,15,adjacent_difference,13073,13072
13089,15,adjacent_difference,13074,13073
13090,15,adjacent_difference,13075,13074
13091,15,adjacent_difference,13076,13075
13092,15,adjacent_difference,13077,13076
13093,15,adjacent_difference,13078,13077
13094,15,adjacent_difference,13079,13078
13095,15,adjacent_difference,13080,13079
13096,15,adjacent_difference,13081,13080
13097,15,adjacent_difference,13082,13081
13098,15,adjacent_difference,13083,13082
13099,15,adjacent_difference,13084,13083
13100,15,adjacent_difference,13085,13084
13101,15,adjacent_difference,13086,13085
13102,15,adjacent_difference,13087,13086
13103,15,adjacent_difference,13088,13087
13104,15,adjacent_difference,13089,13088
13105,15,adjacent_difference,13090,13089
13106,15,adjacent_difference,13091,13090
13107,15,adjacent_difference,13092,13091
13108,15,adjacent_difference,13093,13092
13109,15,adjacent_difference,13094,13093
13110,15,adjacent_difference,13095,13094
13111,15,adjacent_difference,13096,13095
13112,15,adjacent_difference,13097,13096
13113,15,adjacent_difference,13098,13097
13114,15,adjacent_difference,13099,13098
13115,15,adjacent_difference,13100,13099
13116,15,adjacent_difference,13101,13100
13117,15,adjacent_difference,13102,13101
13118,15,adjacent_difference,13103,13102
13119,15,adjacent_difference,13104,13103
13120,15,adjacent_difference,13105,13104
13121,15,adjacent_difference,13106,13105
13122,15,adjacent_difference,13107,13106
13123,15,adjacent_difference,13108,13107
13124,15,adjacent_difference,13109,13108
13125,15,adjacent_difference,13110,13109
13126,15,adjacent_difference,13111,13110
13127,15,adjacent_difference,13112,13111
13128,15,adjacent_difference,13113,13112
13129,15,adjacent_difference,13114,13113
13130,15,adjacent_difference,13115,13114
13131,15,adjacent_difference,13116,13115
13132,15,adjacent_difference,13117,13116
13133,15,adjacent_difference,13118,13117
13134,15,adjacent_difference,13119,13118
13135,15,adjacent_difference,13120,13119
13136,15,adjacent_difference,13121,13120
13137,15,adjacent_difference,13122,13121
13138,15,adjacent_difference,13123,13122
13139,15,adjacent_difference,13124,13123
13140,15,adjacent_difference,13125,13124
13141,15,adjacent_difference,13126,13125
13142,15,adjacent_difference,13127,13126
13143,15,adjacent_difference,13128,13127
13144,15,adjacent_difference,13129,13128
13145,15,adjacent_difference,13130,13129
13146,15,adjacent_difference,13131,13130
13147,15,adjacent_difference,13132,13131
13148,15,adjacent_difference,13133,13132
13149,15,adjacent_difference,13134,13133
13150,15,adjacent_difference,13135,13134
13151,15,adjacent_difference,13136,13135
13152,15,adjacent_difference,13137,13136
13153,15,adjacent_difference,13138,13137
13154,15,adjacent_difference,13139,13138
13155,15,adjacent_difference,13140,13139
13156,15,adjacent_difference,13141,13140
13157,15,adjacent_difference,13142,13141
13158,15,adjacent_difference,13143,13142
13159,15,adjacent_difference,13144,13143
13160,15,adjacent_difference,13145,13144
13161,15,adjacent_difference,13146,13145
13162,15,adjacent_difference,13147,13146
13163,15,adjacent_difference,13148,13147
13164,15,adjacent_difference,13149,13148
13165,15,adjacent_difference,13150,13149
13166,15,adjacent_difference,13151,13150
13167,15,adjacent_difference,13152,13151
13168,15,adjacent_difference,13153,13152
13169,15,adjacent_difference,13154,13153
13170,15,adjacent_difference,13155,13154
13171,15,adjacent_difference,13156,13155
13172,15,adjacent_difference,13157,13156
13173,15,adjacent_difference,13158,13157
13174,15,adjacent_difference,13159,13158
13175,15,adjacent_difference,13160,13159
13176,15,adjacent_difference,13161,13160
13177,15,adjacent_difference,13162,13161
13178,15,adjacent_difference,13163,13162
13179,15,adjacent_difference,13164,13163
13180,15,adjacent_difference,13165,13164
13181,15,adjacent_difference,13166,13165
13182,15,adjacent_difference,13167,13166
13183,15,adjacent_difference,13168,13167
13184,15,adjacent_difference,13169,13168
13185,15,adjacent_difference,13170,13169
13186,15,adjacent_difference,13171,13170
13187,15,adjacent_difference,13172,13171
13188,15,adjacent_difference,13173,13172
13189,15,adjacent_difference,13174,13173
13190,15,adjacent_difference,13175,13174
13191,15,adjacent_difference,13176,13175
13192,15,adjacent_difference,13177,13176
13193,15,adjacent_difference,13178,13177
13194,15,adjacent_difference,13179,13178
13195,15,adjacent_difference,13180,13179
13196,15,adjacent_difference,13181,13180
13197,15,adjacent_difference,13182,13181
13198,15,adjacent_difference,13183,13182
13199,15,adjacent_difference,13184,13183
13200,15,adjacent_difference,13185,13184
13201,15,adjacent_difference,13186,13185
13202,15,adjacent_difference,13187,13186
13203,15,adjacent_difference,13188,13187
13204,15,adjacent_difference,13189,13188
13205,15,adjacent_difference,13190,13189
13206,15,adjacent_difference,13191,13190
13207,15,adjacent_difference,13192,13191
13208,15,adjacent_difference,13193,13192
13209,15,adjacent_difference,13194,13193
13210,15,adjacent_difference,13195,13194
13211,15,adjacent_difference,13196,13195
13212,15,adjacent_difference,13197,13196
13213,15,adjacent_difference,13198,13197
13214,15,adjacent_difference,13199,13198
13215,15,adjacent_difference,13200,13199
13216,15,adjacent_difference,13201,13200
13217,15,adjacent_difference,13202,13201
13218,15,adjacent_difference,13203,13202
13219,15,adjacent_difference,13204,13203
13220,15,adjacent_difference,13205,13204
13221,15,adjacent_difference,13206,13205
13222,15,adjacent_difference,13207,13206
13223,15,adjacent_difference,13208,13207
13224,15,adjacent_difference,13209,13208
13225,15,adjacent_difference,13210,13209
13226,15,adjacent_difference,13211,13210
13227,15,adjacent_difference,13212,13211
13228,15,adjacent_difference,13213,13212
13229,15,adjacent_difference,13214,13213
13230,15,adjacent_difference,13215,13214
13231,15,adjacent_difference,13216,13215
13232,15,adjacent_difference,13217,13216
13233,15,adjacent_difference,13218,13217
13234,15,adjacent_difference,13219,13218
13235,15,adjacent_difference,13220,13219
13236,15,adjacent_difference,13221,13220
13237,15,adjacent_difference,13222,13221
13238,15,adjacent_difference,13223,13222
13239,15,adjacent_difference,13224,13223
13240,15,adjacent_difference,13225,13224
13241,15,adjacent_difference,13226,13225
13242,15,adjacent_difference,13227,13226
13243,15,adjacent_difference,13228,13227
13244,15,adjacent_difference,13229,13228
13245,15,adjacent_difference,13230,13229
13246,15,adjacent_difference,13231,13230
13247,15,adjacent_difference,13232,13231
13248,15,adjacent_difference,13233,13232
13249,15,adjacent_difference,13234,13233
13250,15,adjacent_difference,13235,13234
13251,15,adjacent_difference,13236,13235
13252,15,adjacent_difference,13237,13236
13253,15,adjacent_difference,13238,13237
13254,15,adjacent_difference,13239,13238
13255,15,adjacent_difference,13240,13239
13256,15,adjacent_difference,13241,13240
13257,15,adjacent_difference,13242,13241
13258,15,adjacent_difference,13243,13242
13259,15,adjacent_difference,13244,13243
13260,15,adjacent_difference,13245,13244
13261,15,adjacent_difference,13246,13245
13262,15,adjacent_difference,13247,13246
13263,15,adjacent_difference,13248,13247
13264,15,adjacent_difference,13249,13248
13265,15,adjacent_difference,13250,13249
13266,15,adjacent_difference,13251,13250
13267,15,adjacent_difference,13252,13251
13268,15,adjacent_difference,13253,13252
13269,15,adjacent_difference,13254,13253
13270,15,adjacent_difference,13255,13254
13271,15,adjacent_difference,13256,13255
13272,15,adjacent_difference,13257,13256
13273,15,adjacent_difference,13258,13257
13274,15,adjacent_difference,13259,13258
13275,15,adjacent_difference,13260,13259
13276,15,adjacent_difference,13261,13260
13277,15,adjacent_difference,13262,13261
13278,15,adjacent_difference,13263,13262
13279,15,adjacent_difference,13264,13263
13280,15,adjacent_difference,13265,13264
13281,15,adjacent_difference,13266,13265
13282,15,adjacent_difference,13267,13266
13283,15,adjacent_difference,13268,13267
13284,15,adjacent_difference,13269,13268
13285,15,adjacent_difference,13270,13269
13286,15,adjacent_difference,13271,13270
13287,15,adjacent_difference,13272,13271
13288,15,adjacent_difference,13273,13272
13289,15,adjacent_difference,13274,13273
13290,15,adjacent_difference,13275,13274
13291,15,adjacent_difference,13276,13275
13292,15,adjacent_difference,13277,13276
13293,15,adjacent_difference,13278,13277
13294,15,adjacent_difference,13279,13278
13295,15,adjacent_difference,13280,13279
13296,15,adjacent_difference,13281,13280
13297,15,adjacent_difference,13282,13281
13298,15,adjacent_difference,13283,13282
13299,15,adjacent_difference,13284,13283
13300,15,adjacent_difference,13285,13284
13301,15,adjacent_difference,13286,13285
13302,15,adjacent_difference,13287,13286
13303,15,adjacent_difference,13288,13287
13304,15,adjacent_difference,13289,13288
13305,15,adjacent_difference,13290,13289
13306,15,adjacent_difference,13291,13290
13307,15,adjacent_difference,13292,13291
13308,15,adjacent_difference,13293,13292
13309,15,adjacent_difference,13294,13293
13310,15,adjacent_difference,13295,13294
13311,15,adjacent_difference,13296,13295
13312,15,adjacent_difference,13297,13296
13313,15,adjacent_difference,13298,13297
13314,15,adjacent_difference,13299,13298
13315,15,adjacent_difference,13300,13299
13316,15,adjacent_difference,13301,13300
13317,15,adjacent_difference,13302,13301
13318,15,adjacent_difference,13303,13302
13319,15,adjacent_difference,13304,13303
13320,15,adjacent_difference,13305,13304
13321,15,adjacent_difference,13306,13305
13322,15,adjacent_difference,13307,13306
13323,15,adjacent_difference,13308,13307
13324,15,adjacent_difference,13309,13308
13325,15,adjacent_difference,13310,13309
13326,15,adjacent_difference,13311,13310
13327,15,adjacent_difference,13312,13311
13328,15,adjacent_difference,13313,13312
13329,15,adjacent_difference,13314,13313
13330,15,adjacent_difference,13315,13314
13331,15,adjacent_difference,13316,13315
13332,15,adjacent_difference,13317,13316
13333,15,adjacent_difference,13318,13317
13334,15,adjacent_difference,13319,13318
13335,15,adjacent_difference,13320,13319
13336,15,adjacent_difference,13321,13320
13337,15,adjacent_difference,13322,13321
13338,15,adjacent_difference,13323,13322
13339,15,adjacent_difference,13324,13323
13340,15,adjacent_difference,13325,13324
13341,15,adjacent_difference,13326,13325
13342,15,adjacent_difference,13327,13326
13343,15,adjacent_difference,13328,13327
13344,15,adjacent_difference,13329,13328
13345,15,adjacent_difference,13330,13329
13346,15,adjacent_difference,13331,13330
13347,15,adjacent_difference,13332,13331
13348,15,adjacent_difference,13333,13332
13349,15,adjacent_difference,13334,13333
13350,15,adjacent_difference,13335,13334
13351,15,adjacent_difference,13336,13335
13352,15,adjacent_difference,13337,13336
13353,15,adjacent_difference,13338,13337
13354,15,adjacent_difference,13339,13338
13355,15,adjacent_difference,13340,13339
13356,15,adjacent_difference,13341,13340
13357,15,adjacent_difference,13342,13341
13358,15,adjacent_difference,13343,13342
13359,15,adjacent_difference,13344,13343
13360,15,adjacent_difference,13345,13344
13361,15,adjacent_difference,13346,13345
13362,15,adjacent_difference,13347,13346
13363,15,adjacent_difference,13348,13347
13364,15,adjacent_difference,13349,13348
13365,15,adjacent_difference,13350,13349
13366,15,adjacent_difference,13351,13350
13367,15,adjacent_difference,13352,13351
13368,15,adjacent_difference,13353,13352
13369,15,adjacent_difference,13354,13353
13370,15,adjacent_difference,13355,13354
13371,15,adjacent_difference,13356,13355
13372,15,adjacent_difference,13357,13356
13373,15,adjacent_difference,13358,13357
13374,15,adjacent_difference,13359,13358
13375,15,adjacent_difference,13360,13359
13376,15,adjacent_difference,13361,13360
13377,15,adjacent_difference,13362,13361
13378,15,adjacent_difference,13363,13362
13379,15,adjacent_difference,13364,13363
13380,15,adjacent_difference,13365,13364
13381,15,adjacent_difference,13366,13365
13382,15,adjacent_difference,13367,13366
13383,15,adjacent_difference,13368,13367
13384,15,adjacent_difference,13369,13368
13385,15,adjacent_difference,13370,13369
13386,15,adjacent_difference,13371,13370
13387,15,adjacent_difference,13372,13371
13388,15,adjacent_difference,13373,13372
13389,15,adjacent_difference,13374,13373
13390,15,adjacent_difference,13375,13374
13391,15,adjacent_difference,13376,13375
13392,15,adjacent_difference,13377,13376
13393,15,adjacent_difference,13378,13377
13394,15,adjacent_difference,13379,13378
13395,15,adjacent_difference,13380,13379
13396,15,adjacent_difference,13381,13380
13397,15,adjacent_difference,13382,13381
13398,15,adjacent_difference,13383,13382
13399,15,adjacent_difference,13384,13383
13400,15,adjacent_difference,13385,13384
13401,15,adjacent_difference,13386,13385
13402,15,adjacent_difference,13387,13386
13403,15,adjacent_difference,13388,13387
13404,15,adjacent_difference,13389,13388
13405,15,adjacent_difference,13390,13389
13406,15,adjacent_difference,13391,13390
13407,15,adjacent_difference,13392,13391
13408,15,adjacent_difference,13393,13392
13409,15,adjacent_difference,13394,13393
13410,15,adjacent_difference,13395,13394
13411,15,adjacent_difference,13396,13395
13412,15,adjacent_difference,13397,13396
13413,15,adjacent_difference,13398,13397
13414,15,adjacent_difference,13399,13398
13415,15,adjacent_difference,13400,13399
13416,15,adjacent_difference,13401,13400
13417,15,adjacent_difference,13402,13401
13418,15,adjacent_difference,13403,13402
13419,15,adjacent_difference,13404,13403
13420,15,adjacent_difference,13405,13404
13421,15,adjacent_difference,13406,13405
13422,15,adjacent_difference,13407,13406
13423,15,adjacent_difference,13408,13407
13424,15,adjacent_difference,13409,13408
13425,15,adjacent_difference,13410,13409
13426,15,adjacent_difference,13411,13410
13427,15,adjacent_difference,13412,13411
13428,15,adjacent_difference,13413,13412
13429,15,adjacent_difference,13414,13413
13430,15,adjacent_difference,13415,13414
13431,15,adjacent_difference,13416,13415
13432,15,adjacent_difference,13417,13416
13433,15,adjacent_difference,13418,13417
13434,15,adjacent_difference,13419,13418
13435,15,adjacent_difference,13420,13419
13436,15,adjacent_difference,13421,13420
13437,15,adjacent_difference,13422,13421
13438,15,adjacent_difference,13423,13422
13439,15,adjacent_difference,13424,13423
13440,15,adjacent_difference,13425,13424
13441,15,adjacent_difference,13426,13425
13442,15,adjacent_difference,13427,13426
13443,15,adjacent_difference,13428,13427
13444,15,adjacent_difference,13429,13428
13445,15,adjacent_difference,13430,13429
13446,15,adjacent_difference,13431,13430
13447,15,adjacent_difference,13432,13431
13448,15,adjacent_difference,13433,13432
13449,15,adjacent_difference,13434,13433
13450,15,adjacent_difference,13435,13434
13451,15,adjacent_difference,13436,13435
13452,15,adjacent_difference,13437,13436
13453,15,adjacent_difference,13438,13437
13454,15,adjacent_difference,13439,13438
13455,15,adjacent_difference,13440,13439
13456,15,adjacent_difference,13441,13440
13457,15,adjacent_difference,13442,13441
13458,15,adjacent_difference,13443,13442
13459,15,adjacent_difference,13444,13443
13460,15,adjacent_difference,13445,13444
13461,15,adjacent_difference,13446,13445
13462,15,adjacent_difference,13447,13446
13463,15,adjacent_difference,13448,13447
13464,15,adjacent_difference,13449,13448
13465,15,adjacent_difference,13450,13449
13466,15,adjacent_difference,13451,13450
13467,15,adjacent_difference,13452,13451
13468,15,adjacent_difference,13453,13452
13469,15,adjacent_difference,13454,13453
13470,15,adjacent_difference,13455,13454
13471,15,adjacent_difference,13456,13455
13472,15,adjacent_difference,13457,13456
13473,15,adjacent_difference,13458,13457
13474,15,adjacent_difference,13459,13458
13475,15,adjacent_difference,13460,13459
13476,15,adjacent_difference,13461,13460
13477,15,adjacent_difference,13462,13461
13478,15,adjacent_difference,13463,13462
13479,15,adjacent_difference,13464,13463
13480,15,adjacent_difference,13465,13464
13481,15,adjacent_difference,13466,13465
13482,15,adjacent_difference,13467,13466
13483,15,adjacent_difference,13468,13467
13484,15,adjacent_difference,13469,13468
13485,15,adjacent_difference,13470,13469
13486,15,adjacent_difference,13471,13470
13487,15,adjacent_difference,13472,13471
13488,15,adjacent_difference,13473,13472
13489,15,adjacent_difference,13474,13473
13490,15,adjacent_difference,13475,13474
13491,15,adjacent_difference,13476,13475
13492,15,adjacent_difference,13477,13476
13493,15,adjacent_difference,13478,13477
13494,15,adjacent_difference,13479,13478
13495,15,adjacent_difference,13480,13479
13496,15,adjacent_difference,13481,13480
13497,15,adjacent_difference,13482,13481
13498,15,adjacent_difference,13483,13482
13499,15,adjacent_difference,13484,13483
13500,15,adjacent_difference,13485,13484
13501,15,adjacent_difference,13486,13485
13502,15,adjacent_difference,13487,13486
13503,15,adjacent_difference,13488,13487
13504,15,adjacent_difference,13489,13488
13505,15,adjacent_difference,13490,13489
13506,15,adjacent_difference,13491,13490
13507,15,adjacent_difference,13492,13491
13508,15,adjacent_difference,13493,13492
13509,15,adjacent_difference,13494,13493
13510,15,adjacent_difference,13495,13494
13511,15,adjacent_difference,13496,13495
13512,15,adjacent_difference,13497,13496
13513,15,adjacent_difference,13498,13497
13514,15,adjacent_difference,13499,13498
13515,15,adjacent_difference,13500,13499
13516,15,adjacent_difference,13501,13500
13517,15,adjacent_difference,13502,13501
13518,15,adjacent_difference,13503,13502
13519,15,adjacent_difference,13504,13503
13520,15,adjacent_difference,13505,13504
13521,15,adjacent_difference,13506,13505
13522,15,adjacent_difference,13507,13506
13523,15,adjacent_difference,13508,13507
13524,15,adjacent_difference,13509,13508
13525,15,adjacent_difference,13510,13509
13526,15,adjacent_difference,13511,13510
13527,15,adjacent_difference,13512,13511
13528,15,adjacent_difference,13513,13512
13529,15,adjacent_difference,13514,13513
13530,15,adjacent_difference,13515,13514
13531,15,adjacent_difference,13516,13515
13532,15,adjacent_difference,13517,13516
13533,15,adjacent_difference,13518,13517
13534,15,adjacent_difference,13519,13518
13535,15,terminal_inverse,-1,13519
13536,16,absolute_start,13520,-1
13537,16,adjacent_difference,13521,13520
13538,16,adjacent_difference,13522,13521
13539,16,adjacent_difference,13523,13522
13540,16,adjacent_difference,13524,13523
13541,16,adjacent_difference,13525,13524
13542,16,adjacent_difference,13526,13525
13543,16,adjacent_difference,13527,13526
13544,16,adjacent_difference,13528,13527
13545,16,adjacent_difference,13529,13528
13546,16,adjacent_difference,13530,13529
13547,16,adjacent_difference,13531,13530
13548,16,adjacent_difference,13532,13531
13549,16,adjacent_difference,13533,13532
13550,16,adjacent_difference,13534,13533
13551,16,adjacent_difference,13535,13534
13552,16,adjacent_difference,13536,13535
13553,16,adjacent_difference,13537,13536
13554,16,adjacent_difference,13538,13537
13555,16,adjacent_difference,13539,13538
13556,16,adjacent_difference,13540,13539
13557,16,adjacent_difference,13541,13540
13558,16,adjacent_difference,13542,13541
13559,16,adjacent_difference,13543,13542
13560,16,adjacent_difference,13544,13543
13561,16,adjacent_difference,13545,13544
13562,16,adjacent_difference,13546,13545
13563,16,adjacent_difference,13547,13546
13564,16,adjacent_difference,13548,13547
13565,16,adjacent_difference,13549,13548
13566,16,adjacent_difference,13550,13549
13567,16,adjacent_difference,13551,13550
13568,16,adjacent_difference,13552,13551
13569,16,adjacent_difference,13553,13552
13570,16,adjacent_difference,13554,13553
13571,16,adjacent_difference,13555,13554
13572,16,adjacent_difference,13556,13555
13573,16,adjacent_difference,13557,13556
13574,16,adjacent_difference,13558,13557
13575,16,adjacent_difference,13559,13558
13576,16,adjacent_difference,13560,13559
13577,16,adjacent_difference,13561,13560
13578,16,adjacent_difference,13562,13561
13579,16,adjacent_difference,13563,13562
13580,16,adjacent_difference,13564,13563
13581,16,adjacent_difference,13565,13564
13582,16,adjacent_difference,13566,13565
13583,16,adjacent_difference,13567,13566
13584,16,adjacent_difference,13568,13567
13585,16,adjacent_difference,13569,13568
13586,16,adjacent_difference,13570,13569
13587,16,adjacent_difference,13571,13570
13588,16,adjacent_difference,13572,13571
13589,16,adjacent_difference,13573,13572
13590,16,adjacent_difference,13574,13573
13591,16,adjacent_difference,13575,13574
13592,16,adjacent_difference,13576,13575
13593,16,adjacent_difference,13577,13576
13594,16,adjacent_difference,13578,13577
13595,16,adjacent_difference,13579,13578
13596,16,adjacent_difference,13580,13579
13597,16,adjacent_difference,13581,13580
13598,16,adjacent_difference,13582,13581
13599,16,adjacent_difference,13583,13582
13600,16,adjacent_difference,13584,13583
13601,16,adjacent_difference,13585,13584
13602,16,adjacent_difference,13586,13585
13603,16,adjacent_difference,13587,13586
13604,16,adjacent_difference,13588,13587
13605,16,adjacent_difference,13589,13588
13606,16,adjacent_difference,13590,13589
13607,16,adjacent_difference,13591,13590
13608,16,adjacent_difference,13592,13591
13609,16,adjacent_difference,13593,13592
13610,16,adjacent_difference,13594,13593
13611,16,adjacent_difference,13595,13594
13612,16,adjacent_difference,13596,13595
13613,16,adjacent_difference,13597,13596
13614,16,adjacent_difference,13598,13597
13615,16,adjacent_difference,13599,13598
13616,16,adjacent_difference,13600,13599
13617,16,adjacent_difference,13601,13600
13618,16,adjacent_difference,13602,13601
13619,16,adjacent_difference,13603,13602
13620,16,adjacent_difference,13604,13603
13621,16,adjacent_difference,13605,13604
13622,16,adjacent_difference,13606,13605
13623,16,adjacent_difference,13607,13606
13624,16,adjacent_difference,13608,13607
13625,16,adjacent_difference,13609,13608
13626,16,adjacent_difference,13610,13609
13627,16,adjacent_difference,13611,13610
13628,16,adjacent_difference,13612,13611
13629,16,adjacent_difference,13613,13612
13630,16,adjacent_difference,13614,13613
13631,16,adjacent_difference,13615,13614
13632,16,adjacent_difference,13616,13615
13633,16,adjacent_difference,13617,13616
13634,16,adjacent_difference,13618,13617
13635,16,adjacent_difference,13619,13618
13636,16,adjacent_difference,13620,13619
13637,16,adjacent_difference,13621,13620
13638,16,adjacent_difference,13622,13621
13639,16,adjacent_difference,13623,13622
13640,16,adjacent_difference,13624,13623
13641,16,adjacent_difference,13625,13624
13642,16,adjacent_difference,13626,13625
13643,16,adjacent_difference,13627,13626
13644,16,adjacent_difference,13628,13627
13645,16,adjacent_difference,13629,13628
13646,16,adjacent_difference,13630,13629
13647,16,adjacent_difference,13631,13630
13648,16,adjacent_difference,13632,13631
13649,16,adjacent_difference,13633,13632
13650,16,adjacent_difference,13634,13633
13651,16,adjacent_difference,13635,13634
13652,16,adjacent_difference,13636,13635
13653,16,adjacent_difference,13637,13636
13654,16,adjacent_difference,13638,13637
13655,16,adjacent_difference,13639,13638
13656,16,adjacent_difference,13640,13639
13657,16,adjacent_difference,13641,13640
13658,16,adjacent_difference,13642,13641
13659,16,adjacent_difference,13643,13642
13660,16,adjacent_difference,13644,13643
13661,16,adjacent_difference,13645,13644
13662,16,adjacent_difference,13646,13645
13663,16,adjacent_difference,13647,13646
13664,16,adjacent_difference,13648,13647
13665,16,adjacent_difference,13649,13648
13666,16,adjacent_difference,13650,13649
13667,16,adjacent_difference,13651,13650
13668,16,adjacent_difference,13652,13651
13669,16,adjacent_difference,13653,13652
13670,16,adjacent_difference,13654,13653
13671,16,adjacent_difference,13655,13654
13672,16,adjacent_difference,13656,13655
13673,16,adjacent_difference,13657,13656
13674,16,adjacent_difference,13658,13657
13675,16,adjacent_difference,13659,13658
13676,16,adjacent_difference,13660,13659
13677,16,adjacent_difference,13661,13660
13678,16,adjacent_difference,13662,13661
13679,16,adjacent_difference,13663,13662
13680,16,adjacent_difference,13664,13663
13681,16,adjacent_difference,13665,13664
13682,16,adjacent_difference,13666,13665
13683,16,adjacent_difference,13667,13666
13684,16,adjacent_difference,13668,13667
13685,16,adjacent_difference,13669,13668
13686,16,adjacent_difference,13670,13669
13687,16,adjacent_difference,13671,13670
13688,16,adjacent_difference,13672,13671
13689,16,adjacent_difference,13673,13672
13690,16,adjacent_difference,13674,13673
13691,16,adjacent_difference,13675,13674
13692,16,adjacent_difference,13676,13675
13693,16,adjacent_difference,13677,13676
13694,16,adjacent_difference,13678,13677
13695,16,adjacent_difference,13679,13678
13696,16,adjacent_difference,13680,13679
13697,16,adjacent_difference,13681,13680
13698,16,adjacent_difference,13682,13681
13699,16,adjacent_difference,13683,13682
13700,16,adjacent_difference,13684,13683
13701,16,adjacent_difference,13685,13684
13702,16,adjacent_difference,13686,13685
13703,16,adjacent_difference,13687,13686
13704,16,adjacent_difference,13688,13687
13705,16,adjacent_difference,13689,13688
13706,16,adjacent_difference,13690,13689
13707,16,adjacent_difference,13691,13690
13708,16,adjacent_difference,13692,13691
13709,16,adjacent_difference,13693,13692
13710,16,adjacent_difference,13694,13693
13711,16,adjacent_difference,13695,13694
13712,16,adjacent_difference,13696,13695
13713,16,adjacent_difference,13697,13696
13714,16,adjacent_difference,13698,13697
13715,16,adjacent_difference,13699,13698
13716,16,adjacent_difference,13700,13699
13717,16,adjacent_difference,13701,13700
13718,16,adjacent_difference,13702,13701
13719,16,adjacent_difference,13703,13702
13720,16,adjacent_difference,13704,13703
13721,16,adjacent_difference,13705,13704
13722,16,adjacent_difference,13706,13705
13723,16,adjacent_difference,13707,13706
13724,16,adjacent_difference,13708,13707
13725,16,adjacent_difference,13709,13708
13726,16,adjacent_difference,13710,13709
13727,16,adjacent_difference,13711,13710
13728,16,adjacent_difference,13712,13711
13729,16,adjacent_difference,13713,13712
13730,16,adjacent_difference,13714,13713
13731,16,adjacent_difference,13715,13714
13732,16,adjacent_difference,13716,13715
13733,16,adjacent_difference,13717,13716
13734,16,adjacent_difference,13718,13717
13735,16,adjacent_difference,13719,13718
13736,16,adjacent_difference,13720,13719
13737,16,adjacent_difference,13721,13720
13738,16,adjacent_difference,13722,13721
13739,16,adjacent_difference,13723,13722
13740,16,adjacent_difference,13724,13723
13741,16,adjacent_difference,13725,13724
13742,16,adjacent_difference,13726,13725
13743,16,adjacent_difference,13727,13726
13744,16,adjacent_difference,13728,13727
13745,16,adjacent_difference,13729,13728
13746,16,adjacent_difference,13730,13729
13747,16,adjacent_difference,13731,13730
13748,16,adjacent_difference,13732,13731
13749,16,adjacent_difference,13733,13732
13750,16,adjacent_difference,13734,13733
13751,16,adjacent_difference,13735,13734
13752,16,adjacent_difference,13736,13735
13753,16,adjacent_difference,13737,13736
13754,16,adjacent_difference,13738,13737
13755,16,adjacent_difference,13739,13738
13756,16,adjacent_difference,13740,13739
13757,16,adjacent_difference,13741,13740
13758,16,adjacent_difference,13742,13741
13759,16,adjacent_difference,13743,13742
13760,16,adjacent_difference,13744,13743
13761,16,adjacent_difference,13745,13744
13762,16,adjacent_difference,13746,13745
13763,16,adjacent_difference,13747,13746
13764,16,adjacent_difference,13748,13747
13765,16,adjacent_difference,13749,13748
13766,16,adjacent_difference,13750,13749
13767,16,adjacent_difference,13751,13750
13768,16,adjacent_difference,13752,13751
13769,16,adjacent_difference,13753,13752
13770,16,adjacent_difference,13754,13753
13771,16,adjacent_difference,13755,13754
13772,16,adjacent_difference,13756,13755
13773,16,adjacent_difference,13757,13756
13774,16,adjacent_difference,13758,13757
13775,16,adjacent_difference,13759,13758
13776,16,adjacent_difference,13760,13759
13777,16,adjacent_difference,13761,13760
13778,16,adjacent_difference,13762,13761
13779,16,adjacent_difference,13763,13762
13780,16,adjacent_difference,13764,13763
13781,16,adjacent_difference,13765,13764
13782,16,adjacent_difference,13766,13765
13783,16,adjacent_difference,13767,13766
13784,16,adjacent_difference,13768,13767
13785,16,adjacent_difference,13769,13768
13786,16,adjacent_difference,13770,13769
13787,16,adjacent_difference,13771,13770
13788,16,adjacent_difference,13772,13771
13789,16,adjacent_difference,13773,13772
13790,16,adjacent_difference,13774,13773
13791,16,adjacent_difference,13775,13774
13792,16,adjacent_difference,13776,13775
13793,16,adjacent_difference,13777,13776
13794,16,adjacent_difference,13778,13777
13795,16,adjacent_difference,13779,13778
13796,16,adjacent_difference,13780,13779
13797,16,adjacent_difference,13781,13780
13798,16,adjacent_difference,13782,13781
13799,16,adjacent_difference,13783,13782
13800,16,adjacent_difference,13784,13783
13801,16,adjacent_difference,13785,13784
13802,16,adjacent_difference,13786,13785
13803,16,adjacent_difference,13787,13786
13804,16,adjacent_difference,13788,13787
13805,16,adjacent_difference,13789,13788
13806,16,adjacent_difference,13790,13789
13807,16,adjacent_difference,13791,13790
13808,16,adjacent_difference,13792,13791
13809,16,adjacent_difference,13793,13792
13810,16,adjacent_difference,13794,13793
13811,16,adjacent_difference,13795,13794
13812,16,adjacent_difference,13796,13795
13813,16,adjacent_difference,13797,13796
13814,16,adjacent_difference,13798,13797
13815,16,adjacent_difference,13799,13798
13816,16,adjacent_difference,13800,13799
13817,16,adjacent_difference,13801,13800
13818,16,adjacent_difference,13802,13801
13819,16,adjacent_difference,13803,13802
13820,16,adjacent_difference,13804,13803
13821,16,adjacent_difference,13805,13804
13822,16,adjacent_difference,13806,13805
13823,16,adjacent_difference,13807,13806
13824,16,adjacent_difference,13808,13807
13825,16,adjacent_difference,13809,13808
13826,16,adjacent_difference,13810,13809
13827,16,adjacent_difference,13811,13810
13828,16,adjacent_difference,13812,13811
13829,16,adjacent_difference,13813,13812
13830,16,adjacent_difference,13814,13813
13831,16,adjacent_difference,13815,13814
13832,16,adjacent_difference,13816,13815
13833,16,adjacent_difference,13817,13816
13834,16,adjacent_difference,13818,13817
13835,16,adjacent_difference,13819,13818
13836,16,adjacent_difference,13820,13819
13837,16,adjacent_difference,13821,13820
13838,16,adjacent_difference,13822,13821
13839,16,adjacent_difference,13823,13822
13840,16,adjacent_difference,13824,13823
13841,16,adjacent_difference,13825,13824
13842,16,adjacent_difference,13826,13825
13843,16,adjacent_difference,13827,13826
13844,16,adjacent_difference,13828,13827
13845,16,adjacent_difference,13829,13828
13846,16,adjacent_difference,13830,13829
13847,16,adjacent_difference,13831,13830
13848,16,adjacent_difference,13832,13831
13849,16,adjacent_difference,13833,13832
13850,16,adjacent_difference,13834,13833
13851,16,adjacent_difference,13835,13834
13852,16,adjacent_difference,13836,13835
13853,16,adjacent_difference,13837,13836
13854,16,adjacent_difference,13838,13837
13855,16,adjacent_difference,13839,13838
13856,16,adjacent_difference,13840,13839
13857,16,adjacent_difference,13841,13840
13858,16,adjacent_difference,13842,13841
13859,16,adjacent_difference,13843,13842
13860,16,adjacent_difference,13844,13843
13861,16,adjacent_difference,13845,13844
13862,16,adjacent_difference,13846,13845
13863,16,adjacent_difference,13847,13846
13864,16,adjacent_difference,13848,13847
13865,16,adjacent_difference,13849,13848
13866,16,adjacent_difference,13850,13849
13867,16,adjacent_difference,13851,13850
13868,16,adjacent_difference,13852,13851
13869,16,adjacent_difference,13853,13852
13870,16,adjacent_difference,13854,13853
13871,16,adjacent_difference,13855,13854
13872,16,adjacent_difference,13856,13855
13873,16,adjacent_difference,13857,13856
13874,16,adjacent_difference,13858,13857
13875,16,adjacent_difference,13859,13858
13876,16,adjacent_difference,13860,13859
13877,16,adjacent_difference,13861,13860
13878,16,adjacent_difference,13862,13861
13879,16,adjacent_difference,13863,13862
13880,16,adjacent_difference,13864,13863
13881,16,adjacent_difference,13865,13864
13882,16,adjacent_difference,13866,13865
13883,16,adjacent_difference,13867,13866
13884,16,adjacent_difference,13868,13867
13885,16,adjacent_difference,13869,13868
13886,16,adjacent_difference,13870,13869
13887,16,adjacent_difference,13871,13870
13888,16,adjacent_difference,13872,13871
13889,16,adjacent_difference,13873,13872
13890,16,adjacent_difference,13874,13873
13891,16,adjacent_difference,13875,13874
13892,16,adjacent_difference,13876,13875
13893,16,adjacent_difference,13877,13876
13894,16,adjacent_difference,13878,13877
13895,16,adjacent_difference,13879,13878
13896,16,adjacent_difference,13880,13879
13897,16,adjacent_difference,13881,13880
13898,16,adjacent_difference,13882,13881
13899,16,adjacent_difference,13883,13882
13900,16,adjacent_difference,13884,13883
13901,16,adjacent_difference,13885,13884
13902,16,adjacent_difference,13886,13885
13903,16,adjacent_difference,13887,13886
13904,16,adjacent_difference,13888,13887
13905,16,adjacent_difference,13889,13888
13906,16,adjacent_difference,13890,13889
13907,16,adjacent_difference,13891,13890
13908,16,adjacent_difference,13892,13891
13909,16,adjacent_difference,13893,13892
13910,16,adjacent_difference,13894,13893
13911,16,adjacent_difference,13895,13894
13912,16,adjacent_difference,13896,13895
13913,16,adjacent_difference,13897,13896
13914,16,adjacent_difference,13898,13897
13915,16,adjacent_difference,13899,13898
13916,16,adjacent_difference,13900,13899
13917,16,adjacent_difference,13901,13900
13918,16,adjacent_difference,13902,13901
13919,16,adjacent_difference,13903,13902
13920,16,adjacent_difference,13904,13903
13921,16,adjacent_difference,13905,13904
13922,16,adjacent_difference,13906,13905
13923,16,adjacent_difference,13907,13906
13924,16,adjacent_difference,13908,13907
13925,16,adjacent_difference,13909,13908
13926,16,adjacent_difference,13910,13909
13927,16,adjacent_difference,13911,13910
13928,16,adjacent_difference,13912,13911
13929,16,adjacent_difference,13913,13912
13930,16,adjacent_difference,13914,13913
13931,16,adjacent_difference,13915,13914
13932,16,adjacent_difference,13916,13915
13933,16,adjacent_difference,13917,13916
13934,16,adjacent_difference,13918,13917
13935,16,adjacent_difference,13919,13918
13936,16,adjacent_difference,13920,13919
13937,16,adjacent_difference,13921,13920
13938,16,adjacent_difference,13922,13921
13939,16,adjacent_difference,13923,13922
13940,16,adjacent_difference,13924,13923
13941,16,adjacent_difference,13925,13924
13942,16,adjacent_difference,13926,13925
13943,16,adjacent_difference,13927,13926
13944,16,adjacent_difference,13928,13927
13945,16,adjacent_difference,13929,13928
13946,16,adjacent_difference,13930,13929
13947,16,adjacent_difference,13931,13930
13948,16,adjacent_difference,13932,13931
13949,16,adjacent_difference,13933,13932
13950,16,adjacent_difference,13934,13933
13951,16,adjacent_difference,13935,13934
13952,16,adjacent_difference,13936,13935
13953,16,adjacent_difference,13937,13936
13954,16,adjacent_difference,13938,13937
13955,16,adjacent_difference,13939,13938
13956,16,adjacent_difference,13940,13939
13957,16,adjacent_difference,13941,13940
13958,16,adjacent_difference,13942,13941
13959,16,adjacent_difference,13943,13942
13960,16,adjacent_difference,13944,13943
13961,16,adjacent_difference,13945,13944
13962,16,adjacent_difference,13946,13945
13963,16,adjacent_difference,13947,13946
13964,16,adjacent_difference,13948,13947
13965,16,adjacent_difference,13949,13948
13966,16,adjacent_difference,13950,13949
13967,16,adjacent_difference,13951,13950
13968,16,adjacent_difference,13952,13951
13969,16,adjacent_difference,13953,13952
13970,16,adjacent_difference,13954,13953
13971,16,adjacent_difference,13955,13954
13972,16,adjacent_difference,13956,13955
13973,16,adjacent_difference,13957,13956
13974,16,adjacent_difference,13958,13957
13975,16,adjacent_difference,13959,13958
13976,16,adjacent_difference,13960,13959
13977,16,adjacent_difference,13961,13960
13978,16,adjacent_difference,13962,13961
13979,16,adjacent_difference,13963,13962
13980,16,adjacent_difference,13964,13963
13981,16,adjacent_difference,13965,13964
13982,16,adjacent_difference,13966,13965
13983,16,adjacent_difference,13967,13966
13984,16,adjacent_difference,13968,13967
13985,16,adjacent_difference,13969,13968
13986,16,adjacent_difference,13970,13969
13987,16,adjacent_difference,13971,13970
13988,16,adjacent_difference,13972,13971
13989,16,adjacent_difference,13973,13972
13990,16,adjacent_difference,13974,13973
13991,16,adjacent_difference,13975,13974
13992,16,adjacent_difference,13976,13975
13993,16,adjacent_difference,13977,13976
13994,16,adjacent_difference,13978,13977
13995,16,adjacent_difference,13979,13978
13996,16,adjacent_difference,13980,13979
13997,16,adjacent_difference,13981,13980
13998,16,adjacent_difference,13982,13981
13999,16,adjacent_difference,13983,13982
14000,16,adjacent_difference,13984,13983
14001,16,adjacent_difference,13985,13984
14002,16,adjacent_difference,13986,13985
14003,16,adjacent_difference,13987,13986
14004,16,adjacent_difference,13988,13987
14005,16,adjacent_difference,13989,13988
14006,16,adjacent_difference,13990,13989
14007,16,adjacent_difference,13991,13990
14008,16,adjacent_difference,13992,13991
14009,16,adjacent_difference,13993,13992
14010,16,adjacent_difference,13994,13993
14011,16,adjacent_difference,13995,13994
14012,16,adjacent_difference,13996,13995
14013,16,adjacent_difference,13997,13996
14014,16,adjacent_difference,13998,13997
14015,16,adjacent_difference,13999,13998
14016,16,adjacent_difference,14000,13999
14017,16,adjacent_difference,14001,14000
14018,16,adjacent_difference,14002,14001
14019,16,adjacent_difference,14003,14002
14020,16,adjacent_difference,14004,14003
14021,16,adjacent_difference,14005,14004
14022,16,adjacent_difference,14006,14005
14023,16,adjacent_difference,14007,14006
14024,16,adjacent_difference,14008,14007
14025,16,adjacent_difference,14009,14008
14026,16,adjacent_difference,14010,14009
14027,16,adjacent_difference,14011,14010
14028,16,adjacent_difference,14012,14011
14029,16,adjacent_difference,14013,14012
14030,16,adjacent_difference,14014,14013
14031,16,adjacent_difference,14015,14014
14032,16,adjacent_difference,14016,14015
14033,16,adjacent_difference,14017,14016
14034,16,adjacent_difference,14018,14017
14035,16,adjacent_difference,14019,14018
14036,16,adjacent_difference,14020,14019
14037,16,adjacent_difference,14021,14020
14038,16,adjacent_difference,14022,14021
14039,16,adjacent_difference,14023,14022
14040,16,adjacent_difference,14024,14023
14041,16,adjacent_difference,14025,14024
14042,16,adjacent_difference,14026,14025
14043,16,adjacent_difference,14027,14026
14044,16,adjacent_difference,14028,14027
14045,16,adjacent_difference,14029,14028
14046,16,adjacent_difference,14030,14029
14047,16,adjacent_difference,14031,14030
14048,16,adjacent_difference,14032,14031
14049,16,adjacent_difference,14033,14032
14050,16,adjacent_difference,14034,14033
14051,16,adjacent_difference,14035,14034
14052,16,adjacent_difference,14036,14035
14053,16,adjacent_difference,14037,14036
14054,16,adjacent_difference,14038,14037
14055,16,adjacent_difference,14039,14038
14056,16,adjacent_difference,14040,14039
14057,16,adjacent_difference,14041,14040
14058,16,adjacent_difference,14042,14041
14059,16,adjacent_difference,14043,14042
14060,16,adjacent_difference,14044,14043
14061,16,adjacent_difference,14045,14044
14062,16,adjacent_difference,14046,14045
14063,16,adjacent_difference,14047,14046
14064,16,adjacent_difference,14048,14047
14065,16,adjacent_difference,14049,14048
14066,16,adjacent_difference,14050,14049
14067,16,adjacent_difference,14051,14050
14068,16,adjacent_difference,14052,14051
14069,16,adjacent_difference,14053,14052
14070,16,adjacent_difference,14054,14053
14071,16,adjacent_difference,14055,14054
14072,16,adjacent_difference,14056,14055
14073,16,adjacent_difference,14057,14056
14074,16,adjacent_difference,14058,14057
14075,16,adjacent_difference,14059,14058
14076,16,adjacent_difference,14060,14059
14077,16,adjacent_difference,14061,14060
14078,16,adjacent_difference,14062,14061
14079,16,adjacent_difference,14063,14062
14080,16,adjacent_difference,14064,14063
14081,16,adjacent_difference,14065,14064
14082,16,adjacent_difference,14066,14065
14083,16,adjacent_difference,14067,14066
14084,16,adjacent_difference,14068,14067
14085,16,adjacent_difference,14069,14068
14086,16,adjacent_difference,14070,14069
14087,16,adjacent_difference,14071,14070
14088,16,adjacent_difference,14072,14071
14089,16,adjacent_difference,14073,14072
14090,16,adjacent_difference,14074,14073
14091,16,adjacent_difference,14075,14074
14092,16,adjacent_difference,14076,14075
14093,16,adjacent_difference,14077,14076
14094,16,adjacent_difference,14078,14077
14095,16,adjacent_difference,14079,14078
14096,16,adjacent_difference,14080,14079
14097,16,adjacent_difference,14081,14080
14098,16,adjacent_difference,14082,14081
14099,16,adjacent_difference,14083,14082
14100,16,adjacent_difference,14084,14083
14101,16,adjacent_difference,14085,14084
14102,16,adjacent_difference,14086,14085
14103,16,adjacent_difference,14087,14086
14104,16,adjacent_difference,14088,14087
14105,16,adjacent_difference,14089,14088
14106,16,adjacent_difference,14090,14089
14107,16,adjacent_difference,14091,14090
14108,16,adjacent_difference,14092,14091
14109,16,adjacent_difference,14093,14092
14110,16,adjacent_difference,14094,14093
14111,16,adjacent_difference,14095,14094
14112,16,adjacent_difference,14096,14095
14113,16,adjacent_difference,14097,14096
14114,16,adjacent_difference,14098,14097
14115,16,adjacent_difference,14099,14098
14116,16,adjacent_difference,14100,14099
14117,16,adjacent_difference,14101,14100
14118,16,adjacent_difference,14102,14101
14119,16,adjacent_difference,14103,14102
14120,16,adjacent_difference,14104,14103
14121,16,adjacent_difference,14105,14104
14122,16,adjacent_difference,14106,14105
14123,16,adjacent_difference,14107,14106
14124,16,adjacent_difference,14108,14107
14125,16,adjacent_difference,14109,14108
14126,16,adjacent_difference,14110,14109
14127,16,adjacent_difference,14111,14110
14128,16,adjacent_difference,14112,14111
14129,16,adjacent_difference,14113,14112
14130,16,adjacent_difference,14114,14113
14131,16,adjacent_difference,14115,14114
14132,16,adjacent_difference,14116,14115
14133,16,adjacent_difference,14117,14116
14134,16,adjacent_difference,14118,14117
14135,16,adjacent_difference,14119,14118
14136,16,adjacent_difference,14120,14119
14137,16,adjacent_difference,14121,14120
14138,16,adjacent_difference,14122,14121
14139,16,adjacent_difference,14123,14122
14140,16,adjacent_difference,14124,14123
14141,16,adjacent_difference,14125,14124
14142,16,adjacent_difference,14126,14125
14143,16,adjacent_difference,14127,14126
14144,16,adjacent_difference,14128,14127
14145,16,adjacent_difference,14129,14128
14146,16,adjacent_difference,14130,14129
14147,16,adjacent_difference,14131,14130
14148,16,adjacent_difference,14132,14131
14149,16,adjacent_difference,14133,14132
14150,16,adjacent_difference,14134,14133
14151,16,adjacent_difference,14135,14134
14152,16,adjacent_difference,14136,14135
14153,16,adjacent_difference,14137,14136
14154,16,adjacent_difference,14138,14137
14155,16,adjacent_difference,14139,14138
14156,16,adjacent_difference,14140,14139
14157,16,adjacent_difference,14141,14140
14158,16,adjacent_difference,14142,14141
14159,16,adjacent_difference,14143,14142
14160,16,adjacent_difference,14144,14143
14161,16,adjacent_difference,14145,14144
14162,16,adjacent_difference,14146,14145
14163,16,adjacent_difference,14147,14146
14164,16,adjacent_difference,14148,14147
14165,16,adjacent_difference,14149,14148
14166,16,adjacent_difference,14150,14149
14167,16,adjacent_difference,14151,14150
14168,16,adjacent_difference,14152,14151
14169,16,adjacent_difference,14153,14152
14170,16,adjacent_difference,14154,14153
14171,16,adjacent_difference,14155,14154
14172,16,adjacent_difference,14156,14155
14173,16,adjacent_difference,14157,14156
14174,16,adjacent_difference,14158,14157
14175,16,adjacent_difference,14159,14158
14176,16,adjacent_difference,14160,14159
14177,16,adjacent_difference,14161,14160
14178,16,adjacent_difference,14162,14161
14179,16,adjacent_difference,14163,14162
14180,16,adjacent_difference,14164,14163
14181,16,adjacent_difference,14165,14164
14182,16,adjacent_difference,14166,14165
14183,16,adjacent_difference,14167,14166
14184,16,adjacent_difference,14168,14167
14185,16,adjacent_difference,14169,14168
14186,16,adjacent_difference,14170,14169
14187,16,adjacent_difference,14171,14170
14188,16,adjacent_difference,14172,14171
14189,16,adjacent_difference,14173,14172
14190,16,adjacent_difference,14174,14173
14191,16,adjacent_difference,14175,14174
14192,16,adjacent_difference,14176,14175
14193,16,adjacent_difference,14177,14176
14194,16,adjacent_difference,14178,14177
14195,16,adjacent_difference,14179,14178
14196,16,adjacent_difference,14180,14179
14197,16,adjacent_difference,14181,14180
14198,16,adjacent_difference,14182,14181
14199,16,adjacent_difference,14183,14182
14200,16,adjacent_difference,14184,14183
14201,16,adjacent_difference,14185,14184
14202,16,adjacent_difference,14186,14185
14203,16,adjacent_difference,14187,14186
14204,16,adjacent_difference,14188,14187
14205,16,adjacent_difference,14189,14188
14206,16,adjacent_difference,14190,14189
14207,16,adjacent_difference,14191,14190
14208,16,adjacent_difference,14192,14191
14209,16,adjacent_difference,14193,14192
14210,16,adjacent_difference,14194,14193
14211,16,adjacent_difference,14195,14194
14212,16,adjacent_difference,14196,14195
14213,16,adjacent_difference,14197,14196
14214,16,adjacent_difference,14198,14197
14215,16,adjacent_difference,14199,14198
14216,16,adjacent_difference,14200,14199
14217,16,adjacent_difference,14201,14200
14218,16,adjacent_difference,14202,14201
14219,16,adjacent_difference,14203,14202
14220,16,adjacent_difference,14204,14203
14221,16,adjacent_difference,14205,14204
14222,16,adjacent_difference,14206,14205
14223,16,adjacent_difference,14207,14206
14224,16,adjacent_difference,14208,14207
14225,16,adjacent_difference,14209,14208
14226,16,adjacent_difference,14210,14209
14227,16,adjacent_difference,14211,14210
14228,16,adjacent_difference,14212,14211
14229,16,adjacent_difference,14213,14212
14230,16,adjacent_difference,14214,14213
14231,16,adjacent_difference,14215,14214
14232,16,adjacent_difference,14216,14215
14233,16,adjacent_difference,14217,14216
14234,16,adjacent_difference,14218,14217
14235,16,adjacent_difference,14219,14218
14236,16,adjacent_difference,14220,14219
14237,16,adjacent_difference,14221,14220
14238,16,adjacent_difference,14222,14221
14239,16,adjacent_difference,14223,14222
14240,16,adjacent_difference,14224,14223
14241,16,adjacent_difference,14225,14224
14242,16,adjacent_difference,14226,14225
14243,16,adjacent_difference,14227,14226
14244,16,adjacent_difference,14228,14227
14245,16,adjacent_difference,14229,14228
14246,16,adjacent_difference,14230,14229
14247,16,adjacent_difference,14231,14230
14248,16,adjacent_difference,14232,14231
14249,16,adjacent_difference,14233,14232
14250,16,adjacent_difference,14234,14233
14251,16,adjacent_difference,14235,14234
14252,16,adjacent_difference,14236,14235
14253,16,adjacent_difference,14237,14236
14254,16,adjacent_difference,14238,14237
14255,16,adjacent_difference,14239,14238
14256,16,adjacent_difference,14240,14239
14257,16,adjacent_difference,14241,14240
14258,16,adjacent_difference,14242,14241
14259,16,adjacent_difference,14243,14242
14260,16,adjacent_difference,14244,14243
14261,16,adjacent_difference,14245,14244
14262,16,adjacent_difference,14246,14245
14263,16,adjacent_difference,14247,14246
14264,16,adjacent_difference,14248,14247
14265,16,adjacent_difference,14249,14248
14266,16,adjacent_difference,14250,14249
14267,16,adjacent_difference,14251,14250
14268,16,adjacent_difference,14252,14251
14269,16,adjacent_difference,14253,14252
14270,16,adjacent_difference,14254,14253
14271,16,adjacent_difference,14255,14254
14272,16,adjacent_difference,14256,14255
14273,16,adjacent_difference,14257,14256
14274,16,adjacent_difference,14258,14257
14275,16,adjacent_difference,14259,14258
14276,16,adjacent_difference,14260,14259
14277,16,adjacent_difference,14261,14260
14278,16,adjacent_difference,14262,14261
14279,16,adjacent_difference,14263,14262
14280,16,adjacent_difference,14264,14263
14281,16,adjacent_difference,14265,14264
14282,16,adjacent_difference,14266,14265
14283,16,adjacent_difference,14267,14266
14284,16,adjacent_difference,14268,14267
14285,16,adjacent_difference,14269,14268
14286,16,adjacent_difference,14270,14269
14287,16,adjacent_difference,14271,14270
14288,16,adjacent_difference,14272,14271
14289,16,adjacent_difference,14273,14272
14290,16,adjacent_difference,14274,14273
14291,16,adjacent_difference,14275,14274
14292,16,adjacent_difference,14276,14275
14293,16,adjacent_difference,14277,14276
14294,16,adjacent_difference,14278,14277
14295,16,adjacent_difference,14279,14278
14296,16,adjacent_difference,14280,14279
14297,16,adjacent_difference,14281,14280
14298,16,adjacent_difference,14282,14281
14299,16,adjacent_difference,14283,14282
14300,16,adjacent_difference,14284,14283
14301,16,adjacent_difference,14285,14284
14302,16,adjacent_difference,14286,14285
14303,16,adjacent_difference,14287,14286
14304,16,adjacent_difference,14288,14287
14305,16,adjacent_difference,14289,14288
14306,16,adjacent_difference,14290,14289
14307,16,adjacent_difference,14291,14290
14308,16,adjacent_difference,14292,14291
14309,16,adjacent_difference,14293,14292
14310,16,adjacent_difference,14294,14293
14311,16,adjacent_difference,14295,14294
14312,16,adjacent_difference,14296,14295
14313,16,adjacent_difference,14297,14296
14314,16,adjacent_difference,14298,14297
14315,16,adjacent_difference,14299,14298
14316,16,adjacent_difference,14300,14299
14317,16,adjacent_difference,14301,14300
14318,16,adjacent_difference,14302,14301
14319,16,adjacent_difference,14303,14302
14320,16,adjacent_difference,14304,14303
14321,16,adjacent_difference,14305,14304
14322,16,adjacent_difference,14306,14305
14323,16,adjacent_difference,14307,14306
14324,16,adjacent_difference,14308,14307
14325,16,adjacent_difference,14309,14308
14326,16,adjacent_difference,14310,14309
14327,16,adjacent_difference,14311,14310
14328,16,adjacent_difference,14312,14311
14329,16,adjacent_difference,14313,14312
14330,16,adjacent_difference,14314,14313
14331,16,adjacent_difference,14315,14314
14332,16,adjacent_difference,14316,14315
14333,16,adjacent_difference,14317,14316
14334,16,adjacent_difference,14318,14317
14335,16,adjacent_difference,14319,14318
14336,16,adjacent_difference,14320,14319
14337,16,adjacent_difference,14321,14320
14338,16,adjacent_difference,14322,14321
14339,16,adjacent_difference,14323,14322
14340,16,adjacent_difference,14324,14323
14341,16,adjacent_difference,14325,14324
14342,16,adjacent_difference,14326,14325
14343,16,adjacent_difference,14327,14326
14344,16,adjacent_difference,14328,14327
14345,16,adjacent_difference,14329,14328
14346,16,adjacent_difference,14330,14329
14347,16,adjacent_difference,14331,14330
14348,16,adjacent_difference,14332,14331
14349,16,adjacent_difference,14333,14332
14350,16,adjacent_difference,14334,14333
14351,16,adjacent_difference,14335,14334
14352,16,adjacent_difference,14336,14335
14353,16,adjacent_difference,14337,14336
14354,16,adjacent_difference,14338,14337
14355,16,adjacent_difference,14339,14338
14356,16,adjacent_difference,14340,14339
14357,16,adjacent_difference,14341,14340
14358,16,adjacent_difference,14342,14341
14359,16,adjacent_difference,14343,14342
14360,16,adjacent_difference,14344,14343
14361,16,adjacent_difference,14345,14344
14362,16,adjacent_difference,14346,14345
14363,16,adjacent_difference,14347,14346
14364,16,adjacent_difference,14348,14347
14365,16,adjacent_difference,14349,14348
14366,16,adjacent_difference,14350,14349
14367,16,adjacent_difference,14351,14350
14368,16,adjacent_difference,14352,14351
14369,16,adjacent_difference,14353,14352
14370,16,adjacent_difference,14354,14353
14371,16,adjacent_difference,14355,14354
14372,16,adjacent_difference,14356,14355
14373,16,adjacent_difference,14357,14356
14374,16,adjacent_difference,14358,14357
14375,16,adjacent_difference,14359,14358
14376,16,adjacent_difference,14360,14359
14377,16,adjacent_difference,14361,14360
14378,16,adjacent_difference,14362,14361
14379,16,adjacent_difference,14363,14362
14380,16,adjacent_difference,14364,14363
14381,16,terminal_inverse,-1,14364
14382,17,absolute_start,14365,-1
14383,17,adjacent_difference,14366,14365
14384,17,adjacent_difference,14367,14366
14385,17,adjacent_difference,14368,14367
14386,17,adjacent_difference,14369,14368
14387,17,adjacent_difference,14370,14369
14388,17,adjacent_difference,14371,14370
14389,17,adjacent_difference,14372,14371
14390,17,adjacent_difference,14373,14372
14391,17,adjacent_difference,14374,14373
14392,17,adjacent_difference,14375,14374
14393,17,adjacent_difference,14376,14375
14394,17,adjacent_difference,14377,14376
14395,17,adjacent_difference,14378,14377
14396,17,adjacent_difference,14379,14378
14397,17,adjacent_difference,14380,14379
14398,17,adjacent_difference,14381,14380
14399,17,adjacent_difference,14382,14381
14400,17,adjacent_difference,14383,14382
14401,17,adjacent_difference,14384,14383
14402,17,adjacent_difference,14385,14384
14403,17,adjacent_difference,14386,14385
14404,17,adjacent_difference,14387,14386
14405,17,adjacent_difference,14388,14387
14406,17,adjacent_difference,14389,14388
14407,17,adjacent_difference,14390,14389
14408,17,adjacent_difference,14391,14390
14409,17,adjacent_difference,14392,14391
14410,17,adjacent_difference,14393,14392
14411,17,adjacent_difference,14394,14393
14412,17,adjacent_difference,14395,14394
14413,17,adjacent_difference,14396,14395
14414,17,adjacent_difference,14397,14396
14415,17,adjacent_difference,14398,14397
14416,17,adjacent_difference,14399,14398
14417,17,adjacent_difference,14400,14399
14418,17,adjacent_difference,14401,14400
14419,17,adjacent_difference,14402,14401
14420,17,adjacent_difference,14403,14402
14421,17,adjacent_difference,14404,14403
14422,17,adjacent_difference,14405,14404
14423,17,adjacent_difference,14406,14405
14424,17,adjacent_difference,14407,14406
14425,17,adjacent_difference,14408,14407
14426,17,adjacent_difference,14409,14408
14427,17,adjacent_difference,14410,14409
14428,17,adjacent_difference,14411,14410
14429,17,adjacent_difference,14412,14411
14430,17,adjacent_difference,14413,14412
14431,17,adjacent_difference,14414,14413
14432,17,adjacent_difference,14415,14414
14433,17,adjacent_difference,14416,14415
14434,17,adjacent_difference,14417,14416
14435,17,adjacent_difference,14418,14417
14436,17,adjacent_difference,14419,14418
14437,17,adjacent_difference,14420,14419
14438,17,adjacent_difference,14421,14420
14439,17,adjacent_difference,14422,14421
14440,17,adjacent_difference,14423,14422
14441,17,adjacent_difference,14424,14423
14442,17,adjacent_difference,14425,14424
14443,17,adjacent_difference,14426,14425
14444,17,adjacent_difference,14427,14426
14445,17,adjacent_difference,14428,14427
14446,17,adjacent_difference,14429,14428
14447,17,adjacent_difference,14430,14429
14448,17,adjacent_difference,14431,14430
14449,17,adjacent_difference,14432,14431
14450,17,adjacent_difference,14433,14432
14451,17,adjacent_difference,14434,14433
14452,17,adjacent_difference,14435,14434
14453,17,adjacent_difference,14436,14435
14454,17,adjacent_difference,14437,14436
14455,17,adjacent_difference,14438,14437
14456,17,adjacent_difference,14439,14438
14457,17,adjacent_difference,14440,14439
14458,17,adjacent_difference,14441,14440
14459,17,adjacent_difference,14442,14441
14460,17,adjacent_difference,14443,14442
14461,17,adjacent_difference,14444,14443
14462,17,adjacent_difference,14445,14444
14463,17,adjacent_difference,14446,14445
14464,17,adjacent_difference,14447,14446
14465,17,adjacent_difference,14448,14447
14466,17,adjacent_difference,14449,14448
14467,17,adjacent_difference,14450,14449
14468,17,adjacent_difference,14451,14450
14469,17,adjacent_difference,14452,14451
14470,17,adjacent_difference,14453,14452
14471,17,adjacent_difference,14454,14453
14472,17,adjacent_difference,14455,14454
14473,17,adjacent_difference,14456,14455
14474,17,adjacent_difference,14457,14456
14475,17,adjacent_difference,14458,14457
14476,17,adjacent_difference,14459,14458
14477,17,adjacent_difference,14460,14459
14478,17,adjacent_difference,14461,14460
14479,17,adjacent_difference,14462,14461
14480,17,adjacent_difference,14463,14462
14481,17,adjacent_difference,14464,14463
14482,17,adjacent_difference,14465,14464
14483,17,adjacent_difference,14466,14465
14484,17,adjacent_difference,14467,14466
14485,17,adjacent_difference,14468,14467
14486,17,adjacent_difference,14469,14468
14487,17,adjacent_difference,14470,14469
14488,17,adjacent_difference,14471,14470
14489,17,adjacent_difference,14472,14471
14490,17,adjacent_difference,14473,14472
14491,17,adjacent_difference,14474,14473
14492,17,adjacent_difference,14475,14474
14493,17,adjacent_difference,14476,14475
14494,17,adjacent_difference,14477,14476
14495,17,adjacent_difference,14478,14477
14496,17,adjacent_difference,14479,14478
14497,17,adjacent_difference,14480,14479
14498,17,adjacent_difference,14481,14480
14499,17,adjacent_difference,14482,14481
14500,17,adjacent_difference,14483,14482
14501,17,adjacent_difference,14484,14483
14502,17,adjacent_difference,14485,14484
14503,17,adjacent_difference,14486,14485
14504,17,adjacent_difference,14487,14486
14505,17,adjacent_difference,14488,14487
14506,17,adjacent_difference,14489,14488
14507,17,adjacent_difference,14490,14489
14508,17,adjacent_difference,14491,14490
14509,17,adjacent_difference,14492,14491
14510,17,adjacent_difference,14493,14492
14511,17,adjacent_difference,14494,14493
14512,17,adjacent_difference,14495,14494
14513,17,adjacent_difference,14496,14495
14514,17,adjacent_difference,14497,14496
14515,17,adjacent_difference,14498,14497
14516,17,adjacent_difference,14499,14498
14517,17,adjacent_difference,14500,14499
14518,17,adjacent_difference,14501,14500
14519,17,adjacent_difference,14502,14501
14520,17,adjacent_difference,14503,14502
14521,17,adjacent_difference,14504,14503
14522,17,adjacent_difference,14505,14504
14523,17,adjacent_difference,14506,14505
14524,17,adjacent_difference,14507,14506
14525,17,adjacent_difference,14508,14507
14526,17,adjacent_difference,14509,14508
14527,17,adjacent_difference,14510,14509
14528,17,adjacent_difference,14511,14510
14529,17,adjacent_difference,14512,14511
14530,17,adjacent_difference,14513,14512
14531,17,adjacent_difference,14514,14513
14532,17,adjacent_difference,14515,14514
14533,17,adjacent_difference,14516,14515
14534,17,adjacent_difference,14517,14516
14535,17,adjacent_difference,14518,14517
14536,17,adjacent_difference,14519,14518
14537,17,adjacent_difference,14520,14519
14538,17,adjacent_difference,14521,14520
14539,17,adjacent_difference,14522,14521
14540,17,adjacent_difference,14523,14522
14541,17,adjacent_difference,14524,14523
14542,17,adjacent_difference,14525,14524
14543,17,adjacent_difference,14526,14525
14544,17,adjacent_difference,14527,14526
14545,17,adjacent_difference,14528,14527
14546,17,adjacent_difference,14529,14528
14547,17,adjacent_difference,14530,14529
14548,17,adjacent_difference,14531,14530
14549,17,adjacent_difference,14532,14531
14550,17,adjacent_difference,14533,14532
14551,17,adjacent_difference,14534,14533
14552,17,adjacent_difference,14535,14534
14553,17,adjacent_difference,14536,14535
14554,17,adjacent_difference,14537,14536
14555,17,adjacent_difference,14538,14537
14556,17,adjacent_difference,14539,14538
14557,17,adjacent_difference,14540,14539
14558,17,adjacent_difference,14541,14540
14559,17,adjacent_difference,14542,14541
14560,17,adjacent_difference,14543,14542
14561,17,adjacent_difference,14544,14543
14562,17,adjacent_difference,14545,14544
14563,17,adjacent_difference,14546,14545
14564,17,adjacent_difference,14547,14546
14565,17,adjacent_difference,14548,14547
14566,17,adjacent_difference,14549,14548
14567,17,adjacent_difference,14550,14549
14568,17,adjacent_difference,14551,14550
14569,17,adjacent_difference,14552,14551
14570,17,adjacent_difference,14553,14552
14571,17,adjacent_difference,14554,14553
14572,17,adjacent_difference,14555,14554
14573,17,adjacent_difference,14556,14555
14574,17,adjacent_difference,14557,14556
14575,17,adjacent_difference,14558,14557
14576,17,adjacent_difference,14559,14558
14577,17,adjacent_difference,14560,14559
14578,17,adjacent_difference,14561,14560
14579,17,adjacent_difference,14562,14561
14580,17,adjacent_difference,14563,14562
14581,17,adjacent_difference,14564,14563
14582,17,adjacent_difference,14565,14564
14583,17,adjacent_difference,14566,14565
14584,17,adjacent_difference,14567,14566
14585,17,adjacent_difference,14568,14567
14586,17,adjacent_difference,14569,14568
14587,17,adjacent_difference,14570,14569
14588,17,adjacent_difference,14571,14570
14589,17,adjacent_difference,14572,14571
14590,17,adjacent_difference,14573,14572
14591,17,adjacent_difference,14574,14573
14592,17,adjacent_difference,14575,14574
14593,17,adjacent_difference,14576,14575
14594,17,adjacent_difference,14577,14576
14595,17,adjacent_difference,14578,14577
14596,17,adjacent_difference,14579,14578
14597,17,adjacent_difference,14580,14579
14598,17,adjacent_difference,14581,14580
14599,17,adjacent_difference,14582,14581
14600,17,adjacent_difference,14583,14582
14601,17,adjacent_difference,14584,14583
14602,17,adjacent_difference,14585,14584
14603,17,adjacent_difference,14586,14585
14604,17,adjacent_difference,14587,14586
14605,17,adjacent_difference,14588,14587
14606,17,adjacent_difference,14589,14588
14607,17,adjacent_difference,14590,14589
14608,17,adjacent_difference,14591,14590
14609,17,adjacent_difference,14592,14591
14610,17,adjacent_difference,14593,14592
14611,17,adjacent_difference,14594,14593
14612,17,adjacent_difference,14595,14594
14613,17,adjacent_difference,14596,14595
14614,17,adjacent_difference,14597,14596
14615,17,adjacent_difference,14598,14597
14616,17,adjacent_difference,14599,14598
14617,17,adjacent_difference,14600,14599
14618,17,adjacent_difference,14601,14600
14619,17,adjacent_difference,14602,14601
14620,17,adjacent_difference,14603,14602
14621,17,adjacent_difference,14604,14603
14622,17,adjacent_difference,14605,14604
14623,17,adjacent_difference,14606,14605
14624,17,adjacent_difference,14607,14606
14625,17,adjacent_difference,14608,14607
14626,17,adjacent_difference,14609,14608
14627,17,adjacent_difference,14610,14609
14628,17,adjacent_difference,14611,14610
14629,17,adjacent_difference,14612,14611
14630,17,adjacent_difference,14613,14612
14631,17,adjacent_difference,14614,14613
14632,17,adjacent_difference,14615,14614
14633,17,adjacent_difference,14616,14615
14634,17,adjacent_difference,14617,14616
14635,17,adjacent_difference,14618,14617
14636,17,adjacent_difference,14619,14618
14637,17,adjacent_difference,14620,14619
14638,17,adjacent_difference,14621,14620
14639,17,adjacent_difference,14622,14621
14640,17,adjacent_difference,14623,14622
14641,17,adjacent_difference,14624,14623
14642,17,adjacent_difference,14625,14624
14643,17,adjacent_difference,14626,14625
14644,17,adjacent_difference,14627,14626
14645,17,adjacent_difference,14628,14627
14646,17,adjacent_difference,14629,14628
14647,17,adjacent_difference,14630,14629
14648,17,adjacent_difference,14631,14630
14649,17,adjacent_difference,14632,14631
14650,17,adjacent_difference,14633,14632
14651,17,adjacent_difference,14634,14633
14652,17,adjacent_difference,14635,14634
14653,17,adjacent_difference,14636,14635
14654,17,adjacent_difference,14637,14636
14655,17,adjacent_difference,14638,14637
14656,17,adjacent_difference,14639,14638
14657,17,adjacent_difference,14640,14639
14658,17,adjacent_difference,14641,14640
14659,17,adjacent_difference,14642,14641
14660,17,adjacent_difference,14643,14642
14661,17,adjacent_difference,14644,14643
14662,17,adjacent_difference,14645,14644
14663,17,adjacent_difference,14646,14645
14664,17,adjacent_difference,14647,14646
14665,17,adjacent_difference,14648,14647
14666,17,adjacent_difference,14649,14648
14667,17,adjacent_difference,14650,14649
14668,17,adjacent_difference,14651,14650
14669,17,adjacent_difference,14652,14651
14670,17,adjacent_difference,14653,14652
14671,17,adjacent_difference,14654,14653
14672,17,adjacent_difference,14655,14654
14673,17,adjacent_difference,14656,14655
14674,17,adjacent_difference,14657,14656
14675,17,adjacent_difference,14658,14657
14676,17,adjacent_difference,14659,14658
14677,17,adjacent_difference,14660,14659
14678,17,adjacent_difference,14661,14660
14679,17,adjacent_difference,14662,14661
14680,17,adjacent_difference,14663,14662
14681,17,adjacent_difference,14664,14663
14682,17,adjacent_difference,14665,14664
14683,17,adjacent_difference,14666,14665
14684,17,adjacent_difference,14667,14666
14685,17,adjacent_difference,14668,14667
14686,17,adjacent_difference,14669,14668
14687,17,adjacent_difference,14670,14669
14688,17,adjacent_difference,14671,14670
14689,17,adjacent_difference,14672,14671
14690,17,adjacent_difference,14673,14672
14691,17,adjacent_difference,14674,14673
14692,17,adjacent_difference,14675,14674
14693,17,adjacent_difference,14676,14675
14694,17,adjacent_difference,14677,14676
14695,17,adjacent_difference,14678,14677
14696,17,adjacent_difference,14679,14678
14697,17,adjacent_difference,14680,14679
14698,17,adjacent_difference,14681,14680
14699,17,adjacent_difference,14682,14681
14700,17,adjacent_difference,14683,14682
14701,17,adjacent_difference,14684,14683
14702,17,adjacent_difference,14685,14684
14703,17,adjacent_difference,14686,14685
14704,17,adjacent_difference,14687,14686
14705,17,adjacent_difference,14688,14687
14706,17,adjacent_difference,14689,14688
14707,17,adjacent_difference,14690,14689
14708,17,adjacent_difference,14691,14690
14709,17,adjacent_difference,14692,14691
14710,17,adjacent_difference,14693,14692
14711,17,adjacent_difference,14694,14693
14712,17,adjacent_difference,14695,14694
14713,17,adjacent_difference,14696,14695
14714,17,adjacent_difference,14697,14696
14715,17,adjacent_difference,14698,14697
14716,17,adjacent_difference,14699,14698
14717,17,adjacent_difference,14700,14699
14718,17,adjacent_difference,14701,14700
14719,17,adjacent_difference,14702,14701
14720,17,adjacent_difference,14703,14702
14721,17,adjacent_difference,14704,14703
14722,17,adjacent_difference,14705,14704
14723,17,adjacent_difference,14706,14705
14724,17,adjacent_difference,14707,14706
14725,17,adjacent_difference,14708,14707
14726,17,adjacent_difference,14709,14708
14727,17,adjacent_difference,14710,14709
14728,17,adjacent_difference,14711,14710
14729,17,adjacent_difference,14712,14711
14730,17,adjacent_difference,14713,14712
14731,17,adjacent_difference,14714,14713
14732,17,adjacent_difference,14715,14714
14733,17,adjacent_difference,14716,14715
14734,17,adjacent_difference,14717,14716
14735,17,adjacent_difference,14718,14717
14736,17,adjacent_difference,14719,14718
14737,17,adjacent_difference,14720,14719
14738,17,adjacent_difference,14721,14720
14739,17,adjacent_difference,14722,14721
14740,17,adjacent_difference,14723,14722
14741,17,adjacent_difference,14724,14723
14742,17,adjacent_difference,14725,14724
14743,17,adjacent_difference,14726,14725
14744,17,adjacent_difference,14727,14726
14745,17,adjacent_difference,14728,14727
14746,17,adjacent_difference,14729,14728
14747,17,adjacent_difference,14730,14729
14748,17,adjacent_difference,14731,14730
14749,17,adjacent_difference,14732,14731
14750,17,adjacent_difference,14733,14732
14751,17,adjacent_difference,14734,14733
14752,17,adjacent_difference,14735,14734
14753,17,adjacent_difference,14736,14735
14754,17,adjacent_difference,14737,14736
14755,17,adjacent_difference,14738,14737
14756,17,adjacent_difference,14739,14738
14757,17,adjacent_difference,14740,14739
14758,17,adjacent_difference,14741,14740
14759,17,adjacent_difference,14742,14741
14760,17,adjacent_difference,14743,14742
14761,17,adjacent_difference,14744,14743
14762,17,adjacent_difference,14745,14744
14763,17,adjacent_difference,14746,14745
14764,17,adjacent_difference,14747,14746
14765,17,adjacent_difference,14748,14747
14766,17,adjacent_difference,14749,14748
14767,17,adjacent_difference,14750,14749
14768,17,adjacent_difference,14751,14750
14769,17,adjacent_difference,14752,14751
14770,17,adjacent_difference,14753,14752
14771,17,adjacent_difference,14754,14753
14772,17,adjacent_difference,14755,14754
14773,17,adjacent_difference,14756,14755
14774,17,adjacent_difference,14757,14756
14775,17,adjacent_difference,14758,14757
14776,17,adjacent_difference,14759,14758
14777,17,adjacent_difference,14760,14759
14778,17,adjacent_difference,14761,14760
14779,17,adjacent_difference,14762,14761
14780,17,adjacent_difference,14763,14762
14781,17,adjacent_difference,14764,14763
14782,17,adjacent_difference,14765,14764
14783,17,adjacent_difference,14766,14765
14784,17,adjacent_difference,14767,14766
14785,17,adjacent_difference,14768,14767
14786,17,adjacent_difference,14769,14768
14787,17,adjacent_difference,14770,14769
14788,17,adjacent_difference,14771,14770
14789,17,adjacent_difference,14772,14771
14790,17,adjacent_difference,14773,14772
14791,17,adjacent_difference,14774,14773
14792,17,adjacent_difference,14775,14774
14793,17,adjacent_difference,14776,14775
14794,17,adjacent_difference,14777,14776
14795,17,adjacent_difference,14778,14777
14796,17,adjacent_difference,14779,14778
14797,17,adjacent_difference,14780,14779
14798,17,adjacent_difference,14781,14780
14799,17,adjacent_difference,14782,14781
14800,17,adjacent_difference,14783,14782
14801,17,adjacent_difference,14784,14783
14802,17,adjacent_difference,14785,14784
14803,17,adjacent_difference,14786,14785
14804,17,adjacent_difference,14787,14786
14805,17,adjacent_difference,14788,14787
14806,17,adjacent_difference,14789,14788
14807,17,adjacent_difference,14790,14789
14808,17,adjacent_difference,14791,14790
14809,17,adjacent_difference,14792,14791
14810,17,adjacent_difference,14793,14792
14811,17,adjacent_difference,14794,14793
14812,17,adjacent_difference,14795,14794
14813,17,adjacent_difference,14796,14795
14814,17,adjacent_difference,14797,14796
14815,17,adjacent_difference,14798,14797
14816,17,adjacent_difference,14799,14798
14817,17,adjacent_difference,14800,14799
14818,17,adjacent_difference,14801,14800
14819,17,adjacent_difference,14802,14801
14820,17,adjacent_difference,14803,14802
14821,17,adjacent_difference,14804,14803
14822,17,adjacent_difference,14805,14804
14823,17,adjacent_difference,14806,14805
14824,17,adjacent_difference,14807,14806
14825,17,adjacent_difference,14808,14807
14826,17,adjacent_difference,14809,14808
14827,17,adjacent_difference,14810,14809
14828,17,adjacent_difference,14811,14810
14829,17,adjacent_difference,14812,14811
14830,17,adjacent_difference,14813,14812
14831,17,adjacent_difference,14814,14813
14832,17,adjacent_difference,14815,14814
14833,17,adjacent_difference,14816,14815
14834,17,adjacent_difference,14817,14816
14835,17,adjacent_difference,14818,14817
14836,17,adjacent_difference,14819,14818
14837,17,adjacent_difference,14820,14819
14838,17,adjacent_difference,14821,14820
14839,17,adjacent_difference,14822,14821
14840,17,adjacent_difference,14823,14822
14841,17,adjacent_difference,14824,14823
14842,17,adjacent_difference,14825,14824
14843,17,adjacent_difference,14826,14825
14844,17,adjacent_difference,14827,14826
14845,17,adjacent_difference,14828,14827
14846,17,adjacent_difference,14829,14828
14847,17,adjacent_difference,14830,14829
14848,17,adjacent_difference,14831,14830
14849,17,adjacent_difference,14832,14831
14850,17,adjacent_difference,14833,14832
14851,17,adjacent_difference,14834,14833
14852,17,adjacent_difference,14835,14834
14853,17,adjacent_difference,14836,14835
14854,17,adjacent_difference,14837,14836
14855,17,adjacent_difference,14838,14837
14856,17,adjacent_difference,14839,14838
14857,17,adjacent_difference,14840,14839
14858,17,adjacent_difference,14841,14840
14859,17,adjacent_difference,14842,14841
14860,17,adjacent_difference,14843,14842
14861,17,adjacent_difference,14844,14843
14862,17,adjacent_difference,14845,14844
14863,17,adjacent_difference,14846,14845
14864,17,adjacent_difference,14847,14846
14865,17,adjacent_difference,14848,14847
14866,17,adjacent_difference,14849,14848
14867,17,adjacent_difference,14850,14849
14868,17,adjacent_difference,14851,14850
14869,17,adjacent_difference,14852,14851
14870,17,adjacent_difference,14853,14852
14871,17,adjacent_difference,14854,14853
14872,17,adjacent_difference,14855,14854
14873,17,adjacent_difference,14856,14855
14874,17,adjacent_difference,14857,14856
14875,17,adjacent_difference,14858,14857
14876,17,adjacent_difference,14859,14858
14877,17,adjacent_difference,14860,14859
14878,17,adjacent_difference,14861,14860
14879,17,adjacent_difference,14862,14861
14880,17,adjacent_difference,14863,14862
14881,17,adjacent_difference,14864,14863
14882,17,adjacent_difference,14865,14864
14883,17,adjacent_difference,14866,14865
14884,17,adjacent_difference,14867,14866
14885,17,adjacent_difference,14868,14867
14886,17,adjacent_difference,14869,14868
14887,17,adjacent_difference,14870,14869
14888,17,adjacent_difference,14871,14870
14889,17,adjacent_difference,14872,14871
14890,17,adjacent_difference,14873,14872
14891,17,adjacent_difference,14874,14873
14892,17,adjacent_difference,14875,14874
14893,17,adjacent_difference,14876,14875
14894,17,adjacent_difference,14877,14876
14895,17,adjacent_difference,14878,14877
14896,17,adjacent_difference,14879,14878
14897,17,adjacent_difference,14880,14879
14898,17,adjacent_difference,14881,14880
14899,17,adjacent_difference,14882,14881
14900,17,adjacent_difference,14883,14882
14901,17,adjacent_difference,14884,14883
14902,17,adjacent_difference,14885,14884
14903,17,adjacent_difference,14886,14885
14904,17,adjacent_difference,14887,14886
14905,17,adjacent_difference,14888,14887
14906,17,adjacent_difference,14889,14888
14907,17,adjacent_difference,14890,14889
14908,17,adjacent_difference,14891,14890
14909,17,adjacent_difference,14892,14891
14910,17,adjacent_difference,14893,14892
14911,17,adjacent_difference,14894,14893
14912,17,adjacent_difference,14895,14894
14913,17,adjacent_difference,14896,14895
14914,17,adjacent_difference,14897,14896
14915,17,adjacent_difference,14898,14897
14916,17,adjacent_difference,14899,14898
14917,17,adjacent_difference,14900,14899
14918,17,adjacent_difference,14901,14900
14919,17,adjacent_difference,14902,14901
14920,17,adjacent_difference,14903,14902
14921,17,adjacent_difference,14904,14903
14922,17,adjacent_difference,14905,14904
14923,17,adjacent_difference,14906,14905
14924,17,adjacent_difference,14907,14906
14925,17,adjacent_difference,14908,14907
14926,17,adjacent_difference,14909,14908
14927,17,adjacent_difference,14910,14909
14928,17,adjacent_difference,14911,14910
14929,17,adjacent_difference,14912,14911
14930,17,adjacent_difference,14913,14912
14931,17,adjacent_difference,14914,14913
14932,17,adjacent_difference,14915,14914
14933,17,adjacent_difference,14916,14915
14934,17,adjacent_difference,14917,14916
14935,17,adjacent_difference,14918,14917
14936,17,adjacent_difference,14919,14918
14937,17,adjacent_difference,14920,14919
14938,17,adjacent_difference,14921,14920
14939,17,adjacent_difference,14922,14921
14940,17,adjacent_difference,14923,14922
14941,17,adjacent_difference,14924,14923
14942,17,adjacent_difference,14925,14924
14943,17,adjacent_difference,14926,14925
14944,17,adjacent_difference,14927,14926
14945,17,adjacent_difference,14928,14927
14946,17,adjacent_difference,14929,14928
14947,17,adjacent_difference,14930,14929
14948,17,adjacent_difference,14931,14930
14949,17,adjacent_difference,14932,14931
14950,17,adjacent_difference,14933,14932
14951,17,adjacent_difference,14934,14933
14952,17,adjacent_difference,14935,14934
14953,17,adjacent_difference,14936,14935
14954,17,adjacent_difference,14937,14936
14955,17,adjacent_difference,14938,14937
14956,17,adjacent_difference,14939,14938
14957,17,adjacent_difference,14940,14939
14958,17,adjacent_difference,14941,14940
14959,17,adjacent_difference,14942,14941
14960,17,adjacent_difference,14943,14942
14961,17,adjacent_difference,14944,14943
14962,17,adjacent_difference,14945,14944
14963,17,adjacent_difference,14946,14945
14964,17,adjacent_difference,14947,14946
14965,17,adjacent_difference,14948,14947
14966,17,adjacent_difference,14949,14948
14967,17,adjacent_difference,14950,14949
14968,17,adjacent_difference,14951,14950
14969,17,adjacent_difference,14952,14951
14970,17,adjacent_difference,14953,14952
14971,17,adjacent_difference,14954,14953
14972,17,adjacent_difference,14955,14954
14973,17,adjacent_difference,14956,14955
14974,17,adjacent_difference,14957,14956
14975,17,adjacent_difference,14958,14957
14976,17,adjacent_difference,14959,14958
14977,17,adjacent_difference,14960,14959
14978,17,adjacent_difference,14961,14960
14979,17,adjacent_difference,14962,14961
14980,17,adjacent_difference,14963,14962
14981,17,adjacent_difference,14964,14963
14982,17,adjacent_difference,14965,14964
14983,17,adjacent_difference,14966,14965
14984,17,adjacent_difference,14967,14966
14985,17,adjacent_difference,14968,14967
14986,17,adjacent_difference,14969,14968
14987,17,adjacent_difference,14970,14969
14988,17,adjacent_difference,14971,14970
14989,17,adjacent_difference,14972,14971
14990,17,adjacent_difference,14973,14972
14991,17,adjacent_difference,14974,14973
14992,17,adjacent_difference,14975,14974
14993,17,adjacent_difference,14976,14975
14994,17,adjacent_difference,14977,14976
14995,17,adjacent_difference,14978,14977
14996,17,adjacent_difference,14979,14978
14997,17,adjacent_difference,14980,14979
14998,17,adjacent_difference,14981,14980
14999,17,adjacent_difference,14982,14981
15000,17,adjacent_difference,14983,14982
15001,17,adjacent_difference,14984,14983
15002,17,adjacent_difference,14985,14984
15003,17,adjacent_difference,14986,14985
15004,17,adjacent_difference,14987,14986
15005,17,adjacent_difference,14988,14987
15006,17,adjacent_difference,14989,14988
15007,17,adjacent_difference,14990,14989
15008,17,adjacent_difference,14991,14990
15009,17,adjacent_difference,14992,14991
15010,17,adjacent_difference,14993,14992
15011,17,adjacent_difference,14994,14993
15012,17,adjacent_difference,14995,14994
15013,17,adjacent_difference,14996,14995
15014,17,adjacent_difference,14997,14996
15015,17,adjacent_difference,14998,14997
15016,17,adjacent_difference,14999,14998
15017,17,adjacent_difference,15000,14999
15018,17,adjacent_difference,15001,15000
15019,17,adjacent_difference,15002,15001
15020,17,adjacent_difference,15003,15002
15021,17,adjacent_difference,15004,15003
15022,17,adjacent_difference,15005,15004
15023,17,adjacent_difference,15006,15005
15024,17,adjacent_difference,15007,15006
15025,17,adjacent_difference,15008,15007
15026,17,adjacent_difference,15009,15008
15027,17,adjacent_difference,15010,15009
15028,17,adjacent_difference,15011,15010
15029,17,adjacent_difference,15012,15011
15030,17,adjacent_difference,15013,15012
15031,17,adjacent_difference,15014,15013
15032,17,adjacent_difference,15015,15014
15033,17,adjacent_difference,15016,15015
15034,17,adjacent_difference,15017,15016
15035,17,adjacent_difference,15018,15017
15036,17,adjacent_difference,15019,15018
15037,17,adjacent_difference,15020,15019
15038,17,adjacent_difference,15021,15020
15039,17,adjacent_difference,15022,15021
15040,17,adjacent_difference,15023,15022
15041,17,adjacent_difference,15024,15023
15042,17,adjacent_difference,15025,15024
15043,17,adjacent_difference,15026,15025
15044,17,adjacent_difference,15027,15026
15045,17,adjacent_difference,15028,15027
15046,17,adjacent_difference,15029,15028
15047,17,adjacent_difference,15030,15029
15048,17,adjacent_difference,15031,15030
15049,17,adjacent_difference,15032,15031
15050,17,adjacent_difference,15033,15032
15051,17,adjacent_difference,15034,15033
15052,17,adjacent_difference,15035,15034
15053,17,adjacent_difference,15036,15035
15054,17,adjacent_difference,15037,15036
15055,17,adjacent_difference,15038,15037
15056,17,adjacent_difference,15039,15038
15057,17,adjacent_difference,15040,15039
15058,17,adjacent_difference,15041,15040
15059,17,adjacent_difference,15042,15041
15060,17,adjacent_difference,15043,15042
15061,17,adjacent_difference,15044,15043
15062,17,adjacent_difference,15045,15044
15063,17,adjacent_difference,15046,15045
15064,17,adjacent_difference,15047,15046
15065,17,adjacent_difference,15048,15047
15066,17,adjacent_difference,15049,15048
15067,17,adjacent_difference,15050,15049
15068,17,adjacent_difference,15051,15050
15069,17,adjacent_difference,15052,15051
15070,17,adjacent_difference,15053,15052
15071,17,adjacent_difference,15054,15053
15072,17,adjacent_difference,15055,15054
15073,17,adjacent_difference,15056,15055
15074,17,adjacent_difference,15057,15056
15075,17,adjacent_difference,15058,15057
15076,17,adjacent_difference,15059,15058
15077,17,adjacent_difference,15060,15059
15078,17,adjacent_difference,15061,15060
15079,17,adjacent_difference,15062,15061
15080,17,adjacent_difference,15063,15062
15081,17,adjacent_difference,15064,15063
15082,17,adjacent_difference,15065,15064
15083,17,adjacent_difference,15066,15065
15084,17,adjacent_difference,15067,15066
15085,17,adjacent_difference,15068,15067
15086,17,adjacent_difference,15069,15068
15087,17,adjacent_difference,15070,15069
15088,17,adjacent_difference,15071,15070
15089,17,adjacent_difference,15072,15071
15090,17,adjacent_difference,15073,15072
15091,17,adjacent_difference,15074,15073
15092,17,adjacent_difference,15075,15074
15093,17,adjacent_difference,15076,15075
15094,17,adjacent_difference,15077,15076
15095,17,adjacent_difference,15078,15077
15096,17,adjacent_difference,15079,15078
15097,17,adjacent_difference,15080,15079
15098,17,adjacent_difference,15081,15080
15099,17,adjacent_difference,15082,15081
15100,17,adjacent_difference,15083,15082
15101,17,adjacent_difference,15084,15083
15102,17,adjacent_difference,15085,15084
15103,17,adjacent_difference,15086,15085
15104,17,adjacent_difference,15087,15086
15105,17,adjacent_difference,15088,15087
15106,17,adjacent_difference,15089,15088
15107,17,adjacent_difference,15090,15089
15108,17,adjacent_difference,15091,15090
15109,17,adjacent_difference,15092,15091
15110,17,adjacent_difference,15093,15092
15111,17,adjacent_difference,15094,15093
15112,17,adjacent_difference,15095,15094
15113,17,adjacent_difference,15096,15095
15114,17,adjacent_difference,15097,15096
15115,17,adjacent_difference,15098,15097
15116,17,adjacent_difference,15099,15098
15117,17,adjacent_difference,15100,15099
15118,17,adjacent_difference,15101,15100
15119,17,adjacent_difference,15102,15101
15120,17,adjacent_difference,15103,15102
15121,17,adjacent_difference,15104,15103
15122,17,adjacent_difference,15105,15104
15123,17,adjacent_difference,15106,15105
15124,17,adjacent_difference,15107,15106
15125,17,adjacent_difference,15108,15107
15126,17,adjacent_difference,15109,15108
15127,17,adjacent_difference,15110,15109
15128,17,adjacent_difference,15111,15110
15129,17,adjacent_difference,15112,15111
15130,17,adjacent_difference,15113,15112
15131,17,adjacent_difference,15114,15113
15132,17,adjacent_difference,15115,15114
15133,17,adjacent_difference,15116,15115
15134,17,adjacent_difference,15117,15116
15135,17,adjacent_difference,15118,15117
15136,17,adjacent_difference,15119,15118
15137,17,adjacent_difference,15120,15119
15138,17,adjacent_difference,15121,15120
15139,17,adjacent_difference,15122,15121
15140,17,adjacent_difference,15123,15122
15141,17,adjacent_difference,15124,15123
15142,17,adjacent_difference,15125,15124
15143,17,adjacent_difference,15126,15125
15144,17,adjacent_difference,15127,15126
15145,17,adjacent_difference,15128,15127
15146,17,adjacent_difference,15129,15128
15147,17,adjacent_difference,15130,15129
15148,17,adjacent_difference,15131,15130
15149,17,adjacent_difference,15132,15131
15150,17,adjacent_difference,15133,15132
15151,17,adjacent_difference,15134,15133
15152,17,adjacent_difference,15135,15134
15153,17,adjacent_difference,15136,15135
15154,17,adjacent_difference,15137,15136
15155,17,adjacent_difference,15138,15137
15156,17,adjacent_difference,15139,15138
15157,17,adjacent_difference,15140,15139
15158,17,adjacent_difference,15141,15140
15159,17,adjacent_difference,15142,15141
15160,17,adjacent_difference,15143,15142
15161,17,adjacent_difference,15144,15143
15162,17,adjacent_difference,15145,15144
15163,17,adjacent_difference,15146,15145
15164,17,adjacent_difference,15147,15146
15165,17,adjacent_difference,15148,15147
15166,17,adjacent_difference,15149,15148
15167,17,adjacent_difference,15150,15149
15168,17,adjacent_difference,15151,15150
15169,17,adjacent_difference,15152,15151
15170,17,adjacent_difference,15153,15152
15171,17,adjacent_difference,15154,15153
15172,17,adjacent_difference,15155,15154
15173,17,adjacent_difference,15156,15155
15174,17,adjacent_difference,15157,15156
15175,17,adjacent_difference,15158,15157
15176,17,adjacent_difference,15159,15158
15177,17,adjacent_difference,15160,15159
15178,17,adjacent_difference,15161,15160
15179,17,adjacent_difference,15162,15161
15180,17,adjacent_difference,15163,15162
15181,17,adjacent_difference,15164,15163
15182,17,adjacent_difference,15165,15164
15183,17,adjacent_difference,15166,15165
15184,17,adjacent_difference,15167,15166
15185,17,adjacent_difference,15168,15167
15186,17,adjacent_difference,15169,15168
15187,17,adjacent_difference,15170,15169
15188,17,adjacent_difference,15171,15170
15189,17,adjacent_difference,15172,15171
15190,17,adjacent_difference,15173,15172
15191,17,adjacent_difference,15174,15173
15192,17,adjacent_difference,15175,15174
15193,17,adjacent_difference,15176,15175
15194,17,adjacent_difference,15177,15176
15195,17,adjacent_difference,15178,15177
15196,17,adjacent_difference,15179,15178
15197,17,adjacent_difference,15180,15179
15198,17,adjacent_difference,15181,15180
15199,17,adjacent_difference,15182,15181
15200,17,adjacent_difference,15183,15182
15201,17,adjacent_difference,15184,15183
15202,17,adjacent_difference,15185,15184
15203,17,adjacent_difference,15186,15185
15204,17,adjacent_difference,15187,15186
15205,17,adjacent_difference,15188,15187
15206,17,adjacent_difference,15189,15188
15207,17,adjacent_difference,15190,15189
15208,17,adjacent_difference,15191,15190
15209,17,adjacent_difference,15192,15191
15210,17,adjacent_difference,15193,15192
15211,17,adjacent_difference,15194,15193
15212,17,adjacent_difference,15195,15194
15213,17,adjacent_difference,15196,15195
15214,17,adjacent_difference,15197,15196
15215,17,adjacent_difference,15198,15197
15216,17,adjacent_difference,15199,15198
15217,17,adjacent_difference,15200,15199
15218,17,adjacent_difference,15201,15200
15219,17,adjacent_difference,15202,15201
15220,17,adjacent_difference,15203,15202
15221,17,adjacent_difference,15204,15203
15222,17,adjacent_difference,15205,15204
15223,17,adjacent_difference,15206,15205
15224,17,adjacent_difference,15207,15206
15225,17,adjacent_difference,15208,15207
15226,17,adjacent_difference,15209,15208
15227,17,terminal_inverse,-1,15209
15228,18,absolute_start,15210,-1
15229,18,adjacent_difference,15211,15210
15230,18,adjacent_difference,15212,15211
15231,18,adjacent_difference,15213,15212
15232,18,adjacent_difference,15214,15213
15233,18,adjacent_difference,15215,15214
15234,18,adjacent_difference,15216,15215
15235,18,adjacent_difference,15217,15216
15236,18,adjacent_difference,15218,15217
15237,18,adjacent_difference,15219,15218
15238,18,adjacent_difference,15220,15219
15239,18,adjacent_difference,15221,15220
15240,18,adjacent_difference,15222,15221
15241,18,adjacent_difference,15223,15222
15242,18,adjacent_difference,15224,15223
15243,18,adjacent_difference,15225,15224
15244,18,adjacent_difference,15226,15225
15245,18,adjacent_difference,15227,15226
15246,18,adjacent_difference,15228,15227
15247,18,adjacent_difference,15229,15228
15248,18,adjacent_difference,15230,15229
15249,18,adjacent_difference,15231,15230
15250,18,adjacent_difference,15232,15231
15251,18,adjacent_difference,15233,15232
15252,18,adjacent_difference,15234,15233
15253,18,adjacent_difference,15235,15234
15254,18,adjacent_difference,15236,15235
15255,18,adjacent_difference,15237,15236
15256,18,adjacent_difference,15238,15237
15257,18,adjacent_difference,15239,15238
15258,18,adjacent_difference,15240,15239
15259,18,adjacent_difference,15241,15240
15260,18,adjacent_difference,15242,15241
15261,18,adjacent_difference,15243,15242
15262,18,adjacent_difference,15244,15243
15263,18,adjacent_difference,15245,15244
15264,18,adjacent_difference,15246,15245
15265,18,adjacent_difference,15247,15246
15266,18,adjacent_difference,15248,15247
15267,18,adjacent_difference,15249,15248
15268,18,adjacent_difference,15250,15249
15269,18,adjacent_difference,15251,15250
15270,18,adjacent_difference,15252,15251
15271,18,adjacent_difference,15253,15252
15272,18,adjacent_difference,15254,15253
15273,18,adjacent_difference,15255,15254
15274,18,adjacent_difference,15256,15255
15275,18,adjacent_difference,15257,15256
15276,18,adjacent_difference,15258,15257
15277,18,adjacent_difference,15259,15258
15278,18,adjacent_difference,15260,15259
15279,18,adjacent_difference,15261,15260
15280,18,adjacent_difference,15262,15261
15281,18,adjacent_difference,15263,15262
15282,18,adjacent_difference,15264,15263
15283,18,adjacent_difference,15265,15264
15284,18,adjacent_difference,15266,15265
15285,18,adjacent_difference,15267,15266
15286,18,adjacent_difference,15268,15267
15287,18,adjacent_difference,15269,15268
15288,18,adjacent_difference,15270,15269
15289,18,adjacent_difference,15271,15270
15290,18,adjacent_difference,15272,15271
15291,18,adjacent_difference,15273,15272
15292,18,adjacent_difference,15274,15273
15293,18,adjacent_difference,15275,15274
15294,18,adjacent_difference,15276,15275
15295,18,adjacent_difference,15277,15276
15296,18,adjacent_difference,15278,15277
15297,18,adjacent_difference,15279,15278
15298,18,adjacent_difference,15280,15279
15299,18,adjacent_difference,15281,15280
15300,18,adjacent_difference,15282,15281
15301,18,adjacent_difference,15283,15282
15302,18,adjacent_difference,15284,15283
15303,18,adjacent_difference,15285,15284
15304,18,adjacent_difference,15286,15285
15305,18,adjacent_difference,15287,15286
15306,18,adjacent_difference,15288,15287
15307,18,adjacent_difference,15289,15288
15308,18,adjacent_difference,15290,15289
15309,18,adjacent_difference,15291,15290
15310,18,adjacent_difference,15292,15291
15311,18,adjacent_difference,15293,15292
15312,18,adjacent_difference,15294,15293
15313,18,adjacent_difference,15295,15294
15314,18,adjacent_difference,15296,15295
15315,18,adjacent_difference,15297,15296
15316,18,adjacent_difference,15298,15297
15317,18,adjacent_difference,15299,15298
15318,18,adjacent_difference,15300,15299
15319,18,adjacent_difference,15301,15300
15320,18,adjacent_difference,15302,15301
15321,18,adjacent_difference,15303,15302
15322,18,adjacent_difference,15304,15303
15323,18,adjacent_difference,15305,15304
15324,18,adjacent_difference,15306,15305
15325,18,adjacent_difference,15307,15306
15326,18,adjacent_difference,15308,15307
15327,18,adjacent_difference,15309,15308
15328,18,adjacent_difference,15310,15309
15329,18,adjacent_difference,15311,15310
15330,18,adjacent_difference,15312,15311
15331,18,adjacent_difference,15313,15312
15332,18,adjacent_difference,15314,15313
15333,18,adjacent_difference,15315,15314
15334,18,adjacent_difference,15316,15315
15335,18,adjacent_difference,15317,15316
15336,18,adjacent_difference,15318,15317
15337,18,adjacent_difference,15319,15318
15338,18,adjacent_difference,15320,15319
15339,18,adjacent_difference,15321,15320
15340,18,adjacent_difference,15322,15321
15341,18,adjacent_difference,15323,15322
15342,18,adjacent_difference,15324,15323
15343,18,adjacent_difference,15325,15324
15344,18,adjacent_difference,15326,15325
15345,18,adjacent_difference,15327,15326
15346,18,adjacent_difference,15328,15327
15347,18,adjacent_difference,15329,15328
15348,18,adjacent_difference,15330,15329
15349,18,adjacent_difference,15331,15330
15350,18,adjacent_difference,15332,15331
15351,18,adjacent_difference,15333,15332
15352,18,adjacent_difference,15334,15333
15353,18,adjacent_difference,15335,15334
15354,18,adjacent_difference,15336,15335
15355,18,adjacent_difference,15337,15336
15356,18,adjacent_difference,15338,15337
15357,18,adjacent_difference,15339,15338
15358,18,adjacent_difference,15340,15339
15359,18,adjacent_difference,15341,15340
15360,18,adjacent_difference,15342,15341
15361,18,adjacent_difference,15343,15342
15362,18,adjacent_difference,15344,15343
15363,18,adjacent_difference,15345,15344
15364,18,adjacent_difference,15346,15345
15365,18,adjacent_difference,15347,15346
15366,18,adjacent_difference,15348,15347
15367,18,adjacent_difference,15349,15348
15368,18,adjacent_difference,15350,15349
15369,18,adjacent_difference,15351,15350
15370,18,adjacent_difference,15352,15351
15371,18,adjacent_difference,15353,15352
15372,18,adjacent_difference,15354,15353
15373,18,adjacent_difference,15355,15354
15374,18,adjacent_difference,15356,15355
15375,18,adjacent_difference,15357,15356
15376,18,adjacent_difference,15358,15357
15377,18,adjacent_difference,15359,15358
15378,18,adjacent_difference,15360,15359
15379,18,adjacent_difference,15361,15360
15380,18,adjacent_difference,15362,15361
15381,18,adjacent_difference,15363,15362
15382,18,adjacent_difference,15364,15363
15383,18,adjacent_difference,15365,15364
15384,18,adjacent_difference,15366,15365
15385,18,adjacent_difference,15367,15366
15386,18,adjacent_difference,15368,15367
15387,18,adjacent_difference,15369,15368
15388,18,adjacent_difference,15370,15369
15389,18,adjacent_difference,15371,15370
15390,18,adjacent_difference,15372,15371
15391,18,adjacent_difference,15373,15372
15392,18,adjacent_difference,15374,15373
15393,18,adjacent_difference,15375,15374
15394,18,adjacent_difference,15376,15375
15395,18,adjacent_difference,15377,15376
15396,18,adjacent_difference,15378,15377
15397,18,adjacent_difference,15379,15378
15398,18,adjacent_difference,15380,15379
15399,18,adjacent_difference,15381,15380
15400,18,adjacent_difference,15382,15381
15401,18,adjacent_difference,15383,15382
15402,18,adjacent_difference,15384,15383
15403,18,adjacent_difference,15385,15384
15404,18,adjacent_difference,15386,15385
15405,18,adjacent_difference,15387,15386
15406,18,adjacent_difference,15388,15387
15407,18,adjacent_difference,15389,15388
15408,18,adjacent_difference,15390,15389
15409,18,adjacent_difference,15391,15390
15410,18,adjacent_difference,15392,15391
15411,18,adjacent_difference,15393,15392
15412,18,adjacent_difference,15394,15393
15413,18,adjacent_difference,15395,15394
15414,18,adjacent_difference,15396,15395
15415,18,adjacent_difference,15397,15396
15416,18,adjacent_difference,15398,15397
15417,18,adjacent_difference,15399,15398
15418,18,adjacent_difference,15400,15399
15419,18,adjacent_difference,15401,15400
15420,18,adjacent_difference,15402,15401
15421,18,adjacent_difference,15403,15402
15422,18,adjacent_difference,15404,15403
15423,18,adjacent_difference,15405,15404
15424,18,adjacent_difference,15406,15405
15425,18,adjacent_difference,15407,15406
15426,18,adjacent_difference,15408,15407
15427,18,adjacent_difference,15409,15408
15428,18,adjacent_difference,15410,15409
15429,18,adjacent_difference,15411,15410
15430,18,adjacent_difference,15412,15411
15431,18,adjacent_difference,15413,15412
15432,18,adjacent_difference,15414,15413
15433,18,adjacent_difference,15415,15414
15434,18,adjacent_difference,15416,15415
15435,18,adjacent_difference,15417,15416
15436,18,adjacent_difference,15418,15417
15437,18,adjacent_difference,15419,15418
15438,18,adjacent_difference,15420,15419
15439,18,adjacent_difference,15421,15420
15440,18,adjacent_difference,15422,15421
15441,18,adjacent_difference,15423,15422
15442,18,adjacent_difference,15424,15423
15443,18,adjacent_difference,15425,15424
15444,18,adjacent_difference,15426,15425
15445,18,adjacent_difference,15427,15426
15446,18,adjacent_difference,15428,15427
15447,18,adjacent_difference,15429,15428
15448,18,adjacent_difference,15430,15429
15449,18,adjacent_difference,15431,15430
15450,18,adjacent_difference,15432,15431
15451,18,adjacent_difference,15433,15432
15452,18,adjacent_difference,15434,15433
15453,18,adjacent_difference,15435,15434
15454,18,adjacent_difference,15436,15435
15455,18,adjacent_difference,15437,15436
15456,18,adjacent_difference,15438,15437
15457,18,adjacent_difference,15439,15438
15458,18,adjacent_difference,15440,15439
15459,18,adjacent_difference,15441,15440
15460,18,adjacent_difference,15442,15441
15461,18,adjacent_difference,15443,15442
15462,18,adjacent_difference,15444,15443
15463,18,adjacent_difference,15445,15444
15464,18,adjacent_difference,15446,15445
15465,18,adjacent_difference,15447,15446
15466,18,adjacent_difference,15448,15447
15467,18,adjacent_difference,15449,15448
15468,18,adjacent_difference,15450,15449
15469,18,adjacent_difference,15451,15450
15470,18,adjacent_difference,15452,15451
15471,18,adjacent_difference,15453,15452
15472,18,adjacent_difference,15454,15453
15473,18,adjacent_difference,15455,15454
15474,18,adjacent_difference,15456,15455
15475,18,adjacent_difference,15457,15456
15476,18,adjacent_difference,15458,15457
15477,18,adjacent_difference,15459,15458
15478,18,adjacent_difference,15460,15459
15479,18,adjacent_difference,15461,15460
15480,18,adjacent_difference,15462,15461
15481,18,adjacent_difference,15463,15462
15482,18,adjacent_difference,15464,15463
15483,18,adjacent_difference,15465,15464
15484,18,adjacent_difference,15466,15465
15485,18,adjacent_difference,15467,15466
15486,18,adjacent_difference,15468,15467
15487,18,adjacent_difference,15469,15468
15488,18,adjacent_difference,15470,15469
15489,18,adjacent_difference,15471,15470
15490,18,adjacent_difference,15472,15471
15491,18,adjacent_difference,15473,15472
15492,18,adjacent_difference,15474,15473
15493,18,adjacent_difference,15475,15474
15494,18,adjacent_difference,15476,15475
15495,18,adjacent_difference,15477,15476
15496,18,adjacent_difference,15478,15477
15497,18,adjacent_difference,15479,15478
15498,18,adjacent_difference,15480,15479
15499,18,adjacent_difference,15481,15480
15500,18,adjacent_difference,15482,15481
15501,18,adjacent_difference,15483,15482
15502,18,adjacent_difference,15484,15483
15503,18,adjacent_difference,15485,15484
15504,18,adjacent_difference,15486,15485
15505,18,adjacent_difference,15487,15486
15506,18,adjacent_difference,15488,15487
15507,18,adjacent_difference,15489,15488
15508,18,adjacent_difference,15490,15489
15509,18,adjacent_difference,15491,15490
15510,18,adjacent_difference,15492,15491
15511,18,adjacent_difference,15493,15492
15512,18,adjacent_difference,15494,15493
15513,18,adjacent_difference,15495,15494
15514,18,adjacent_difference,15496,15495
15515,18,adjacent_difference,15497,15496
15516,18,adjacent_difference,15498,15497
15517,18,adjacent_difference,15499,15498
15518,18,adjacent_difference,15500,15499
15519,18,adjacent_difference,15501,15500
15520,18,adjacent_difference,15502,15501
15521,18,adjacent_difference,15503,15502
15522,18,adjacent_difference,15504,15503
15523,18,adjacent_difference,15505,15504
15524,18,adjacent_difference,15506,15505
15525,18,adjacent_difference,15507,15506
15526,18,adjacent_difference,15508,15507
15527,18,adjacent_difference,15509,15508
15528,18,adjacent_difference,15510,15509
15529,18,adjacent_difference,15511,15510
15530,18,adjacent_difference,15512,15511
15531,18,adjacent_difference,15513,15512
15532,18,adjacent_difference,15514,15513
15533,18,adjacent_difference,15515,15514
15534,18,adjacent_difference,15516,15515
15535,18,adjacent_difference,15517,15516
15536,18,adjacent_difference,15518,15517
15537,18,adjacent_difference,15519,15518
15538,18,adjacent_difference,15520,15519
15539,18,adjacent_difference,15521,15520
15540,18,adjacent_difference,15522,15521
15541,18,adjacent_difference,15523,15522
15542,18,adjacent_difference,15524,15523
15543,18,adjacent_difference,15525,15524
15544,18,adjacent_difference,15526,15525
15545,18,adjacent_difference,15527,15526
15546,18,adjacent_difference,15528,15527
15547,18,adjacent_difference,15529,15528
15548,18,adjacent_difference,15530,15529
15549,18,adjacent_difference,15531,15530
15550,18,adjacent_difference,15532,15531
15551,18,adjacent_difference,15533,15532
15552,18,adjacent_difference,15534,15533
15553,18,adjacent_difference,15535,15534
15554,18,adjacent_difference,15536,15535
15555,18,adjacent_difference,15537,15536
15556,18,adjacent_difference,15538,15537
15557,18,adjacent_difference,15539,15538
15558,18,adjacent_difference,15540,15539
15559,18,adjacent_difference,15541,15540
15560,18,adjacent_difference,15542,15541
15561,18,adjacent_difference,15543,15542
15562,18,adjacent_difference,15544,15543
15563,18,adjacent_difference,15545,15544
15564,18,adjacent_difference,15546,15545
15565,18,adjacent_difference,15547,15546
15566,18,adjacent_difference,15548,15547
15567,18,adjacent_difference,15549,15548
15568,18,adjacent_difference,15550,15549
15569,18,adjacent_difference,15551,15550
15570,18,adjacent_difference,15552,15551
15571,18,adjacent_difference,15553,15552
15572,18,adjacent_difference,15554,15553
15573,18,adjacent_difference,15555,15554
15574,18,adjacent_difference,15556,15555
15575,18,adjacent_difference,15557,15556
15576,18,adjacent_difference,15558,15557
15577,18,adjacent_difference,15559,15558
15578,18,adjacent_difference,15560,15559
15579,18,adjacent_difference,15561,15560
15580,18,adjacent_difference,15562,15561
15581,18,adjacent_difference,15563,15562
15582,18,adjacent_difference,15564,15563
15583,18,adjacent_difference,15565,15564
15584,18,adjacent_difference,15566,15565
15585,18,adjacent_difference,15567,15566
15586,18,adjacent_difference,15568,15567
15587,18,adjacent_difference,15569,15568
15588,18,adjacent_difference,15570,15569
15589,18,adjacent_difference,15571,15570
15590,18,adjacent_difference,15572,15571
15591,18,adjacent_difference,15573,15572
15592,18,adjacent_difference,15574,15573
15593,18,adjacent_difference,15575,15574
15594,18,adjacent_difference,15576,15575
15595,18,adjacent_difference,15577,15576
15596,18,adjacent_difference,15578,15577
15597,18,adjacent_difference,15579,15578
15598,18,adjacent_difference,15580,15579
15599,18,adjacent_difference,15581,15580
15600,18,adjacent_difference,15582,15581
15601,18,adjacent_difference,15583,15582
15602,18,adjacent_difference,15584,15583
15603,18,adjacent_difference,15585,15584
15604,18,adjacent_difference,15586,15585
15605,18,adjacent_difference,15587,15586
15606,18,adjacent_difference,15588,15587
15607,18,adjacent_difference,15589,15588
15608,18,adjacent_difference,15590,15589
15609,18,adjacent_difference,15591,15590
15610,18,adjacent_difference,15592,15591
15611,18,adjacent_difference,15593,15592
15612,18,adjacent_difference,15594,15593
15613,18,adjacent_difference,15595,15594
15614,18,adjacent_difference,15596,15595
15615,18,adjacent_difference,15597,15596
15616,18,adjacent_difference,15598,15597
15617,18,adjacent_difference,15599,15598
15618,18,adjacent_difference,15600,15599
15619,18,adjacent_difference,15601,15600
15620,18,adjacent_difference,15602,15601
15621,18,adjacent_difference,15603,15602
15622,18,adjacent_difference,15604,15603
15623,18,adjacent_difference,15605,15604
15624,18,adjacent_difference,15606,15605
15625,18,adjacent_difference,15607,15606
15626,18,adjacent_difference,15608,15607
15627,18,adjacent_difference,15609,15608
15628,18,adjacent_difference,15610,15609
15629,18,adjacent_difference,15611,15610
15630,18,adjacent_difference,15612,15611
15631,18,adjacent_difference,15613,15612
15632,18,adjacent_difference,15614,15613
15633,18,adjacent_difference,15615,15614
15634,18,adjacent_difference,15616,15615
15635,18,adjacent_difference,15617,15616
15636,18,adjacent_difference,15618,15617
15637,18,adjacent_difference,15619,15618
15638,18,adjacent_difference,15620,15619
15639,18,adjacent_difference,15621,15620
15640,18,adjacent_difference,15622,15621
15641,18,adjacent_difference,15623,15622
15642,18,adjacent_difference,15624,15623
15643,18,adjacent_difference,15625,15624
15644,18,adjacent_difference,15626,15625
15645,18,adjacent_difference,15627,15626
15646,18,adjacent_difference,15628,15627
15647,18,adjacent_difference,15629,15628
15648,18,adjacent_difference,15630,15629
15649,18,adjacent_difference,15631,15630
15650,18,adjacent_difference,15632,15631
15651,18,adjacent_difference,15633,15632
15652,18,adjacent_difference,15634,15633
15653,18,adjacent_difference,15635,15634
15654,18,adjacent_difference,15636,15635
15655,18,adjacent_difference,15637,15636
15656,18,adjacent_difference,15638,15637
15657,18,adjacent_difference,15639,15638
15658,18,adjacent_difference,15640,15639
15659,18,adjacent_difference,15641,15640
15660,18,adjacent_difference,15642,15641
15661,18,adjacent_difference,15643,15642
15662,18,adjacent_difference,15644,15643
15663,18,adjacent_difference,15645,15644
15664,18,adjacent_difference,15646,15645
15665,18,adjacent_difference,15647,15646
15666,18,adjacent_difference,15648,15647
15667,18,adjacent_difference,15649,15648
15668,18,adjacent_difference,15650,15649
15669,18,adjacent_difference,15651,15650
15670,18,adjacent_difference,15652,15651
15671,18,adjacent_difference,15653,15652
15672,18,adjacent_difference,15654,15653
15673,18,adjacent_difference,15655,15654
15674,18,adjacent_difference,15656,15655
15675,18,adjacent_difference,15657,15656
15676,18,adjacent_difference,15658,15657
15677,18,adjacent_difference,15659,15658
15678,18,adjacent_difference,15660,15659
15679,18,adjacent_difference,15661,15660
15680,18,adjacent_difference,15662,15661
15681,18,adjacent_difference,15663,15662
15682,18,adjacent_difference,15664,15663
15683,18,adjacent_difference,15665,15664
15684,18,adjacent_difference,15666,15665
15685,18,adjacent_difference,15667,15666
15686,18,adjacent_difference,15668,15667
15687,18,adjacent_difference,15669,15668
15688,18,adjacent_difference,15670,15669
15689,18,adjacent_difference,15671,15670
15690,18,adjacent_difference,15672,15671
15691,18,adjacent_difference,15673,15672
15692,18,adjacent_difference,15674,15673
15693,18,adjacent_difference,15675,15674
15694,18,adjacent_difference,15676,15675
15695,18,adjacent_difference,15677,15676
15696,18,adjacent_difference,15678,15677
15697,18,adjacent_difference,15679,15678
15698,18,adjacent_difference,15680,15679
15699,18,adjacent_difference,15681,15680
15700,18,adjacent_difference,15682,15681
15701,18,adjacent_difference,15683,15682
15702,18,adjacent_difference,15684,15683
15703,18,adjacent_difference,15685,15684
15704,18,adjacent_difference,15686,15685
15705,18,adjacent_difference,15687,15686
15706,18,adjacent_difference,15688,15687
15707,18,adjacent_difference,15689,15688
15708,18,adjacent_difference,15690,15689
15709,18,adjacent_difference,15691,15690
15710,18,adjacent_difference,15692,15691
15711,18,adjacent_difference,15693,15692
15712,18,adjacent_difference,15694,15693
15713,18,adjacent_difference,15695,15694
15714,18,adjacent_difference,15696,15695
15715,18,adjacent_difference,15697,15696
15716,18,adjacent_difference,15698,15697
15717,18,adjacent_difference,15699,15698
15718,18,adjacent_difference,15700,15699
15719,18,adjacent_difference,15701,15700
15720,18,adjacent_difference,15702,15701
15721,18,adjacent_difference,15703,15702
15722,18,adjacent_difference,15704,15703
15723,18,adjacent_difference,15705,15704
15724,18,adjacent_difference,15706,15705
15725,18,adjacent_difference,15707,15706
15726,18,adjacent_difference,15708,15707
15727,18,adjacent_difference,15709,15708
15728,18,adjacent_difference,15710,15709
15729,18,adjacent_difference,15711,15710
15730,18,adjacent_difference,15712,15711
15731,18,adjacent_difference,15713,15712
15732,18,adjacent_difference,15714,15713
15733,18,adjacent_difference,15715,15714
15734,18,adjacent_difference,15716,15715
15735,18,adjacent_difference,15717,15716
15736,18,adjacent_difference,15718,15717
15737,18,adjacent_difference,15719,15718
15738,18,adjacent_difference,15720,15719
15739,18,adjacent_difference,15721,15720
15740,18,adjacent_difference,15722,15721
15741,18,adjacent_difference,15723,15722
15742,18,adjacent_difference,15724,15723
15743,18,adjacent_difference,15725,15724
15744,18,adjacent_difference,15726,15725
15745,18,adjacent_difference,15727,15726
15746,18,adjacent_difference,15728,15727
15747,18,adjacent_difference,15729,15728
15748,18,adjacent_difference,15730,15729
15749,18,adjacent_difference,15731,15730
15750,18,adjacent_difference,15732,15731
15751,18,adjacent_difference,15733,15732
15752,18,adjacent_difference,15734,15733
15753,18,adjacent_difference,15735,15734
15754,18,adjacent_difference,15736,15735
15755,18,adjacent_difference,15737,15736
15756,18,adjacent_difference,15738,15737
15757,18,adjacent_difference,15739,15738
15758,18,adjacent_difference,15740,15739
15759,18,adjacent_difference,15741,15740
15760,18,adjacent_difference,15742,15741
15761,18,adjacent_difference,15743,15742
15762,18,adjacent_difference,15744,15743
15763,18,adjacent_difference,15745,15744
15764,18,adjacent_difference,15746,15745
15765,18,adjacent_difference,15747,15746
15766,18,adjacent_difference,15748,15747
15767,18,adjacent_difference,15749,15748
15768,18,adjacent_difference,15750,15749
15769,18,adjacent_difference,15751,15750
15770,18,adjacent_difference,15752,15751
15771,18,adjacent_difference,15753,15752
15772,18,adjacent_difference,15754,15753
15773,18,adjacent_difference,15755,15754
15774,18,adjacent_difference,15756,15755
15775,18,adjacent_difference,15757,15756
15776,18,adjacent_difference,15758,15757
15777,18,adjacent_difference,15759,15758
15778,18,adjacent_difference,15760,15759
15779,18,adjacent_difference,15761,15760
15780,18,adjacent_difference,15762,15761
15781,18,adjacent_difference,15763,15762
15782,18,adjacent_difference,15764,15763
15783,18,adjacent_difference,15765,15764
15784,18,adjacent_difference,15766,15765
15785,18,adjacent_difference,15767,15766
15786,18,adjacent_difference,15768,15767
15787,18,adjacent_difference,15769,15768
15788,18,adjacent_difference,15770,15769
15789,18,adjacent_difference,15771,15770
15790,18,adjacent_difference,15772,15771
15791,18,adjacent_difference,15773,15772
15792,18,adjacent_difference,15774,15773
15793,18,adjacent_difference,15775,15774
15794,18,adjacent_difference,15776,15775
15795,18,adjacent_difference,15777,15776
15796,18,adjacent_difference,15778,15777
15797,18,adjacent_difference,15779,15778
15798,18,adjacent_difference,15780,15779
15799,18,adjacent_difference,15781,15780
15800,18,adjacent_difference,15782,15781
15801,18,adjacent_difference,15783,15782
15802,18,adjacent_difference,15784,15783
15803,18,adjacent_difference,15785,15784
15804,18,adjacent_difference,15786,15785
15805,18,adjacent_difference,15787,15786
15806,18,adjacent_difference,15788,15787
15807,18,adjacent_difference,15789,15788
15808,18,adjacent_difference,15790,15789
15809,18,adjacent_difference,15791,15790
15810,18,adjacent_difference,15792,15791
15811,18,adjacent_difference,15793,15792
15812,18,adjacent_difference,15794,15793
15813,18,adjacent_difference,15795,15794
15814,18,adjacent_difference,15796,15795
15815,18,adjacent_difference,15797,15796
15816,18,adjacent_difference,15798,15797
15817,18,adjacent_difference,15799,15798
15818,18,adjacent_difference,15800,15799
15819,18,adjacent_difference,15801,15800
15820,18,adjacent_difference,15802,15801
15821,18,adjacent_difference,15803,15802
15822,18,adjacent_difference,15804,15803
15823,18,adjacent_difference,15805,15804
15824,18,adjacent_difference,15806,15805
15825,18,adjacent_difference,15807,15806
15826,18,adjacent_difference,15808,15807
15827,18,adjacent_difference,15809,15808
15828,18,adjacent_difference,15810,15809
15829,18,adjacent_difference,15811,15810
15830,18,adjacent_difference,15812,15811
15831,18,adjacent_difference,15813,15812
15832,18,adjacent_difference,15814,15813
15833,18,adjacent_difference,15815,15814
15834,18,adjacent_difference,15816,15815
15835,18,adjacent_difference,15817,15816
15836,18,adjacent_difference,15818,15817
15837,18,adjacent_difference,15819,15818
15838,18,adjacent_difference,15820,15819
15839,18,adjacent_difference,15821,15820
15840,18,adjacent_difference,15822,15821
15841,18,adjacent_difference,15823,15822
15842,18,adjacent_difference,15824,15823
15843,18,adjacent_difference,15825,15824
15844,18,adjacent_difference,15826,15825
15845,18,adjacent_difference,15827,15826
15846,18,adjacent_difference,15828,15827
15847,18,adjacent_difference,15829,15828
15848,18,adjacent_difference,15830,15829
15849,18,adjacent_difference,15831,15830
15850,18,adjacent_difference,15832,15831
15851,18,adjacent_difference,15833,15832
15852,18,adjacent_difference,15834,15833
15853,18,adjacent_difference,15835,15834
15854,18,adjacent_difference,15836,15835
15855,18,adjacent_difference,15837,15836
15856,18,adjacent_difference,15838,15837
15857,18,adjacent_difference,15839,15838
15858,18,adjacent_difference,15840,15839
15859,18,adjacent_difference,15841,15840
15860,18,adjacent_difference,15842,15841
15861,18,adjacent_difference,15843,15842
15862,18,adjacent_difference,15844,15843
15863,18,adjacent_difference,15845,15844
15864,18,adjacent_difference,15846,15845
15865,18,adjacent_difference,15847,15846
15866,18,adjacent_difference,15848,15847
15867,18,adjacent_difference,15849,15848
15868,18,adjacent_difference,15850,15849
15869,18,adjacent_difference,15851,15850
15870,18,adjacent_difference,15852,15851
15871,18,adjacent_difference,15853,15852
15872,18,adjacent_difference,15854,15853
15873,18,adjacent_difference,15855,15854
15874,18,adjacent_difference,15856,15855
15875,18,adjacent_difference,15857,15856
15876,18,adjacent_difference,15858,15857
15877,18,adjacent_difference,15859,15858
15878,18,adjacent_difference,15860,15859
15879,18,adjacent_difference,15861,15860
15880,18,adjacent_difference,15862,15861
15881,18,adjacent_difference,15863,15862
15882,18,adjacent_difference,15864,15863
15883,18,adjacent_difference,15865,15864
15884,18,adjacent_difference,15866,15865
15885,18,adjacent_difference,15867,15866
15886,18,adjacent_difference,15868,15867
15887,18,adjacent_difference,15869,15868
15888,18,adjacent_difference,15870,15869
15889,18,adjacent_difference,15871,15870
15890,18,adjacent_difference,15872,15871
15891,18,adjacent_difference,15873,15872
15892,18,adjacent_difference,15874,15873
15893,18,adjacent_difference,15875,15874
15894,18,adjacent_difference,15876,15875
15895,18,adjacent_difference,15877,15876
15896,18,adjacent_difference,15878,15877
15897,18,adjacent_difference,15879,15878
15898,18,adjacent_difference,15880,15879
15899,18,adjacent_difference,15881,15880
15900,18,adjacent_difference,15882,15881
15901,18,adjacent_difference,15883,15882
15902,18,adjacent_difference,15884,15883
15903,18,adjacent_difference,15885,15884
15904,18,adjacent_difference,15886,15885
15905,18,adjacent_difference,15887,15886
15906,18,adjacent_difference,15888,15887
15907,18,adjacent_difference,15889,15888
15908,18,adjacent_difference,15890,15889
15909,18,adjacent_difference,15891,15890
15910,18,adjacent_difference,15892,15891
15911,18,adjacent_difference,15893,15892
15912,18,adjacent_difference,15894,15893
15913,18,adjacent_difference,15895,15894
15914,18,adjacent_difference,15896,15895
15915,18,adjacent_difference,15897,15896
15916,18,adjacent_difference,15898,15897
15917,18,adjacent_difference,15899,15898
15918,18,adjacent_difference,15900,15899
15919,18,adjacent_difference,15901,15900
15920,18,adjacent_difference,15902,15901
15921,18,adjacent_difference,15903,15902
15922,18,adjacent_difference,15904,15903
15923,18,adjacent_difference,15905,15904
15924,18,adjacent_difference,15906,15905
15925,18,adjacent_difference,15907,15906
15926,18,adjacent_difference,15908,15907
15927,18,adjacent_difference,15909,15908
15928,18,adjacent_difference,15910,15909
15929,18,adjacent_difference,15911,15910
15930,18,adjacent_difference,15912,15911
15931,18,adjacent_difference,15913,15912
15932,18,adjacent_difference,15914,15913
15933,18,adjacent_difference,15915,15914
15934,18,adjacent_difference,15916,15915
15935,18,adjacent_difference,15917,15916
15936,18,adjacent_difference,15918,15917
15937,18,adjacent_difference,15919,15918
15938,18,adjacent_difference,15920,15919
15939,18,adjacent_difference,15921,15920
15940,18,adjacent_difference,15922,15921
15941,18,adjacent_difference,15923,15922
15942,18,adjacent_difference,15924,15923
15943,18,adjacent_difference,15925,15924
15944,18,adjacent_difference,15926,15925
15945,18,adjacent_difference,15927,15926
15946,18,adjacent_difference,15928,15927
15947,18,adjacent_difference,15929,15928
15948,18,adjacent_difference,15930,15929
15949,18,adjacent_difference,15931,15930
15950,18,adjacent_difference,15932,15931
15951,18,adjacent_difference,15933,15932
15952,18,adjacent_difference,15934,15933
15953,18,adjacent_difference,15935,15934
15954,18,adjacent_difference,15936,15935
15955,18,adjacent_difference,15937,15936
15956,18,adjacent_difference,15938,15937
15957,18,adjacent_difference,15939,15938
15958,18,adjacent_difference,15940,15939
15959,18,adjacent_difference,15941,15940
15960,18,adjacent_difference,15942,15941
15961,18,adjacent_difference,15943,15942
15962,18,adjacent_difference,15944,15943
15963,18,adjacent_difference,15945,15944
15964,18,adjacent_difference,15946,15945
15965,18,adjacent_difference,15947,15946
15966,18,adjacent_difference,15948,15947
15967,18,adjacent_difference,15949,15948
15968,18,adjacent_difference,15950,15949
15969,18,adjacent_difference,15951,15950
15970,18,adjacent_difference,15952,15951
15971,18,adjacent_difference,15953,15952
15972,18,adjacent_difference,15954,15953
15973,18,adjacent_difference,15955,15954
15974,18,adjacent_difference,15956,15955
15975,18,adjacent_difference,15957,15956
15976,18,adjacent_difference,15958,15957
15977,18,adjacent_difference,15959,15958
15978,18,adjacent_difference,15960,15959
15979,18,adjacent_difference,15961,15960
15980,18,adjacent_difference,15962,15961
15981,18,adjacent_difference,15963,15962
15982,18,adjacent_difference,15964,15963
15983,18,adjacent_difference,15965,15964
15984,18,adjacent_difference,15966,15965
15985,18,adjacent_difference,15967,15966
15986,18,adjacent_difference,15968,15967
15987,18,adjacent_difference,15969,15968
15988,18,adjacent_difference,15970,15969
15989,18,adjacent_difference,15971,15970
15990,18,adjacent_difference,15972,15971
15991,18,adjacent_difference,15973,15972
15992,18,adjacent_difference,15974,15973
15993,18,adjacent_difference,15975,15974
15994,18,adjacent_difference,15976,15975
15995,18,adjacent_difference,15977,15976
15996,18,adjacent_difference,15978,15977
15997,18,adjacent_difference,15979,15978
15998,18,adjacent_difference,15980,15979
15999,18,adjacent_difference,15981,15980
16000,18,adjacent_difference,15982,15981
16001,18,adjacent_difference,15983,15982
16002,18,adjacent_difference,15984,15983
16003,18,adjacent_difference,15985,15984
16004,18,adjacent_difference,15986,15985
16005,18,adjacent_difference,15987,15986
16006,18,adjacent_difference,15988,15987
16007,18,adjacent_difference,15989,15988
16008,18,adjacent_difference,15990,15989
16009,18,adjacent_difference,15991,15990
16010,18,adjacent_difference,15992,15991
16011,18,adjacent_difference,15993,15992
16012,18,adjacent_difference,15994,15993
16013,18,adjacent_difference,15995,15994
16014,18,adjacent_difference,15996,15995
16015,18,adjacent_difference,15997,15996
16016,18,adjacent_difference,15998,15997
16017,18,adjacent_difference,15999,15998
16018,18,adjacent_difference,16000,15999
16019,18,adjacent_difference,16001,16000
16020,18,adjacent_difference,16002,16001
16021,18,adjacent_difference,16003,16002
16022,18,adjacent_difference,16004,16003
16023,18,adjacent_difference,16005,16004
16024,18,adjacent_difference,16006,16005
16025,18,adjacent_difference,16007,16006
16026,18,adjacent_difference,16008,16007
16027,18,adjacent_difference,16009,16008
16028,18,adjacent_difference,16010,16009
16029,18,adjacent_difference,16011,16010
16030,18,adjacent_difference,16012,16011
16031,18,adjacent_difference,16013,16012
16032,18,adjacent_difference,16014,16013
16033,18,adjacent_difference,16015,16014
16034,18,adjacent_difference,16016,16015
16035,18,adjacent_difference,16017,16016
16036,18,adjacent_difference,16018,16017
16037,18,adjacent_difference,16019,16018
16038,18,adjacent_difference,16020,16019
16039,18,adjacent_difference,16021,16020
16040,18,adjacent_difference,16022,16021
16041,18,adjacent_difference,16023,16022
16042,18,adjacent_difference,16024,16023
16043,18,adjacent_difference,16025,16024
16044,18,adjacent_difference,16026,16025
16045,18,adjacent_difference,16027,16026
16046,18,adjacent_difference,16028,16027
16047,18,adjacent_difference,16029,16028
16048,18,adjacent_difference,16030,16029
16049,18,adjacent_difference,16031,16030
16050,18,adjacent_difference,16032,16031
16051,18,adjacent_difference,16033,16032
16052,18,adjacent_difference,16034,16033
16053,18,adjacent_difference,16035,16034
16054,18,adjacent_difference,16036,16035
16055,18,adjacent_difference,16037,16036
16056,18,adjacent_difference,16038,16037
16057,18,adjacent_difference,16039,16038
16058,18,adjacent_difference,16040,16039
16059,18,adjacent_difference,16041,16040
16060,18,adjacent_difference,16042,16041
16061,18,adjacent_difference,16043,16042
16062,18,adjacent_difference,16044,16043
16063,18,adjacent_difference,16045,16044
16064,18,adjacent_difference,16046,16045
16065,18,adjacent_difference,16047,16046
16066,18,adjacent_difference,16048,16047
16067,18,adjacent_difference,16049,16048
16068,18,adjacent_difference,16050,16049
16069,18,adjacent_difference,16051,16050
16070,18,adjacent_difference,16052,16051
16071,18,adjacent_difference,16053,16052
16072,18,adjacent_difference,16054,16053
16073,18,terminal_inverse,-1,16054
16074,19,absolute_start,16055,-1
16075,19,adjacent_difference,16056,16055
16076,19,adjacent_difference,16057,16056
16077,19,adjacent_difference,16058,16057
16078,19,adjacent_difference,16059,16058
16079,19,adjacent_difference,16060,16059
16080,19,adjacent_difference,16061,16060
16081,19,adjacent_difference,16062,16061
16082,19,adjacent_difference,16063,16062
16083,19,adjacent_difference,16064,16063
16084,19,adjacent_difference,16065,16064
16085,19,adjacent_difference,16066,16065
16086,19,adjacent_difference,16067,16066
16087,19,adjacent_difference,16068,16067
16088,19,adjacent_difference,16069,16068
16089,19,adjacent_difference,16070,16069
16090,19,adjacent_difference,16071,16070
16091,19,adjacent_difference,16072,16071
16092,19,adjacent_difference,16073,16072
16093,19,adjacent_difference,16074,16073
16094,19,adjacent_difference,16075,16074
16095,19,adjacent_difference,16076,16075
16096,19,adjacent_difference,16077,16076
16097,19,adjacent_difference,16078,16077
16098,19,adjacent_difference,16079,16078
16099,19,adjacent_difference,16080,16079
16100,19,adjacent_difference,16081,16080
16101,19,adjacent_difference,16082,16081
16102,19,adjacent_difference,16083,16082
16103,19,adjacent_difference,16084,16083
16104,19,adjacent_difference,16085,16084
16105,19,adjacent_difference,16086,16085
16106,19,adjacent_difference,16087,16086
16107,19,adjacent_difference,16088,16087
16108,19,adjacent_difference,16089,16088
16109,19,adjacent_difference,16090,16089
16110,19,adjacent_difference,16091,16090
16111,19,adjacent_difference,16092,16091
16112,19,adjacent_difference,16093,16092
16113,19,adjacent_difference,16094,16093
16114,19,adjacent_difference,16095,16094
16115,19,adjacent_difference,16096,16095
16116,19,adjacent_difference,16097,16096
16117,19,adjacent_difference,16098,16097
16118,19,adjacent_difference,16099,16098
16119,19,adjacent_difference,16100,16099
16120,19,adjacent_difference,16101,16100
16121,19,adjacent_difference,16102,16101
16122,19,adjacent_difference,16103,16102
16123,19,adjacent_difference,16104,16103
16124,19,adjacent_difference,16105,16104
16125,19,adjacent_difference,16106,16105
16126,19,adjacent_difference,16107,16106
16127,19,adjacent_difference,16108,16107
16128,19,adjacent_difference,16109,16108
16129,19,adjacent_difference,16110,16109
16130,19,adjacent_difference,16111,16110
16131,19,adjacent_difference,16112,16111
16132,19,adjacent_difference,16113,16112
16133,19,adjacent_difference,16114,16113
16134,19,adjacent_difference,16115,16114
16135,19,adjacent_difference,16116,16115
16136,19,adjacent_difference,16117,16116
16137,19,adjacent_difference,16118,16117
16138,19,adjacent_difference,16119,16118
16139,19,adjacent_difference,16120,16119
16140,19,adjacent_difference,16121,16120
16141,19,adjacent_difference,16122,16121
16142,19,adjacent_difference,16123,16122
16143,19,adjacent_difference,16124,16123
16144,19,adjacent_difference,16125,16124
16145,19,adjacent_difference,16126,16125
16146,19,adjacent_difference,16127,16126
16147,19,adjacent_difference,16128,16127
16148,19,adjacent_difference,16129,16128
16149,19,adjacent_difference,16130,16129
16150,19,adjacent_difference,16131,16130
16151,19,adjacent_difference,16132,16131
16152,19,adjacent_difference,16133,16132
16153,19,adjacent_difference,16134,16133
16154,19,adjacent_difference,16135,16134
16155,19,adjacent_difference,16136,16135
16156,19,adjacent_difference,16137,16136
16157,19,adjacent_difference,16138,16137
16158,19,adjacent_difference,16139,16138
16159,19,adjacent_difference,16140,16139
16160,19,adjacent_difference,16141,16140
16161,19,adjacent_difference,16142,16141
16162,19,adjacent_difference,16143,16142
16163,19,adjacent_difference,16144,16143
16164,19,adjacent_difference,16145,16144
16165,19,adjacent_difference,16146,16145
16166,19,adjacent_difference,16147,16146
16167,19,adjacent_difference,16148,16147
16168,19,adjacent_difference,16149,16148
16169,19,adjacent_difference,16150,16149
16170,19,adjacent_difference,16151,16150
16171,19,adjacent_difference,16152,16151
16172,19,adjacent_difference,16153,16152
16173,19,adjacent_difference,16154,16153
16174,19,adjacent_difference,16155,16154
16175,19,adjacent_difference,16156,16155
16176,19,adjacent_difference,16157,16156
16177,19,adjacent_difference,16158,16157
16178,19,adjacent_difference,16159,16158
16179,19,adjacent_difference,16160,16159
16180,19,adjacent_difference,16161,16160
16181,19,adjacent_difference,16162,16161
16182,19,adjacent_difference,16163,16162
16183,19,adjacent_difference,16164,16163
16184,19,adjacent_difference,16165,16164
16185,19,adjacent_difference,16166,16165
16186,19,adjacent_difference,16167,16166
16187,19,adjacent_difference,16168,16167
16188,19,adjacent_difference,16169,16168
16189,19,adjacent_difference,16170,16169
16190,19,adjacent_difference,16171,16170
16191,19,adjacent_difference,16172,16171
16192,19,adjacent_difference,16173,16172
16193,19,adjacent_difference,16174,16173
16194,19,adjacent_difference,16175,16174
16195,19,adjacent_difference,16176,16175
16196,19,adjacent_difference,16177,16176
16197,19,adjacent_difference,16178,16177
16198,19,adjacent_difference,16179,16178
16199,19,adjacent_difference,16180,16179
16200,19,adjacent_difference,16181,16180
16201,19,adjacent_difference,16182,16181
16202,19,adjacent_difference,16183,16182
16203,19,adjacent_difference,16184,16183
16204,19,adjacent_difference,16185,16184
16205,19,adjacent_difference,16186,16185
16206,19,adjacent_difference,16187,16186
16207,19,adjacent_difference,16188,16187
16208,19,adjacent_difference,16189,16188
16209,19,adjacent_difference,16190,16189
16210,19,adjacent_difference,16191,16190
16211,19,adjacent_difference,16192,16191
16212,19,adjacent_difference,16193,16192
16213,19,adjacent_difference,16194,16193
16214,19,adjacent_difference,16195,16194
16215,19,adjacent_difference,16196,16195
16216,19,adjacent_difference,16197,16196
16217,19,adjacent_difference,16198,16197
16218,19,adjacent_difference,16199,16198
16219,19,adjacent_difference,16200,16199
16220,19,adjacent_difference,16201,16200
16221,19,adjacent_difference,16202,16201
16222,19,adjacent_difference,16203,16202
16223,19,adjacent_difference,16204,16203
16224,19,adjacent_difference,16205,16204
16225,19,adjacent_difference,16206,16205
16226,19,adjacent_difference,16207,16206
16227,19,adjacent_difference,16208,16207
16228,19,adjacent_difference,16209,16208
16229,19,adjacent_difference,16210,16209
16230,19,adjacent_difference,16211,16210
16231,19,adjacent_difference,16212,16211
16232,19,adjacent_difference,16213,16212
16233,19,adjacent_difference,16214,16213
16234,19,adjacent_difference,16215,16214
16235,19,adjacent_difference,16216,16215
16236,19,adjacent_difference,16217,16216
16237,19,adjacent_difference,16218,16217
16238,19,adjacent_difference,16219,16218
16239,19,adjacent_difference,16220,16219
16240,19,adjacent_difference,16221,16220
16241,19,adjacent_difference,16222,16221
16242,19,adjacent_difference,16223,16222
16243,19,adjacent_difference,16224,16223
16244,19,adjacent_difference,16225,16224
16245,19,adjacent_difference,16226,16225
16246,19,adjacent_difference,16227,16226
16247,19,adjacent_difference,16228,16227
16248,19,adjacent_difference,16229,16228
16249,19,adjacent_difference,16230,16229
16250,19,adjacent_difference,16231,16230
16251,19,adjacent_difference,16232,16231
16252,19,adjacent_difference,16233,16232
16253,19,adjacent_difference,16234,16233
16254,19,adjacent_difference,16235,16234
16255,19,adjacent_difference,16236,16235
16256,19,adjacent_difference,16237,16236
16257,19,adjacent_difference,16238,16237
16258,19,adjacent_difference,16239,16238
16259,19,adjacent_difference,16240,16239
16260,19,adjacent_difference,16241,16240
16261,19,adjacent_difference,16242,16241
16262,19,adjacent_difference,16243,16242
16263,19,adjacent_difference,16244,16243
16264,19,adjacent_difference,16245,16244
16265,19,adjacent_difference,16246,16245
16266,19,adjacent_difference,16247,16246
16267,19,adjacent_difference,16248,16247
16268,19,adjacent_difference,16249,16248
16269,19,adjacent_difference,16250,16249
16270,19,adjacent_difference,16251,16250
16271,19,adjacent_difference,16252,16251
16272,19,adjacent_difference,16253,16252
16273,19,adjacent_difference,16254,16253
16274,19,adjacent_difference,16255,16254
16275,19,adjacent_difference,16256,16255
16276,19,adjacent_difference,16257,16256
16277,19,adjacent_difference,16258,16257
16278,19,adjacent_difference,16259,16258
16279,19,adjacent_difference,16260,16259
16280,19,adjacent_difference,16261,16260
16281,19,adjacent_difference,16262,16261
16282,19,adjacent_difference,16263,16262
16283,19,adjacent_difference,16264,16263
16284,19,adjacent_difference,16265,16264
16285,19,adjacent_difference,16266,16265
16286,19,adjacent_difference,16267,16266
16287,19,adjacent_difference,16268,16267
16288,19,adjacent_difference,16269,16268
16289,19,adjacent_difference,16270,16269
16290,19,adjacent_difference,16271,16270
16291,19,adjacent_difference,16272,16271
16292,19,adjacent_difference,16273,16272
16293,19,adjacent_difference,16274,16273
16294,19,adjacent_difference,16275,16274
16295,19,adjacent_difference,16276,16275
16296,19,adjacent_difference,16277,16276
16297,19,adjacent_difference,16278,16277
16298,19,adjacent_difference,16279,16278
16299,19,adjacent_difference,16280,16279
16300,19,adjacent_difference,16281,16280
16301,19,adjacent_difference,16282,16281
16302,19,adjacent_difference,16283,16282
16303,19,adjacent_difference,16284,16283
16304,19,adjacent_difference,16285,16284
16305,19,adjacent_difference,16286,16285
16306,19,adjacent_difference,16287,16286
16307,19,adjacent_difference,16288,16287
16308,19,adjacent_difference,16289,16288
16309,19,adjacent_difference,16290,16289
16310,19,adjacent_difference,16291,16290
16311,19,adjacent_difference,16292,16291
16312,19,adjacent_difference,16293,16292
16313,19,adjacent_difference,16294,16293
16314,19,adjacent_difference,16295,16294
16315,19,adjacent_difference,16296,16295
16316,19,adjacent_difference,16297,16296
16317,19,adjacent_difference,16298,16297
16318,19,adjacent_difference,16299,16298
16319,19,adjacent_difference,16300,16299
16320,19,adjacent_difference,16301,16300
16321,19,adjacent_difference,16302,16301
16322,19,adjacent_difference,16303,16302
16323,19,adjacent_difference,16304,16303
16324,19,adjacent_difference,16305,16304
16325,19,adjacent_difference,16306,16305
16326,19,adjacent_difference,16307,16306
16327,19,adjacent_difference,16308,16307
16328,19,adjacent_difference,16309,16308
16329,19,adjacent_difference,16310,16309
16330,19,adjacent_difference,16311,16310
16331,19,adjacent_difference,16312,16311
16332,19,adjacent_difference,16313,16312
16333,19,adjacent_difference,16314,16313
16334,19,adjacent_difference,16315,16314
16335,19,adjacent_difference,16316,16315
16336,19,adjacent_difference,16317,16316
16337,19,adjacent_difference,16318,16317
16338,19,adjacent_difference,16319,16318
16339,19,adjacent_difference,16320,16319
16340,19,adjacent_difference,16321,16320
16341,19,adjacent_difference,16322,16321
16342,19,adjacent_difference,16323,16322
16343,19,adjacent_difference,16324,16323
16344,19,adjacent_difference,16325,16324
16345,19,adjacent_difference,16326,16325
16346,19,adjacent_difference,16327,16326
16347,19,adjacent_difference,16328,16327
16348,19,adjacent_difference,16329,16328
16349,19,adjacent_difference,16330,16329
16350,19,adjacent_difference,16331,16330
16351,19,adjacent_difference,16332,16331
16352,19,adjacent_difference,16333,16332
16353,19,adjacent_difference,16334,16333
16354,19,adjacent_difference,16335,16334
16355,19,adjacent_difference,16336,16335
16356,19,adjacent_difference,16337,16336
16357,19,adjacent_difference,16338,16337
16358,19,adjacent_difference,16339,16338
16359,19,adjacent_difference,16340,16339
16360,19,adjacent_difference,16341,16340
16361,19,adjacent_difference,16342,16341
16362,19,adjacent_difference,16343,16342
16363,19,adjacent_difference,16344,16343
16364,19,adjacent_difference,16345,16344
16365,19,adjacent_difference,16346,16345
16366,19,adjacent_difference,16347,16346
16367,19,adjacent_difference,16348,16347
16368,19,adjacent_difference,16349,16348
16369,19,adjacent_difference,16350,16349
16370,19,adjacent_difference,16351,16350
16371,19,adjacent_difference,16352,16351
16372,19,adjacent_difference,16353,16352
16373,19,adjacent_difference,16354,16353
16374,19,adjacent_difference,16355,16354
16375,19,adjacent_difference,16356,16355
16376,19,adjacent_difference,16357,16356
16377,19,adjacent_difference,16358,16357
16378,19,adjacent_difference,16359,16358
16379,19,adjacent_difference,16360,16359
16380,19,adjacent_difference,16361,16360
16381,19,adjacent_difference,16362,16361
16382,19,adjacent_difference,16363,16362
16383,19,adjacent_difference,16364,16363
16384,19,adjacent_difference,16365,16364
16385,19,adjacent_difference,16366,16365
16386,19,adjacent_difference,16367,16366
16387,19,adjacent_difference,16368,16367
16388,19,adjacent_difference,16369,16368
16389,19,adjacent_difference,16370,16369
16390,19,adjacent_difference,16371,16370
16391,19,adjacent_difference,16372,16371
16392,19,adjacent_difference,16373,16372
16393,19,adjacent_difference,16374,16373
16394,19,adjacent_difference,16375,16374
16395,19,adjacent_difference,16376,16375
16396,19,adjacent_difference,16377,16376
16397,19,adjacent_difference,16378,16377
16398,19,adjacent_difference,16379,16378
16399,19,adjacent_difference,16380,16379
16400,19,adjacent_difference,16381,16380
16401,19,adjacent_difference,16382,16381
16402,19,adjacent_difference,16383,16382
16403,19,adjacent_difference,16384,16383
16404,19,adjacent_difference,16385,16384
16405,19,adjacent_difference,16386,16385
16406,19,adjacent_difference,16387,16386
16407,19,adjacent_difference,16388,16387
16408,19,adjacent_difference,16389,16388
16409,19,adjacent_difference,16390,16389
16410,19,adjacent_difference,16391,16390
16411,19,adjacent_difference,16392,16391
16412,19,adjacent_difference,16393,16392
16413,19,adjacent_difference,16394,16393
16414,19,adjacent_difference,16395,16394
16415,19,adjacent_difference,16396,16395
16416,19,adjacent_difference,16397,16396
16417,19,adjacent_difference,16398,16397
16418,19,adjacent_difference,16399,16398
16419,19,adjacent_difference,16400,16399
16420,19,adjacent_difference,16401,16400
16421,19,adjacent_difference,16402,16401
16422,19,adjacent_difference,16403,16402
16423,19,adjacent_difference,16404,16403
16424,19,adjacent_difference,16405,16404
16425,19,adjacent_difference,16406,16405
16426,19,adjacent_difference,16407,16406
16427,19,adjacent_difference,16408,16407
16428,19,adjacent_difference,16409,16408
16429,19,adjacent_difference,16410,16409
16430,19,adjacent_difference,16411,16410
16431,19,adjacent_difference,16412,16411
16432,19,adjacent_difference,16413,16412
16433,19,adjacent_difference,16414,16413
16434,19,adjacent_difference,16415,16414
16435,19,adjacent_difference,16416,16415
16436,19,adjacent_difference,16417,16416
16437,19,adjacent_difference,16418,16417
16438,19,adjacent_difference,16419,16418
16439,19,adjacent_difference,16420,16419
16440,19,adjacent_difference,16421,16420
16441,19,adjacent_difference,16422,16421
16442,19,adjacent_difference,16423,16422
16443,19,adjacent_difference,16424,16423
16444,19,adjacent_difference,16425,16424
16445,19,adjacent_difference,16426,16425
16446,19,adjacent_difference,16427,16426
16447,19,adjacent_difference,16428,16427
16448,19,adjacent_difference,16429,16428
16449,19,adjacent_difference,16430,16429
16450,19,adjacent_difference,16431,16430
16451,19,adjacent_difference,16432,16431
16452,19,adjacent_difference,16433,16432
16453,19,adjacent_difference,16434,16433
16454,19,adjacent_difference,16435,16434
16455,19,adjacent_difference,16436,16435
16456,19,adjacent_difference,16437,16436
16457,19,adjacent_difference,16438,16437
16458,19,adjacent_difference,16439,16438
16459,19,adjacent_difference,16440,16439
16460,19,adjacent_difference,16441,16440
16461,19,adjacent_difference,16442,16441
16462,19,adjacent_difference,16443,16442
16463,19,adjacent_difference,16444,16443
16464,19,adjacent_difference,16445,16444
16465,19,adjacent_difference,16446,16445
16466,19,adjacent_difference,16447,16446
16467,19,adjacent_difference,16448,16447
16468,19,adjacent_difference,16449,16448
16469,19,adjacent_difference,16450,16449
16470,19,adjacent_difference,16451,16450
16471,19,adjacent_difference,16452,16451
16472,19,adjacent_difference,16453,16452
16473,19,adjacent_difference,16454,16453
16474,19,adjacent_difference,16455,16454
16475,19,adjacent_difference,16456,16455
16476,19,adjacent_difference,16457,16456
16477,19,adjacent_difference,16458,16457
16478,19,adjacent_difference,16459,16458
16479,19,adjacent_difference,16460,16459
16480,19,adjacent_difference,16461,16460
16481,19,adjacent_difference,16462,16461
16482,19,adjacent_difference,16463,16462
16483,19,adjacent_difference,16464,16463
16484,19,adjacent_difference,16465,16464
16485,19,adjacent_difference,16466,16465
16486,19,adjacent_difference,16467,16466
16487,19,adjacent_difference,16468,16467
16488,19,adjacent_difference,16469,16468
16489,19,adjacent_difference,16470,16469
16490,19,adjacent_difference,16471,16470
16491,19,adjacent_difference,16472,16471
16492,19,adjacent_difference,16473,16472
16493,19,adjacent_difference,16474,16473
16494,19,adjacent_difference,16475,16474
16495,19,adjacent_difference,16476,16475
16496,19,adjacent_difference,16477,16476
16497,19,adjacent_difference,16478,16477
16498,19,adjacent_difference,16479,16478
16499,19,adjacent_difference,16480,16479
16500,19,adjacent_difference,16481,16480
16501,19,adjacent_difference,16482,16481
16502,19,adjacent_difference,16483,16482
16503,19,adjacent_difference,16484,16483
16504,19,adjacent_difference,16485,16484
16505,19,adjacent_difference,16486,16485
16506,19,adjacent_difference,16487,16486
16507,19,adjacent_difference,16488,16487
16508,19,adjacent_difference,16489,16488
16509,19,adjacent_difference,16490,16489
16510,19,adjacent_difference,16491,16490
16511,19,adjacent_difference,16492,16491
16512,19,adjacent_difference,16493,16492
16513,19,adjacent_difference,16494,16493
16514,19,adjacent_difference,16495,16494
16515,19,adjacent_difference,16496,16495
16516,19,adjacent_difference,16497,16496
16517,19,adjacent_difference,16498,16497
16518,19,adjacent_difference,16499,16498
16519,19,adjacent_difference,16500,16499
16520,19,adjacent_difference,16501,16500
16521,19,adjacent_difference,16502,16501
16522,19,adjacent_difference,16503,16502
16523,19,adjacent_difference,16504,16503
16524,19,adjacent_difference,16505,16504
16525,19,adjacent_difference,16506,16505
16526,19,adjacent_difference,16507,16506
16527,19,adjacent_difference,16508,16507
16528,19,adjacent_difference,16509,16508
16529,19,adjacent_difference,16510,16509
16530,19,adjacent_difference,16511,16510
16531,19,adjacent_difference,16512,16511
16532,19,adjacent_difference,16513,16512
16533,19,adjacent_difference,16514,16513
16534,19,adjacent_difference,16515,16514
16535,19,adjacent_difference,16516,16515
16536,19,adjacent_difference,16517,16516
16537,19,adjacent_difference,16518,16517
16538,19,adjacent_difference,16519,16518
16539,19,adjacent_difference,16520,16519
16540,19,adjacent_difference,16521,16520
16541,19,adjacent_difference,16522,16521
16542,19,adjacent_difference,16523,16522
16543,19,adjacent_difference,16524,16523
16544,19,adjacent_difference,16525,16524
16545,19,adjacent_difference,16526,16525
16546,19,adjacent_difference,16527,16526
16547,19,adjacent_difference,16528,16527
16548,19,adjacent_difference,16529,16528
16549,19,adjacent_difference,16530,16529
16550,19,adjacent_difference,16531,16530
16551,19,adjacent_difference,16532,16531
16552,19,adjacent_difference,16533,16532
16553,19,adjacent_difference,16534,16533
16554,19,adjacent_difference,16535,16534
16555,19,adjacent_difference,16536,16535
16556,19,adjacent_difference,16537,16536
16557,19,adjacent_difference,16538,16537
16558,19,adjacent_difference,16539,16538
16559,19,adjacent_difference,16540,16539
16560,19,adjacent_difference,16541,16540
16561,19,adjacent_difference,16542,16541
16562,19,adjacent_difference,16543,16542
16563,19,adjacent_difference,16544,16543
16564,19,adjacent_difference,16545,16544
16565,19,adjacent_difference,16546,16545
16566,19,adjacent_difference,16547,16546
16567,19,adjacent_difference,16548,16547
16568,19,adjacent_difference,16549,16548
16569,19,adjacent_difference,16550,16549
16570,19,adjacent_difference,16551,16550
16571,19,adjacent_difference,16552,16551
16572,19,adjacent_difference,16553,16552
16573,19,adjacent_difference,16554,16553
16574,19,adjacent_difference,16555,16554
16575,19,adjacent_difference,16556,16555
16576,19,adjacent_difference,16557,16556
16577,19,adjacent_difference,16558,16557
16578,19,adjacent_difference,16559,16558
16579,19,adjacent_difference,16560,16559
16580,19,adjacent_difference,16561,16560
16581,19,adjacent_difference,16562,16561
16582,19,adjacent_difference,16563,16562
16583,19,adjacent_difference,16564,16563
16584,19,adjacent_difference,16565,16564
16585,19,adjacent_difference,16566,16565
16586,19,adjacent_difference,16567,16566
16587,19,adjacent_difference,16568,16567
16588,19,adjacent_difference,16569,16568
16589,19,adjacent_difference,16570,16569
16590,19,adjacent_difference,16571,16570
16591,19,adjacent_difference,16572,16571
16592,19,adjacent_difference,16573,16572
16593,19,adjacent_difference,16574,16573
16594,19,adjacent_difference,16575,16574
16595,19,adjacent_difference,16576,16575
16596,19,adjacent_difference,16577,16576
16597,19,adjacent_difference,16578,16577
16598,19,adjacent_difference,16579,16578
16599,19,adjacent_difference,16580,16579
16600,19,adjacent_difference,16581,16580
16601,19,adjacent_difference,16582,16581
16602,19,adjacent_difference,16583,16582
16603,19,adjacent_difference,16584,16583
16604,19,adjacent_difference,16585,16584
16605,19,adjacent_difference,16586,16585
16606,19,adjacent_difference,16587,16586
16607,19,adjacent_difference,16588,16587
16608,19,adjacent_difference,16589,16588
16609,19,adjacent_difference,16590,16589
16610,19,adjacent_difference,16591,16590
16611,19,adjacent_difference,16592,16591
16612,19,adjacent_difference,16593,16592
16613,19,adjacent_difference,16594,16593
16614,19,adjacent_difference,16595,16594
16615,19,adjacent_difference,16596,16595
16616,19,adjacent_difference,16597,16596
16617,19,adjacent_difference,16598,16597
16618,19,adjacent_difference,16599,16598
16619,19,adjacent_difference,16600,16599
16620,19,adjacent_difference,16601,16600
16621,19,adjacent_difference,16602,16601
16622,19,adjacent_difference,16603,16602
16623,19,adjacent_difference,16604,16603
16624,19,adjacent_difference,16605,16604
16625,19,adjacent_difference,16606,16605
16626,19,adjacent_difference,16607,16606
16627,19,adjacent_difference,16608,16607
16628,19,adjacent_difference,16609,16608
16629,19,adjacent_difference,16610,16609
16630,19,adjacent_difference,16611,16610
16631,19,adjacent_difference,16612,16611
16632,19,adjacent_difference,16613,16612
16633,19,adjacent_difference,16614,16613
16634,19,adjacent_difference,16615,16614
16635,19,adjacent_difference,16616,16615
16636,19,adjacent_difference,16617,16616
16637,19,adjacent_difference,16618,16617
16638,19,adjacent_difference,16619,16618
16639,19,adjacent_difference,16620,16619
16640,19,adjacent_difference,16621,16620
16641,19,adjacent_difference,16622,16621
16642,19,adjacent_difference,16623,16622
16643,19,adjacent_difference,16624,16623
16644,19,adjacent_difference,16625,16624
16645,19,adjacent_difference,16626,16625
16646,19,adjacent_difference,16627,16626
16647,19,adjacent_difference,16628,16627
16648,19,adjacent_difference,16629,16628
16649,19,adjacent_difference,16630,16629
16650,19,adjacent_difference,16631,16630
16651,19,adjacent_difference,16632,16631
16652,19,adjacent_difference,16633,16632
16653,19,adjacent_difference,16634,16633
16654,19,adjacent_difference,16635,16634
16655,19,adjacent_difference,16636,16635
16656,19,adjacent_difference,16637,16636
16657,19,adjacent_difference,16638,16637
16658,19,adjacent_difference,16639,16638
16659,19,adjacent_difference,16640,16639
16660,19,adjacent_difference,16641,16640
16661,19,adjacent_difference,16642,16641
16662,19,adjacent_difference,16643,16642
16663,19,adjacent_difference,16644,16643
16664,19,adjacent_difference,16645,16644
16665,19,adjacent_difference,16646,16645
16666,19,adjacent_difference,16647,16646
16667,19,adjacent_difference,16648,16647
16668,19,adjacent_difference,16649,16648
16669,19,adjacent_difference,16650,16649
16670,19,adjacent_difference,16651,16650
16671,19,adjacent_difference,16652,16651
16672,19,adjacent_difference,16653,16652
16673,19,adjacent_difference,16654,16653
16674,19,adjacent_difference,16655,16654
16675,19,adjacent_difference,16656,16655
16676,19,adjacent_difference,16657,16656
16677,19,adjacent_difference,16658,16657
16678,19,adjacent_difference,16659,16658
16679,19,adjacent_difference,16660,16659
16680,19,adjacent_difference,16661,16660
16681,19,adjacent_difference,16662,16661
16682,19,adjacent_difference,16663,16662
16683,19,adjacent_difference,16664,16663
16684,19,adjacent_difference,16665,16664
16685,19,adjacent_difference,16666,16665
16686,19,adjacent_difference,16667,16666
16687,19,adjacent_difference,16668,16667
16688,19,adjacent_difference,16669,16668
16689,19,adjacent_difference,16670,16669
16690,19,adjacent_difference,16671,16670
16691,19,adjacent_difference,16672,16671
16692,19,adjacent_difference,16673,16672
16693,19,adjacent_difference,16674,16673
16694,19,adjacent_difference,16675,16674
16695,19,adjacent_difference,16676,16675
16696,19,adjacent_difference,16677,16676
16697,19,adjacent_difference,16678,16677
16698,19,adjacent_difference,16679,16678
16699,19,adjacent_difference,16680,16679
16700,19,adjacent_difference,16681,16680
16701,19,adjacent_difference,16682,16681
16702,19,adjacent_difference,16683,16682
16703,19,adjacent_difference,16684,16683
16704,19,adjacent_difference,16685,16684
16705,19,adjacent_difference,16686,16685
16706,19,adjacent_difference,16687,16686
16707,19,adjacent_difference,16688,16687
16708,19,adjacent_difference,16689,16688
16709,19,adjacent_difference,16690,16689
16710,19,adjacent_difference,16691,16690
16711,19,adjacent_difference,16692,16691
16712,19,adjacent_difference,16693,16692
16713,19,adjacent_difference,16694,16693
16714,19,adjacent_difference,16695,16694
16715,19,adjacent_difference,16696,16695
16716,19,adjacent_difference,16697,16696
16717,19,adjacent_difference,16698,16697
16718,19,adjacent_difference,16699,16698
16719,19,adjacent_difference,16700,16699
16720,19,adjacent_difference,16701,16700
16721,19,adjacent_difference,16702,16701
16722,19,adjacent_difference,16703,16702
16723,19,adjacent_difference,16704,16703
16724,19,adjacent_difference,16705,16704
16725,19,adjacent_difference,16706,16705
16726,19,adjacent_difference,16707,16706
16727,19,adjacent_difference,16708,16707
16728,19,adjacent_difference,16709,16708
16729,19,adjacent_difference,16710,16709
16730,19,adjacent_difference,16711,16710
16731,19,adjacent_difference,16712,16711
16732,19,adjacent_difference,16713,16712
16733,19,adjacent_difference,16714,16713
16734,19,adjacent_difference,16715,16714
16735,19,adjacent_difference,16716,16715
16736,19,adjacent_difference,16717,16716
16737,19,adjacent_difference,16718,16717
16738,19,adjacent_difference,16719,16718
16739,19,adjacent_difference,16720,16719
16740,19,adjacent_difference,16721,16720
16741,19,adjacent_difference,16722,16721
16742,19,adjacent_difference,16723,16722
16743,19,adjacent_difference,16724,16723
16744,19,adjacent_difference,16725,16724
16745,19,adjacent_difference,16726,16725
16746,19,adjacent_difference,16727,16726
16747,19,adjacent_difference,16728,16727
16748,19,adjacent_difference,16729,16728
16749,19,adjacent_difference,16730,16729
16750,19,adjacent_difference,16731,16730
16751,19,adjacent_difference,16732,16731
16752,19,adjacent_difference,16733,16732
16753,19,adjacent_difference,16734,16733
16754,19,adjacent_difference,16735,16734
16755,19,adjacent_difference,16736,16735
16756,19,adjacent_difference,16737,16736
16757,19,adjacent_difference,16738,16737
16758,19,adjacent_difference,16739,16738
16759,19,adjacent_difference,16740,16739
16760,19,adjacent_difference,16741,16740
16761,19,adjacent_difference,16742,16741
16762,19,adjacent_difference,16743,16742
16763,19,adjacent_difference,16744,16743
16764,19,adjacent_difference,16745,16744
16765,19,adjacent_difference,16746,16745
16766,19,adjacent_difference,16747,16746
16767,19,adjacent_difference,16748,16747
16768,19,adjacent_difference,16749,16748
16769,19,adjacent_difference,16750,16749
16770,19,adjacent_difference,16751,16750
16771,19,adjacent_difference,16752,16751
16772,19,adjacent_difference,16753,16752
16773,19,adjacent_difference,16754,16753
16774,19,adjacent_difference,16755,16754
16775,19,adjacent_difference,16756,16755
16776,19,adjacent_difference,16757,16756
16777,19,adjacent_difference,16758,16757
16778,19,adjacent_difference,16759,16758
16779,19,adjacent_difference,16760,16759
16780,19,adjacent_difference,16761,16760
16781,19,adjacent_difference,16762,16761
16782,19,adjacent_difference,16763,16762
16783,19,adjacent_difference,16764,16763
16784,19,adjacent_difference,16765,16764
16785,19,adjacent_difference,16766,16765
16786,19,adjacent_difference,16767,16766
16787,19,adjacent_difference,16768,16767
16788,19,adjacent_difference,16769,16768
16789,19,adjacent_difference,16770,16769
16790,19,adjacent_difference,16771,16770
16791,19,adjacent_difference,16772,16771
16792,19,adjacent_difference,16773,16772
16793,19,adjacent_difference,16774,16773
16794,19,adjacent_difference,16775,16774
16795,19,adjacent_difference,16776,16775
16796,19,adjacent_difference,16777,16776
16797,19,adjacent_difference,16778,16777
16798,19,adjacent_difference,16779,16778
16799,19,adjacent_difference,16780,16779
16800,19,adjacent_difference,16781,16780
16801,19,adjacent_difference,16782,16781
16802,19,adjacent_difference,16783,16782
16803,19,adjacent_difference,16784,16783
16804,19,adjacent_difference,16785,16784
16805,19,adjacent_difference,16786,16785
16806,19,adjacent_difference,16787,16786
16807,19,adjacent_difference,16788,16787
16808,19,adjacent_difference,16789,16788
16809,19,adjacent_difference,16790,16789
16810,19,adjacent_difference,16791,16790
16811,19,adjacent_difference,16792,16791
16812,19,adjacent_difference,16793,16792
16813,19,adjacent_difference,16794,16793
16814,19,adjacent_difference,16795,16794
16815,19,adjacent_difference,16796,16795
16816,19,adjacent_difference,16797,16796
16817,19,adjacent_difference,16798,16797
16818,19,adjacent_difference,16799,16798
16819,19,adjacent_difference,16800,16799
16820,19,adjacent_difference,16801,16800
16821,19,adjacent_difference,16802,16801
16822,19,adjacent_difference,16803,16802
16823,19,adjacent_difference,16804,16803
16824,19,adjacent_difference,16805,16804
16825,19,adjacent_difference,16806,16805
16826,19,adjacent_difference,16807,16806
16827,19,adjacent_difference,16808,16807
16828,19,adjacent_difference,16809,16808
16829,19,adjacent_difference,16810,16809
16830,19,adjacent_difference,16811,16810
16831,19,adjacent_difference,16812,16811
16832,19,adjacent_difference,16813,16812
16833,19,adjacent_difference,16814,16813
16834,19,adjacent_difference,16815,16814
16835,19,adjacent_difference,16816,16815
16836,19,adjacent_difference,16817,16816
16837,19,adjacent_difference,16818,16817
16838,19,adjacent_difference,16819,16818
16839,19,adjacent_difference,16820,16819
16840,19,adjacent_difference,16821,16820
16841,19,adjacent_difference,16822,16821
16842,19,adjacent_difference,16823,16822
16843,19,adjacent_difference,16824,16823
16844,19,adjacent_difference,16825,16824
16845,19,adjacent_difference,16826,16825
16846,19,adjacent_difference,16827,16826
16847,19,adjacent_difference,16828,16827
16848,19,adjacent_difference,16829,16828
16849,19,adjacent_difference,16830,16829
16850,19,adjacent_difference,16831,16830
16851,19,adjacent_difference,16832,16831
16852,19,adjacent_difference,16833,16832
16853,19,adjacent_difference,16834,16833
16854,19,adjacent_difference,16835,16834
16855,19,adjacent_difference,16836,16835
16856,19,adjacent_difference,16837,16836
16857,19,adjacent_difference,16838,16837
16858,19,adjacent_difference,16839,16838
16859,19,adjacent_difference,16840,16839
16860,19,adjacent_difference,16841,16840
16861,19,adjacent_difference,16842,16841
16862,19,adjacent_difference,16843,16842
16863,19,adjacent_difference,16844,16843
16864,19,adjacent_difference,16845,16844
16865,19,adjacent_difference,16846,16845
16866,19,adjacent_difference,16847,16846
16867,19,adjacent_difference,16848,16847
16868,19,adjacent_difference,16849,16848
16869,19,adjacent_difference,16850,16849
16870,19,adjacent_difference,16851,16850
16871,19,adjacent_difference,16852,16851
16872,19,adjacent_difference,16853,16852
16873,19,adjacent_difference,16854,16853
16874,19,adjacent_difference,16855,16854
16875,19,adjacent_difference,16856,16855
16876,19,adjacent_difference,16857,16856
16877,19,adjacent_difference,16858,16857
16878,19,adjacent_difference,16859,16858
16879,19,adjacent_difference,16860,16859
16880,19,adjacent_difference,16861,16860
16881,19,adjacent_difference,16862,16861
16882,19,adjacent_difference,16863,16862
16883,19,adjacent_difference,16864,16863
16884,19,adjacent_difference,16865,16864
16885,19,adjacent_difference,16866,16865
16886,19,adjacent_difference,16867,16866
16887,19,adjacent_difference,16868,16867
16888,19,adjacent_difference,16869,16868
16889,19,adjacent_difference,16870,16869
16890,19,adjacent_difference,16871,16870
16891,19,adjacent_difference,16872,16871
16892,19,adjacent_difference,16873,16872
16893,19,adjacent_difference,16874,16873
16894,19,adjacent_difference,16875,16874
16895,19,adjacent_difference,16876,16875
16896,19,adjacent_difference,16877,16876
16897,19,adjacent_difference,16878,16877
16898,19,adjacent_difference,16879,16878
16899,19,adjacent_difference,16880,16879
16900,19,adjacent_difference,16881,16880
16901,19,adjacent_difference,16882,16881
16902,19,adjacent_difference,16883,16882
16903,19,adjacent_difference,16884,16883
16904,19,adjacent_difference,16885,16884
16905,19,adjacent_difference,16886,16885
16906,19,adjacent_difference,16887,16886
16907,19,adjacent_difference,16888,16887
16908,19,adjacent_difference,16889,16888
16909,19,adjacent_difference,16890,16889
16910,19,adjacent_difference,16891,16890
16911,19,adjacent_difference,16892,16891
16912,19,adjacent_difference,16893,16892
16913,19,adjacent_difference,16894,16893
16914,19,adjacent_difference,16895,16894
16915,19,adjacent_difference,16896,16895
16916,19,adjacent_difference,16897,16896
16917,19,adjacent_difference,16898,16897
16918,19,adjacent_difference,16899,16898
16919,19,terminal_inverse,-1,16899
16920,20,absolute_start,16900,-1
16921,20,adjacent_difference,16901,16900
16922,20,adjacent_difference,16902,16901
16923,20,adjacent_difference,16903,16902
16924,20,adjacent_difference,16904,16903
16925,20,adjacent_difference,16905,16904
16926,20,adjacent_difference,16906,16905
16927,20,adjacent_difference,16907,16906
16928,20,adjacent_difference,16908,16907
16929,20,adjacent_difference,16909,16908
16930,20,adjacent_difference,16910,16909
16931,20,adjacent_difference,16911,16910
16932,20,adjacent_difference,16912,16911
16933,20,adjacent_difference,16913,16912
16934,20,adjacent_difference,16914,16913
16935,20,adjacent_difference,16915,16914
16936,20,adjacent_difference,16916,16915
16937,20,adjacent_difference,16917,16916
16938,20,adjacent_difference,16918,16917
16939,20,adjacent_difference,16919,16918
16940,20,adjacent_difference,16920,16919
16941,20,adjacent_difference,16921,16920
16942,20,adjacent_difference,16922,16921
16943,20,adjacent_difference,16923,16922
16944,20,adjacent_difference,16924,16923
16945,20,adjacent_difference,16925,16924
16946,20,adjacent_difference,16926,16925
16947,20,adjacent_difference,16927,16926
16948,20,adjacent_difference,16928,16927
16949,20,adjacent_difference,16929,16928
16950,20,adjacent_difference,16930,16929
16951,20,adjacent_difference,16931,16930
16952,20,adjacent_difference,16932,16931
16953,20,adjacent_difference,16933,16932
16954,20,adjacent_difference,16934,16933
16955,20,adjacent_difference,16935,16934
16956,20,adjacent_difference,16936,16935
16957,20,adjacent_difference,16937,16936
16958,20,adjacent_difference,16938,16937
16959,20,adjacent_difference,16939,16938
16960,20,adjacent_difference,16940,16939
16961,20,adjacent_difference,16941,16940
16962,20,adjacent_difference,16942,16941
16963,20,adjacent_difference,16943,16942
16964,20,adjacent_difference,16944,16943
16965,20,adjacent_difference,16945,16944
16966,20,adjacent_difference,16946,16945
16967,20,adjacent_difference,16947,16946
16968,20,adjacent_difference,16948,16947
16969,20,adjacent_difference,16949,16948
16970,20,adjacent_difference,16950,16949
16971,20,adjacent_difference,16951,16950
16972,20,adjacent_difference,16952,16951
16973,20,adjacent_difference,16953,16952
16974,20,adjacent_difference,16954,16953
16975,20,adjacent_difference,16955,16954
16976,20,adjacent_difference,16956,16955
16977,20,adjacent_difference,16957,16956
16978,20,adjacent_difference,16958,16957
16979,20,adjacent_difference,16959,16958
16980,20,adjacent_difference,16960,16959
16981,20,adjacent_difference,16961,16960
16982,20,adjacent_difference,16962,16961
16983,20,adjacent_difference,16963,16962
16984,20,adjacent_difference,16964,16963
16985,20,adjacent_difference,16965,16964
16986,20,adjacent_difference,16966,16965
16987,20,adjacent_difference,16967,16966
16988,20,adjacent_difference,16968,16967
16989,20,adjacent_difference,16969,16968
16990,20,adjacent_difference,16970,16969
16991,20,adjacent_difference,16971,16970
16992,20,adjacent_difference,16972,16971
16993,20,adjacent_difference,16973,16972
16994,20,adjacent_difference,16974,16973
16995,20,adjacent_difference,16975,16974
16996,20,adjacent_difference,16976,16975
16997,20,adjacent_difference,16977,16976
16998,20,adjacent_difference,16978,16977
16999,20,adjacent_difference,16979,16978
17000,20,adjacent_difference,16980,16979
17001,20,adjacent_difference,16981,16980
17002,20,adjacent_difference,16982,16981
17003,20,adjacent_difference,16983,16982
17004,20,adjacent_difference,16984,16983
17005,20,adjacent_difference,16985,16984
17006,20,adjacent_difference,16986,16985
17007,20,adjacent_difference,16987,16986
17008,20,adjacent_difference,16988,16987
17009,20,adjacent_difference,16989,16988
17010,20,adjacent_difference,16990,16989
17011,20,adjacent_difference,16991,16990
17012,20,adjacent_difference,16992,16991
17013,20,adjacent_difference,16993,16992
17014,20,adjacent_difference,16994,16993
17015,20,adjacent_difference,16995,16994
17016,20,adjacent_difference,16996,16995
17017,20,adjacent_difference,16997,16996
17018,20,adjacent_difference,16998,16997
17019,20,adjacent_difference,16999,16998
17020,20,adjacent_difference,17000,16999
17021,20,adjacent_difference,17001,17000
17022,20,adjacent_difference,17002,17001
17023,20,adjacent_difference,17003,17002
17024,20,adjacent_difference,17004,17003
17025,20,adjacent_difference,17005,17004
17026,20,adjacent_difference,17006,17005
17027,20,adjacent_difference,17007,17006
17028,20,adjacent_difference,17008,17007
17029,20,adjacent_difference,17009,17008
17030,20,adjacent_difference,17010,17009
17031,20,adjacent_difference,17011,17010
17032,20,adjacent_difference,17012,17011
17033,20,adjacent_difference,17013,17012
17034,20,adjacent_difference,17014,17013
17035,20,adjacent_difference,17015,17014
17036,20,adjacent_difference,17016,17015
17037,20,adjacent_difference,17017,17016
17038,20,adjacent_difference,17018,17017
17039,20,adjacent_difference,17019,17018
17040,20,adjacent_difference,17020,17019
17041,20,adjacent_difference,17021,17020
17042,20,adjacent_difference,17022,17021
17043,20,adjacent_difference,17023,17022
17044,20,adjacent_difference,17024,17023
17045,20,adjacent_difference,17025,17024
17046,20,adjacent_difference,17026,17025
17047,20,adjacent_difference,17027,17026
17048,20,adjacent_difference,17028,17027
17049,20,adjacent_difference,17029,17028
17050,20,adjacent_difference,17030,17029
17051,20,adjacent_difference,17031,17030
17052,20,adjacent_difference,17032,17031
17053,20,adjacent_difference,17033,17032
17054,20,adjacent_difference,17034,17033
17055,20,adjacent_difference,17035,17034
17056,20,adjacent_difference,17036,17035
17057,20,adjacent_difference,17037,17036
17058,20,adjacent_difference,17038,17037
17059,20,adjacent_difference,17039,17038
17060,20,adjacent_difference,17040,17039
17061,20,adjacent_difference,17041,17040
17062,20,adjacent_difference,17042,17041
17063,20,adjacent_difference,17043,17042
17064,20,adjacent_difference,17044,17043
17065,20,adjacent_difference,17045,17044
17066,20,adjacent_difference,17046,17045
17067,20,adjacent_difference,17047,17046
17068,20,adjacent_difference,17048,17047
17069,20,adjacent_difference,17049,17048
17070,20,adjacent_difference,17050,17049
17071,20,adjacent_difference,17051,17050
17072,20,adjacent_difference,17052,17051
17073,20,adjacent_difference,17053,17052
17074,20,adjacent_difference,17054,17053
17075,20,adjacent_difference,17055,17054
17076,20,adjacent_difference,17056,17055
17077,20,adjacent_difference,17057,17056
17078,20,adjacent_difference,17058,17057
17079,20,adjacent_difference,17059,17058
17080,20,adjacent_difference,17060,17059
17081,20,adjacent_difference,17061,17060
17082,20,adjacent_difference,17062,17061
17083,20,adjacent_difference,17063,17062
17084,20,adjacent_difference,17064,17063
17085,20,adjacent_difference,17065,17064
17086,20,adjacent_difference,17066,17065
17087,20,adjacent_difference,17067,17066
17088,20,adjacent_difference,17068,17067
17089,20,adjacent_difference,17069,17068
17090,20,adjacent_difference,17070,17069
17091,20,adjacent_difference,17071,17070
17092,20,adjacent_difference,17072,17071
17093,20,adjacent_difference,17073,17072
17094,20,adjacent_difference,17074,17073
17095,20,adjacent_difference,17075,17074
17096,20,adjacent_difference,17076,17075
17097,20,adjacent_difference,17077,17076
17098,20,adjacent_difference,17078,17077
17099,20,adjacent_difference,17079,17078
17100,20,adjacent_difference,17080,17079
17101,20,adjacent_difference,17081,17080
17102,20,adjacent_difference,17082,17081
17103,20,adjacent_difference,17083,17082
17104,20,adjacent_difference,17084,17083
17105,20,adjacent_difference,17085,17084
17106,20,adjacent_difference,17086,17085
17107,20,adjacent_difference,17087,17086
17108,20,adjacent_difference,17088,17087
17109,20,adjacent_difference,17089,17088
17110,20,adjacent_difference,17090,17089
17111,20,adjacent_difference,17091,17090
17112,20,adjacent_difference,17092,17091
17113,20,adjacent_difference,17093,17092
17114,20,adjacent_difference,17094,17093
17115,20,adjacent_difference,17095,17094
17116,20,adjacent_difference,17096,17095
17117,20,adjacent_difference,17097,17096
17118,20,adjacent_difference,17098,17097
17119,20,adjacent_difference,17099,17098
17120,20,adjacent_difference,17100,17099
17121,20,adjacent_difference,17101,17100
17122,20,adjacent_difference,17102,17101
17123,20,adjacent_difference,17103,17102
17124,20,adjacent_difference,17104,17103
17125,20,adjacent_difference,17105,17104
17126,20,adjacent_difference,17106,17105
17127,20,adjacent_difference,17107,17106
17128,20,adjacent_difference,17108,17107
17129,20,adjacent_difference,17109,17108
17130,20,adjacent_difference,17110,17109
17131,20,adjacent_difference,17111,17110
17132,20,adjacent_difference,17112,17111
17133,20,adjacent_difference,17113,17112
17134,20,adjacent_difference,17114,17113
17135,20,adjacent_difference,17115,17114
17136,20,adjacent_difference,17116,17115
17137,20,adjacent_difference,17117,17116
17138,20,adjacent_difference,17118,17117
17139,20,adjacent_difference,17119,17118
17140,20,adjacent_difference,17120,17119
17141,20,adjacent_difference,17121,17120
17142,20,adjacent_difference,17122,17121
17143,20,adjacent_difference,17123,17122
17144,20,adjacent_difference,17124,17123
17145,20,adjacent_difference,17125,17124
17146,20,adjacent_difference,17126,17125
17147,20,adjacent_difference,17127,17126
17148,20,adjacent_difference,17128,17127
17149,20,adjacent_difference,17129,17128
17150,20,adjacent_difference,17130,17129
17151,20,adjacent_difference,17131,17130
17152,20,adjacent_difference,17132,17131
17153,20,adjacent_difference,17133,17132
17154,20,adjacent_difference,17134,17133
17155,20,adjacent_difference,17135,17134
17156,20,adjacent_difference,17136,17135
17157,20,adjacent_difference,17137,17136
17158,20,adjacent_difference,17138,17137
17159,20,adjacent_difference,17139,17138
17160,20,adjacent_difference,17140,17139
17161,20,adjacent_difference,17141,17140
17162,20,adjacent_difference,17142,17141
17163,20,adjacent_difference,17143,17142
17164,20,adjacent_difference,17144,17143
17165,20,adjacent_difference,17145,17144
17166,20,adjacent_difference,17146,17145
17167,20,adjacent_difference,17147,17146
17168,20,adjacent_difference,17148,17147
17169,20,adjacent_difference,17149,17148
17170,20,adjacent_difference,17150,17149
17171,20,adjacent_difference,17151,17150
17172,20,adjacent_difference,17152,17151
17173,20,adjacent_difference,17153,17152
17174,20,adjacent_difference,17154,17153
17175,20,adjacent_difference,17155,17154
17176,20,adjacent_difference,17156,17155
17177,20,adjacent_difference,17157,17156
17178,20,adjacent_difference,17158,17157
17179,20,adjacent_difference,17159,17158
17180,20,adjacent_difference,17160,17159
17181,20,adjacent_difference,17161,17160
17182,20,adjacent_difference,17162,17161
17183,20,adjacent_difference,17163,17162
17184,20,adjacent_difference,17164,17163
17185,20,adjacent_difference,17165,17164
17186,20,adjacent_difference,17166,17165
17187,20,adjacent_difference,17167,17166
17188,20,adjacent_difference,17168,17167
17189,20,adjacent_difference,17169,17168
17190,20,adjacent_difference,17170,17169
17191,20,adjacent_difference,17171,17170
17192,20,adjacent_difference,17172,17171
17193,20,adjacent_difference,17173,17172
17194,20,adjacent_difference,17174,17173
17195,20,adjacent_difference,17175,17174
17196,20,adjacent_difference,17176,17175
17197,20,adjacent_difference,17177,17176
17198,20,adjacent_difference,17178,17177
17199,20,adjacent_difference,17179,17178
17200,20,adjacent_difference,17180,17179
17201,20,adjacent_difference,17181,17180
17202,20,adjacent_difference,17182,17181
17203,20,adjacent_difference,17183,17182
17204,20,adjacent_difference,17184,17183
17205,20,adjacent_difference,17185,17184
17206,20,adjacent_difference,17186,17185
17207,20,adjacent_difference,17187,17186
17208,20,adjacent_difference,17188,17187
17209,20,adjacent_difference,17189,17188
17210,20,adjacent_difference,17190,17189
17211,20,adjacent_difference,17191,17190
17212,20,adjacent_difference,17192,17191
17213,20,adjacent_difference,17193,17192
17214,20,adjacent_difference,17194,17193
17215,20,adjacent_difference,17195,17194
17216,20,adjacent_difference,17196,17195
17217,20,adjacent_difference,17197,17196
17218,20,adjacent_difference,17198,17197
17219,20,adjacent_difference,17199,17198
17220,20,adjacent_difference,17200,17199
17221,20,adjacent_difference,17201,17200
17222,20,adjacent_difference,17202,17201
17223,20,adjacent_difference,17203,17202
17224,20,adjacent_difference,17204,17203
17225,20,adjacent_difference,17205,17204
17226,20,adjacent_difference,17206,17205
17227,20,adjacent_difference,17207,17206
17228,20,adjacent_difference,17208,17207
17229,20,adjacent_difference,17209,17208
17230,20,adjacent_difference,17210,17209
17231,20,adjacent_difference,17211,17210
17232,20,adjacent_difference,17212,17211
17233,20,adjacent_difference,17213,17212
17234,20,adjacent_difference,17214,17213
17235,20,adjacent_difference,17215,17214
17236,20,adjacent_difference,17216,17215
17237,20,adjacent_difference,17217,17216
17238,20,adjacent_difference,17218,17217
17239,20,adjacent_difference,17219,17218
17240,20,adjacent_difference,17220,17219
17241,20,adjacent_difference,17221,17220
17242,20,adjacent_difference,17222,17221
17243,20,adjacent_difference,17223,17222
17244,20,adjacent_difference,17224,17223
17245,20,adjacent_difference,17225,17224
17246,20,adjacent_difference,17226,17225
17247,20,adjacent_difference,17227,17226
17248,20,adjacent_difference,17228,17227
17249,20,adjacent_difference,17229,17228
17250,20,adjacent_difference,17230,17229
17251,20,adjacent_difference,17231,17230
17252,20,adjacent_difference,17232,17231
17253,20,adjacent_difference,17233,17232
17254,20,adjacent_difference,17234,17233
17255,20,adjacent_difference,17235,17234
17256,20,adjacent_difference,17236,17235
17257,20,adjacent_difference,17237,17236
17258,20,adjacent_difference,17238,17237
17259,20,adjacent_difference,17239,17238
17260,20,adjacent_difference,17240,17239
17261,20,adjacent_difference,17241,17240
17262,20,adjacent_difference,17242,17241
17263,20,adjacent_difference,17243,17242
17264,20,adjacent_difference,17244,17243
17265,20,adjacent_difference,17245,17244
17266,20,adjacent_difference,17246,17245
17267,20,adjacent_difference,17247,17246
17268,20,adjacent_difference,17248,17247
17269,20,adjacent_difference,17249,17248
17270,20,adjacent_difference,17250,17249
17271,20,adjacent_difference,17251,17250
17272,20,adjacent_difference,17252,17251
17273,20,adjacent_difference,17253,17252
17274,20,adjacent_difference,17254,17253
17275,20,adjacent_difference,17255,17254
17276,20,adjacent_difference,17256,17255
17277,20,adjacent_difference,17257,17256
17278,20,adjacent_difference,17258,17257
17279,20,adjacent_difference,17259,17258
17280,20,adjacent_difference,17260,17259
17281,20,adjacent_difference,17261,17260
17282,20,adjacent_difference,17262,17261
17283,20,adjacent_difference,17263,17262
17284,20,adjacent_difference,17264,17263
17285,20,adjacent_difference,17265,17264
17286,20,adjacent_difference,17266,17265
17287,20,adjacent_difference,17267,17266
17288,20,adjacent_difference,17268,17267
17289,20,adjacent_difference,17269,17268
17290,20,adjacent_difference,17270,17269
17291,20,adjacent_difference,17271,17270
17292,20,adjacent_difference,17272,17271
17293,20,adjacent_difference,17273,17272
17294,20,adjacent_difference,17274,17273
17295,20,adjacent_difference,17275,17274
17296,20,adjacent_difference,17276,17275
17297,20,adjacent_difference,17277,17276
17298,20,adjacent_difference,17278,17277
17299,20,adjacent_difference,17279,17278
17300,20,adjacent_difference,17280,17279
17301,20,adjacent_difference,17281,17280
17302,20,adjacent_difference,17282,17281
17303,20,adjacent_difference,17283,17282
17304,20,adjacent_difference,17284,17283
17305,20,adjacent_difference,17285,17284
17306,20,adjacent_difference,17286,17285
17307,20,adjacent_difference,17287,17286
17308,20,adjacent_difference,17288,17287
17309,20,adjacent_difference,17289,17288
17310,20,adjacent_difference,17290,17289
17311,20,adjacent_difference,17291,17290
17312,20,adjacent_difference,17292,17291
17313,20,adjacent_difference,17293,17292
17314,20,adjacent_difference,17294,17293
17315,20,adjacent_difference,17295,17294
17316,20,adjacent_difference,17296,17295
17317,20,adjacent_difference,17297,17296
17318,20,adjacent_difference,17298,17297
17319,20,adjacent_difference,17299,17298
17320,20,adjacent_difference,17300,17299
17321,20,adjacent_difference,17301,17300
17322,20,adjacent_difference,17302,17301
17323,20,adjacent_difference,17303,17302
17324,20,adjacent_difference,17304,17303
17325,20,adjacent_difference,17305,17304
17326,20,adjacent_difference,17306,17305
17327,20,adjacent_difference,17307,17306
17328,20,adjacent_difference,17308,17307
17329,20,adjacent_difference,17309,17308
17330,20,adjacent_difference,17310,17309
17331,20,adjacent_difference,17311,17310
17332,20,adjacent_difference,17312,17311
17333,20,adjacent_difference,17313,17312
17334,20,adjacent_difference,17314,17313
17335,20,adjacent_difference,17315,17314
17336,20,adjacent_difference,17316,17315
17337,20,adjacent_difference,17317,17316
17338,20,adjacent_difference,17318,17317
17339,20,adjacent_difference,17319,17318
17340,20,adjacent_difference,17320,17319
17341,20,adjacent_difference,17321,17320
17342,20,adjacent_difference,17322,17321
17343,20,adjacent_difference,17323,17322
17344,20,adjacent_difference,17324,17323
17345,20,adjacent_difference,17325,17324
17346,20,adjacent_difference,17326,17325
17347,20,adjacent_difference,17327,17326
17348,20,adjacent_difference,17328,17327
17349,20,adjacent_difference,17329,17328
17350,20,adjacent_difference,17330,17329
17351,20,adjacent_difference,17331,17330
17352,20,adjacent_difference,17332,17331
17353,20,adjacent_difference,17333,17332
17354,20,adjacent_difference,17334,17333
17355,20,adjacent_difference,17335,17334
17356,20,adjacent_difference,17336,17335
17357,20,adjacent_difference,17337,17336
17358,20,adjacent_difference,17338,17337
17359,20,adjacent_difference,17339,17338
17360,20,adjacent_difference,17340,17339
17361,20,adjacent_difference,17341,17340
17362,20,adjacent_difference,17342,17341
17363,20,adjacent_difference,17343,17342
17364,20,adjacent_difference,17344,17343
17365,20,adjacent_difference,17345,17344
17366,20,adjacent_difference,17346,17345
17367,20,adjacent_difference,17347,17346
17368,20,adjacent_difference,17348,17347
17369,20,adjacent_difference,17349,17348
17370,20,adjacent_difference,17350,17349
17371,20,adjacent_difference,17351,17350
17372,20,adjacent_difference,17352,17351
17373,20,adjacent_difference,17353,17352
17374,20,adjacent_difference,17354,17353
17375,20,adjacent_difference,17355,17354
17376,20,adjacent_difference,17356,17355
17377,20,adjacent_difference,17357,17356
17378,20,adjacent_difference,17358,17357
17379,20,adjacent_difference,17359,17358
17380,20,adjacent_difference,17360,17359
17381,20,adjacent_difference,17361,17360
17382,20,adjacent_difference,17362,17361
17383,20,adjacent_difference,17363,17362
17384,20,adjacent_difference,17364,17363
17385,20,adjacent_difference,17365,17364
17386,20,adjacent_difference,17366,17365
17387,20,adjacent_difference,17367,17366
17388,20,adjacent_difference,17368,17367
17389,20,adjacent_difference,17369,17368
17390,20,adjacent_difference,17370,17369
17391,20,adjacent_difference,17371,17370
17392,20,adjacent_difference,17372,17371
17393,20,adjacent_difference,17373,17372
17394,20,adjacent_difference,17374,17373
17395,20,adjacent_difference,17375,17374
17396,20,adjacent_difference,17376,17375
17397,20,adjacent_difference,17377,17376
17398,20,adjacent_difference,17378,17377
17399,20,adjacent_difference,17379,17378
17400,20,adjacent_difference,17380,17379
17401,20,adjacent_difference,17381,17380
17402,20,adjacent_difference,17382,17381
17403,20,adjacent_difference,17383,17382
17404,20,adjacent_difference,17384,17383
17405,20,adjacent_difference,17385,17384
17406,20,adjacent_difference,17386,17385
17407,20,adjacent_difference,17387,17386
17408,20,adjacent_difference,17388,17387
17409,20,adjacent_difference,17389,17388
17410,20,adjacent_difference,17390,17389
17411,20,adjacent_difference,17391,17390
17412,20,adjacent_difference,17392,17391
17413,20,adjacent_difference,17393,17392
17414,20,adjacent_difference,17394,17393
17415,20,adjacent_difference,17395,17394
17416,20,adjacent_difference,17396,17395
17417,20,adjacent_difference,17397,17396
17418,20,adjacent_difference,17398,17397
17419,20,adjacent_difference,17399,17398
17420,20,adjacent_difference,17400,17399
17421,20,adjacent_difference,17401,17400
17422,20,adjacent_difference,17402,17401
17423,20,adjacent_difference,17403,17402
17424,20,adjacent_difference,17404,17403
17425,20,adjacent_difference,17405,17404
17426,20,adjacent_difference,17406,17405
17427,20,adjacent_difference,17407,17406
17428,20,adjacent_difference,17408,17407
17429,20,adjacent_difference,17409,17408
17430,20,adjacent_difference,17410,17409
17431,20,adjacent_difference,17411,17410
17432,20,adjacent_difference,17412,17411
17433,20,adjacent_difference,17413,17412
17434,20,adjacent_difference,17414,17413
17435,20,adjacent_difference,17415,17414
17436,20,adjacent_difference,17416,17415
17437,20,adjacent_difference,17417,17416
17438,20,adjacent_difference,17418,17417
17439,20,adjacent_difference,17419,17418
17440,20,adjacent_difference,17420,17419
17441,20,adjacent_difference,17421,17420
17442,20,adjacent_difference,17422,17421
17443,20,adjacent_difference,17423,17422
17444,20,adjacent_difference,17424,17423
17445,20,adjacent_difference,17425,17424
17446,20,adjacent_difference,17426,17425
17447,20,adjacent_difference,17427,17426
17448,20,adjacent_difference,17428,17427
17449,20,adjacent_difference,17429,17428
17450,20,adjacent_difference,17430,17429
17451,20,adjacent_difference,17431,17430
17452,20,adjacent_difference,17432,17431
17453,20,adjacent_difference,17433,17432
17454,20,adjacent_difference,17434,17433
17455,20,adjacent_difference,17435,17434
17456,20,adjacent_difference,17436,17435
17457,20,adjacent_difference,17437,17436
17458,20,adjacent_difference,17438,17437
17459,20,adjacent_difference,17439,17438
17460,20,adjacent_difference,17440,17439
17461,20,adjacent_difference,17441,17440
17462,20,adjacent_difference,17442,17441
17463,20,adjacent_difference,17443,17442
17464,20,adjacent_difference,17444,17443
17465,20,adjacent_difference,17445,17444
17466,20,adjacent_difference,17446,17445
17467,20,adjacent_difference,17447,17446
17468,20,adjacent_difference,17448,17447
17469,20,adjacent_difference,17449,17448
17470,20,adjacent_difference,17450,17449
17471,20,adjacent_difference,17451,17450
17472,20,adjacent_difference,17452,17451
17473,20,adjacent_difference,17453,17452
17474,20,adjacent_difference,17454,17453
17475,20,adjacent_difference,17455,17454
17476,20,adjacent_difference,17456,17455
17477,20,adjacent_difference,17457,17456
17478,20,adjacent_difference,17458,17457
17479,20,adjacent_difference,17459,17458
17480,20,adjacent_difference,17460,17459
17481,20,adjacent_difference,17461,17460
17482,20,adjacent_difference,17462,17461
17483,20,adjacent_difference,17463,17462
17484,20,adjacent_difference,17464,17463
17485,20,adjacent_difference,17465,17464
17486,20,adjacent_difference,17466,17465
17487,20,adjacent_difference,17467,17466
17488,20,adjacent_difference,17468,17467
17489,20,adjacent_difference,17469,17468
17490,20,adjacent_difference,17470,17469
17491,20,adjacent_difference,17471,17470
17492,20,adjacent_difference,17472,17471
17493,20,adjacent_difference,17473,17472
17494,20,adjacent_difference,17474,17473
17495,20,adjacent_difference,17475,17474
17496,20,adjacent_difference,17476,17475
17497,20,adjacent_difference,17477,17476
17498,20,adjacent_difference,17478,17477
17499,20,adjacent_difference,17479,17478
17500,20,adjacent_difference,17480,17479
17501,20,adjacent_difference,17481,17480
17502,20,adjacent_difference,17482,17481
17503,20,adjacent_difference,17483,17482
17504,20,adjacent_difference,17484,17483
17505,20,adjacent_difference,17485,17484
17506,20,adjacent_difference,17486,17485
17507,20,adjacent_difference,17487,17486
17508,20,adjacent_difference,17488,17487
17509,20,adjacent_difference,17489,17488
17510,20,adjacent_difference,17490,17489
17511,20,adjacent_difference,17491,17490
17512,20,adjacent_difference,17492,17491
17513,20,adjacent_difference,17493,17492
17514,20,adjacent_difference,17494,17493
17515,20,adjacent_difference,17495,17494
17516,20,adjacent_difference,17496,17495
17517,20,adjacent_difference,17497,17496
17518,20,adjacent_difference,17498,17497
17519,20,adjacent_difference,17499,17498
17520,20,adjacent_difference,17500,17499
17521,20,adjacent_difference,17501,17500
17522,20,adjacent_difference,17502,17501
17523,20,adjacent_difference,17503,17502
17524,20,adjacent_difference,17504,17503
17525,20,adjacent_difference,17505,17504
17526,20,adjacent_difference,17506,17505
17527,20,adjacent_difference,17507,17506
17528,20,adjacent_difference,17508,17507
17529,20,adjacent_difference,17509,17508
17530,20,adjacent_difference,17510,17509
17531,20,adjacent_difference,17511,17510
17532,20,adjacent_difference,17512,17511
17533,20,adjacent_difference,17513,17512
17534,20,adjacent_difference,17514,17513
17535,20,adjacent_difference,17515,17514
17536,20,adjacent_difference,17516,17515
17537,20,adjacent_difference,17517,17516
17538,20,adjacent_difference,17518,17517
17539,20,adjacent_difference,17519,17518
17540,20,adjacent_difference,17520,17519
17541,20,adjacent_difference,17521,17520
17542,20,adjacent_difference,17522,17521
17543,20,adjacent_difference,17523,17522
17544,20,adjacent_difference,17524,17523
17545,20,adjacent_difference,17525,17524
17546,20,adjacent_difference,17526,17525
17547,20,adjacent_difference,17527,17526
17548,20,adjacent_difference,17528,17527
17549,20,adjacent_difference,17529,17528
17550,20,adjacent_difference,17530,17529
17551,20,adjacent_difference,17531,17530
17552,20,adjacent_difference,17532,17531
17553,20,adjacent_difference,17533,17532
17554,20,adjacent_difference,17534,17533
17555,20,adjacent_difference,17535,17534
17556,20,adjacent_difference,17536,17535
17557,20,adjacent_difference,17537,17536
17558,20,adjacent_difference,17538,17537
17559,20,adjacent_difference,17539,17538
17560,20,adjacent_difference,17540,17539
17561,20,adjacent_difference,17541,17540
17562,20,adjacent_difference,17542,17541
17563,20,adjacent_difference,17543,17542
17564,20,adjacent_difference,17544,17543
17565,20,adjacent_difference,17545,17544
17566,20,adjacent_difference,17546,17545
17567,20,adjacent_difference,17547,17546
17568,20,adjacent_difference,17548,17547
17569,20,adjacent_difference,17549,17548
17570,20,adjacent_difference,17550,17549
17571,20,adjacent_difference,17551,17550
17572,20,adjacent_difference,17552,17551
17573,20,adjacent_difference,17553,17552
17574,20,adjacent_difference,17554,17553
17575,20,adjacent_difference,17555,17554
17576,20,adjacent_difference,17556,17555
17577,20,adjacent_difference,17557,17556
17578,20,adjacent_difference,17558,17557
17579,20,adjacent_difference,17559,17558
17580,20,adjacent_difference,17560,17559
17581,20,adjacent_difference,17561,17560
17582,20,adjacent_difference,17562,17561
17583,20,adjacent_difference,17563,17562
17584,20,adjacent_difference,17564,17563
17585,20,adjacent_difference,17565,17564
17586,20,adjacent_difference,17566,17565
17587,20,adjacent_difference,17567,17566
17588,20,adjacent_difference,17568,17567
17589,20,adjacent_difference,17569,17568
17590,20,adjacent_difference,17570,17569
17591,20,adjacent_difference,17571,17570
17592,20,adjacent_difference,17572,17571
17593,20,adjacent_difference,17573,17572
17594,20,adjacent_difference,17574,17573
17595,20,adjacent_difference,17575,17574
17596,20,adjacent_difference,17576,17575
17597,20,adjacent_difference,17577,17576
17598,20,adjacent_difference,17578,17577
17599,20,adjacent_difference,17579,17578
17600,20,adjacent_difference,17580,17579
17601,20,adjacent_difference,17581,17580
17602,20,adjacent_difference,17582,17581
17603,20,adjacent_difference,17583,17582
17604,20,adjacent_difference,17584,17583
17605,20,adjacent_difference,17585,17584
17606,20,adjacent_difference,17586,17585
17607,20,adjacent_difference,17587,17586
17608,20,adjacent_difference,17588,17587
17609,20,adjacent_difference,17589,17588
17610,20,adjacent_difference,17590,17589
17611,20,adjacent_difference,17591,17590
17612,20,adjacent_difference,17592,17591
17613,20,adjacent_difference,17593,17592
17614,20,adjacent_difference,17594,17593
17615,20,adjacent_difference,17595,17594
17616,20,adjacent_difference,17596,17595
17617,20,adjacent_difference,17597,17596
17618,20,adjacent_difference,17598,17597
17619,20,adjacent_difference,17599,17598
17620,20,adjacent_difference,17600,17599
17621,20,adjacent_difference,17601,17600
17622,20,adjacent_difference,17602,17601
17623,20,adjacent_difference,17603,17602
17624,20,adjacent_difference,17604,17603
17625,20,adjacent_difference,17605,17604
17626,20,adjacent_difference,17606,17605
17627,20,adjacent_difference,17607,17606
17628,20,adjacent_difference,17608,17607
17629,20,adjacent_difference,17609,17608
17630,20,adjacent_difference,17610,17609
17631,20,adjacent_difference,17611,17610
17632,20,adjacent_difference,17612,17611
17633,20,adjacent_difference,17613,17612
17634,20,adjacent_difference,17614,17613
17635,20,adjacent_difference,17615,17614
17636,20,adjacent_difference,17616,17615
17637,20,adjacent_difference,17617,17616
17638,20,adjacent_difference,17618,17617
17639,20,adjacent_difference,17619,17618
17640,20,adjacent_difference,17620,17619
17641,20,adjacent_difference,17621,17620
17642,20,adjacent_difference,17622,17621
17643,20,adjacent_difference,17623,17622
17644,20,adjacent_difference,17624,17623
17645,20,adjacent_difference,17625,17624
17646,20,adjacent_difference,17626,17625
17647,20,adjacent_difference,17627,17626
17648,20,adjacent_difference,17628,17627
17649,20,adjacent_difference,17629,17628
17650,20,adjacent_difference,17630,17629
17651,20,adjacent_difference,17631,17630
17652,20,adjacent_difference,17632,17631
17653,20,adjacent_difference,17633,17632
17654,20,adjacent_difference,17634,17633
17655,20,adjacent_difference,17635,17634
17656,20,adjacent_difference,17636,17635
17657,20,adjacent_difference,17637,17636
17658,20,adjacent_difference,17638,17637
17659,20,adjacent_difference,17639,17638
17660,20,adjacent_difference,17640,17639
17661,20,adjacent_difference,17641,17640
17662,20,adjacent_difference,17642,17641
17663,20,adjacent_difference,17643,17642
17664,20,adjacent_difference,17644,17643
17665,20,adjacent_difference,17645,17644
17666,20,adjacent_difference,17646,17645
17667,20,adjacent_difference,17647,17646
17668,20,adjacent_difference,17648,17647
17669,20,adjacent_difference,17649,17648
17670,20,adjacent_difference,17650,17649
17671,20,adjacent_difference,17651,17650
17672,20,adjacent_difference,17652,17651
17673,20,adjacent_difference,17653,17652
17674,20,adjacent_difference,17654,17653
17675,20,adjacent_difference,17655,17654
17676,20,adjacent_difference,17656,17655
17677,20,adjacent_difference,17657,17656
17678,20,adjacent_difference,17658,17657
17679,20,adjacent_difference,17659,17658
17680,20,adjacent_difference,17660,17659
17681,20,adjacent_difference,17661,17660
17682,20,adjacent_difference,17662,17661
17683,20,adjacent_difference,17663,17662
17684,20,adjacent_difference,17664,17663
17685,20,adjacent_difference,17665,17664
17686,20,adjacent_difference,17666,17665
17687,20,adjacent_difference,17667,17666
17688,20,adjacent_difference,17668,17667
17689,20,adjacent_difference,17669,17668
17690,20,adjacent_difference,17670,17669
17691,20,adjacent_difference,17671,17670
17692,20,adjacent_difference,17672,17671
17693,20,adjacent_difference,17673,17672
17694,20,adjacent_difference,17674,17673
17695,20,adjacent_difference,17675,17674
17696,20,adjacent_difference,17676,17675
17697,20,adjacent_difference,17677,17676
17698,20,adjacent_difference,17678,17677
17699,20,adjacent_difference,17679,17678
17700,20,adjacent_difference,17680,17679
17701,20,adjacent_difference,17681,17680
17702,20,adjacent_difference,17682,17681
17703,20,adjacent_difference,17683,17682
17704,20,adjacent_difference,17684,17683
17705,20,adjacent_difference,17685,17684
17706,20,adjacent_difference,17686,17685
17707,20,adjacent_difference,17687,17686
17708,20,adjacent_difference,17688,17687
17709,20,adjacent_difference,17689,17688
17710,20,adjacent_difference,17690,17689
17711,20,adjacent_difference,17691,17690
17712,20,adjacent_difference,17692,17691
17713,20,adjacent_difference,17693,17692
17714,20,adjacent_difference,17694,17693
17715,20,adjacent_difference,17695,17694
17716,20,adjacent_difference,17696,17695
17717,20,adjacent_difference,17697,17696
17718,20,adjacent_difference,17698,17697
17719,20,adjacent_difference,17699,17698
17720,20,adjacent_difference,17700,17699
17721,20,adjacent_difference,17701,17700
17722,20,adjacent_difference,17702,17701
17723,20,adjacent_difference,17703,17702
17724,20,adjacent_difference,17704,17703
17725,20,adjacent_difference,17705,17704
17726,20,adjacent_difference,17706,17705
17727,20,adjacent_difference,17707,17706
17728,20,adjacent_difference,17708,17707
17729,20,adjacent_difference,17709,17708
17730,20,adjacent_difference,17710,17709
17731,20,adjacent_difference,17711,17710
17732,20,adjacent_difference,17712,17711
17733,20,adjacent_difference,17713,17712
17734,20,adjacent_difference,17714,17713
17735,20,adjacent_difference,17715,17714
17736,20,adjacent_difference,17716,17715
17737,20,adjacent_difference,17717,17716
17738,20,adjacent_difference,17718,17717
17739,20,adjacent_difference,17719,17718
17740,20,adjacent_difference,17720,17719
17741,20,adjacent_difference,17721,17720
17742,20,adjacent_difference,17722,17721
17743,20,adjacent_difference,17723,17722
17744,20,adjacent_difference,17724,17723
17745,20,adjacent_difference,17725,17724
17746,20,adjacent_difference,17726,17725
17747,20,adjacent_difference,17727,17726
17748,20,adjacent_difference,17728,17727
17749,20,adjacent_difference,17729,17728
17750,20,adjacent_difference,17730,17729
17751,20,adjacent_difference,17731,17730
17752,20,adjacent_difference,17732,17731
17753,20,adjacent_difference,17733,17732
17754,20,adjacent_difference,17734,17733
17755,20,adjacent_difference,17735,17734
17756,20,adjacent_difference,17736,17735
17757,20,adjacent_difference,17737,17736
17758,20,adjacent_difference,17738,17737
17759,20,adjacent_difference,17739,17738
17760,20,adjacent_difference,17740,17739
17761,20,adjacent_difference,17741,17740
17762,20,adjacent_difference,17742,17741
17763,20,adjacent_difference,17743,17742
17764,20,adjacent_difference,17744,17743
17765,20,terminal_inverse,-1,17744
17766,21,absolute_start,17745,-1
17767,21,adjacent_difference,17746,17745
17768,21,adjacent_difference,17747,17746
17769,21,adjacent_difference,17748,17747
17770,21,adjacent_difference,17749,17748
17771,21,adjacent_difference,17750,17749
17772,21,adjacent_difference,17751,17750
17773,21,adjacent_difference,17752,17751
17774,21,adjacent_difference,17753,17752
17775,21,adjacent_difference,17754,17753
17776,21,adjacent_difference,17755,17754
17777,21,adjacent_difference,17756,17755
17778,21,adjacent_difference,17757,17756
17779,21,adjacent_difference,17758,17757
17780,21,adjacent_difference,17759,17758
17781,21,adjacent_difference,17760,17759
17782,21,adjacent_difference,17761,17760
17783,21,adjacent_difference,17762,17761
17784,21,adjacent_difference,17763,17762
17785,21,adjacent_difference,17764,17763
17786,21,adjacent_difference,17765,17764
17787,21,adjacent_difference,17766,17765
17788,21,adjacent_difference,17767,17766
17789,21,adjacent_difference,17768,17767
17790,21,adjacent_difference,17769,17768
17791,21,adjacent_difference,17770,17769
17792,21,adjacent_difference,17771,17770
17793,21,adjacent_difference,17772,17771
17794,21,adjacent_difference,17773,17772
17795,21,adjacent_difference,17774,17773
17796,21,adjacent_difference,17775,17774
17797,21,adjacent_difference,17776,17775
17798,21,adjacent_difference,17777,17776
17799,21,adjacent_difference,17778,17777
17800,21,adjacent_difference,17779,17778
17801,21,adjacent_difference,17780,17779
17802,21,adjacent_difference,17781,17780
17803,21,adjacent_difference,17782,17781
17804,21,adjacent_difference,17783,17782
17805,21,adjacent_difference,17784,17783
17806,21,adjacent_difference,17785,17784
17807,21,adjacent_difference,17786,17785
17808,21,adjacent_difference,17787,17786
17809,21,adjacent_difference,17788,17787
17810,21,adjacent_difference,17789,17788
17811,21,adjacent_difference,17790,17789
17812,21,adjacent_difference,17791,17790
17813,21,adjacent_difference,17792,17791
17814,21,adjacent_difference,17793,17792
17815,21,adjacent_difference,17794,17793
17816,21,adjacent_difference,17795,17794
17817,21,adjacent_difference,17796,17795
17818,21,adjacent_difference,17797,17796
17819,21,adjacent_difference,17798,17797
17820,21,adjacent_difference,17799,17798
17821,21,adjacent_difference,17800,17799
17822,21,adjacent_difference,17801,17800
17823,21,adjacent_difference,17802,17801
17824,21,adjacent_difference,17803,17802
17825,21,adjacent_difference,17804,17803
17826,21,adjacent_difference,17805,17804
17827,21,adjacent_difference,17806,17805
17828,21,adjacent_difference,17807,17806
17829,21,adjacent_difference,17808,17807
17830,21,adjacent_difference,17809,17808
17831,21,adjacent_difference,17810,17809
17832,21,adjacent_difference,17811,17810
17833,21,adjacent_difference,17812,17811
17834,21,adjacent_difference,17813,17812
17835,21,adjacent_difference,17814,17813
17836,21,adjacent_difference,17815,17814
17837,21,adjacent_difference,17816,17815
17838,21,adjacent_difference,17817,17816
17839,21,adjacent_difference,17818,17817
17840,21,adjacent_difference,17819,17818
17841,21,adjacent_difference,17820,17819
17842,21,adjacent_difference,17821,17820
17843,21,adjacent_difference,17822,17821
17844,21,adjacent_difference,17823,17822
17845,21,adjacent_difference,17824,17823
17846,21,adjacent_difference,17825,17824
17847,21,adjacent_difference,17826,17825
17848,21,adjacent_difference,17827,17826
17849,21,adjacent_difference,17828,17827
17850,21,adjacent_difference,17829,17828
17851,21,adjacent_difference,17830,17829
17852,21,adjacent_difference,17831,17830
17853,21,adjacent_difference,17832,17831
17854,21,adjacent_difference,17833,17832
17855,21,adjacent_difference,17834,17833
17856,21,adjacent_difference,17835,17834
17857,21,adjacent_difference,17836,17835
17858,21,adjacent_difference,17837,17836
17859,21,adjacent_difference,17838,17837
17860,21,adjacent_difference,17839,17838
17861,21,adjacent_difference,17840,17839
17862,21,adjacent_difference,17841,17840
17863,21,adjacent_difference,17842,17841
17864,21,adjacent_difference,17843,17842
17865,21,adjacent_difference,17844,17843
17866,21,adjacent_difference,17845,17844
17867,21,adjacent_difference,17846,17845
17868,21,adjacent_difference,17847,17846
17869,21,adjacent_difference,17848,17847
17870,21,adjacent_difference,17849,17848
17871,21,adjacent_difference,17850,17849
17872,21,adjacent_difference,17851,17850
17873,21,adjacent_difference,17852,17851
17874,21,adjacent_difference,17853,17852
17875,21,adjacent_difference,17854,17853
17876,21,adjacent_difference,17855,17854
17877,21,adjacent_difference,17856,17855
17878,21,adjacent_difference,17857,17856
17879,21,adjacent_difference,17858,17857
17880,21,adjacent_difference,17859,17858
17881,21,adjacent_difference,17860,17859
17882,21,adjacent_difference,17861,17860
17883,21,adjacent_difference,17862,17861
17884,21,adjacent_difference,17863,17862
17885,21,adjacent_difference,17864,17863
17886,21,adjacent_difference,17865,17864
17887,21,adjacent_difference,17866,17865
17888,21,adjacent_difference,17867,17866
17889,21,adjacent_difference,17868,17867
17890,21,adjacent_difference,17869,17868
17891,21,adjacent_difference,17870,17869
17892,21,adjacent_difference,17871,17870
17893,21,adjacent_difference,17872,17871
17894,21,adjacent_difference,17873,17872
17895,21,adjacent_difference,17874,17873
17896,21,adjacent_difference,17875,17874
17897,21,adjacent_difference,17876,17875
17898,21,adjacent_difference,17877,17876
17899,21,adjacent_difference,17878,17877
17900,21,adjacent_difference,17879,17878
17901,21,adjacent_difference,17880,17879
17902,21,adjacent_difference,17881,17880
17903,21,adjacent_difference,17882,17881
17904,21,adjacent_difference,17883,17882
17905,21,adjacent_difference,17884,17883
17906,21,adjacent_difference,17885,17884
17907,21,adjacent_difference,17886,17885
17908,21,adjacent_difference,17887,17886
17909,21,adjacent_difference,17888,17887
17910,21,adjacent_difference,17889,17888
17911,21,adjacent_difference,17890,17889
17912,21,adjacent_difference,17891,17890
17913,21,adjacent_difference,17892,17891
17914,21,adjacent_difference,17893,17892
17915,21,adjacent_difference,17894,17893
17916,21,adjacent_difference,17895,17894
17917,21,adjacent_difference,17896,17895
17918,21,adjacent_difference,17897,17896
17919,21,adjacent_difference,17898,17897
17920,21,adjacent_difference,17899,17898
17921,21,adjacent_difference,17900,17899
17922,21,adjacent_difference,17901,17900
17923,21,adjacent_difference,17902,17901
17924,21,adjacent_difference,17903,17902
17925,21,adjacent_difference,17904,17903
17926,21,adjacent_difference,17905,17904
17927,21,adjacent_difference,17906,17905
17928,21,adjacent_difference,17907,17906
17929,21,adjacent_difference,17908,17907
17930,21,adjacent_difference,17909,17908
17931,21,adjacent_difference,17910,17909
17932,21,adjacent_difference,17911,17910
17933,21,adjacent_difference,17912,17911
17934,21,adjacent_difference,17913,17912
17935,21,adjacent_difference,17914,17913
17936,21,adjacent_difference,17915,17914
17937,21,adjacent_difference,17916,17915
17938,21,adjacent_difference,17917,17916
17939,21,adjacent_difference,17918,17917
17940,21,adjacent_difference,17919,17918
17941,21,adjacent_difference,17920,17919
17942,21,adjacent_difference,17921,17920
17943,21,adjacent_difference,17922,17921
17944,21,adjacent_difference,17923,17922
17945,21,adjacent_difference,17924,17923
17946,21,adjacent_difference,17925,17924
17947,21,adjacent_difference,17926,17925
17948,21,adjacent_difference,17927,17926
17949,21,adjacent_difference,17928,17927
17950,21,adjacent_difference,17929,17928
17951,21,adjacent_difference,17930,17929
17952,21,adjacent_difference,17931,17930
17953,21,adjacent_difference,17932,17931
17954,21,adjacent_difference,17933,17932
17955,21,adjacent_difference,17934,17933
17956,21,adjacent_difference,17935,17934
17957,21,adjacent_difference,17936,17935
17958,21,adjacent_difference,17937,17936
17959,21,adjacent_difference,17938,17937
17960,21,adjacent_difference,17939,17938
17961,21,adjacent_difference,17940,17939
17962,21,adjacent_difference,17941,17940
17963,21,adjacent_difference,17942,17941
17964,21,adjacent_difference,17943,17942
17965,21,adjacent_difference,17944,17943
17966,21,adjacent_difference,17945,17944
17967,21,adjacent_difference,17946,17945
17968,21,adjacent_difference,17947,17946
17969,21,adjacent_difference,17948,17947
17970,21,adjacent_difference,17949,17948
17971,21,adjacent_difference,17950,17949
17972,21,adjacent_difference,17951,17950
17973,21,adjacent_difference,17952,17951
17974,21,adjacent_difference,17953,17952
17975,21,adjacent_difference,17954,17953
17976,21,adjacent_difference,17955,17954
17977,21,adjacent_difference,17956,17955
17978,21,adjacent_difference,17957,17956
17979,21,adjacent_difference,17958,17957
17980,21,adjacent_difference,17959,17958
17981,21,adjacent_difference,17960,17959
17982,21,adjacent_difference,17961,17960
17983,21,adjacent_difference,17962,17961
17984,21,adjacent_difference,17963,17962
17985,21,adjacent_difference,17964,17963
17986,21,adjacent_difference,17965,17964
17987,21,adjacent_difference,17966,17965
17988,21,adjacent_difference,17967,17966
17989,21,adjacent_difference,17968,17967
17990,21,adjacent_difference,17969,17968
17991,21,adjacent_difference,17970,17969
17992,21,adjacent_difference,17971,17970
17993,21,adjacent_difference,17972,17971
17994,21,adjacent_difference,17973,17972
17995,21,adjacent_difference,17974,17973
17996,21,adjacent_difference,17975,17974
17997,21,adjacent_difference,17976,17975
17998,21,adjacent_difference,17977,17976
17999,21,adjacent_difference,17978,17977
18000,21,adjacent_difference,17979,17978
18001,21,adjacent_difference,17980,17979
18002,21,adjacent_difference,17981,17980
18003,21,adjacent_difference,17982,17981
18004,21,adjacent_difference,17983,17982
18005,21,adjacent_difference,17984,17983
18006,21,adjacent_difference,17985,17984
18007,21,adjacent_difference,17986,17985
18008,21,adjacent_difference,17987,17986
18009,21,adjacent_difference,17988,17987
18010,21,adjacent_difference,17989,17988
18011,21,adjacent_difference,17990,17989
18012,21,adjacent_difference,17991,17990
18013,21,adjacent_difference,17992,17991
18014,21,adjacent_difference,17993,17992
18015,21,adjacent_difference,17994,17993
18016,21,adjacent_difference,17995,17994
18017,21,adjacent_difference,17996,17995
18018,21,adjacent_difference,17997,17996
18019,21,adjacent_difference,17998,17997
18020,21,adjacent_difference,17999,17998
18021,21,adjacent_difference,18000,17999
18022,21,adjacent_difference,18001,18000
18023,21,adjacent_difference,18002,18001
18024,21,adjacent_difference,18003,18002
18025,21,adjacent_difference,18004,18003
18026,21,adjacent_difference,18005,18004
18027,21,adjacent_difference,18006,18005
18028,21,adjacent_difference,18007,18006
18029,21,adjacent_difference,18008,18007
18030,21,adjacent_difference,18009,18008
18031,21,adjacent_difference,18010,18009
18032,21,adjacent_difference,18011,18010
18033,21,adjacent_difference,18012,18011
18034,21,adjacent_difference,18013,18012
18035,21,adjacent_difference,18014,18013
18036,21,adjacent_difference,18015,18014
18037,21,adjacent_difference,18016,18015
18038,21,adjacent_difference,18017,18016
18039,21,adjacent_difference,18018,18017
18040,21,adjacent_difference,18019,18018
18041,21,adjacent_difference,18020,18019
18042,21,adjacent_difference,18021,18020
18043,21,adjacent_difference,18022,18021
18044,21,adjacent_difference,18023,18022
18045,21,adjacent_difference,18024,18023
18046,21,adjacent_difference,18025,18024
18047,21,adjacent_difference,18026,18025
18048,21,adjacent_difference,18027,18026
18049,21,adjacent_difference,18028,18027
18050,21,adjacent_difference,18029,18028
18051,21,adjacent_difference,18030,18029
18052,21,adjacent_difference,18031,18030
18053,21,adjacent_difference,18032,18031
18054,21,adjacent_difference,18033,18032
18055,21,adjacent_difference,18034,18033
18056,21,adjacent_difference,18035,18034
18057,21,adjacent_difference,18036,18035
18058,21,adjacent_difference,18037,18036
18059,21,adjacent_difference,18038,18037
18060,21,adjacent_difference,18039,18038
18061,21,adjacent_difference,18040,18039
18062,21,adjacent_difference,18041,18040
18063,21,adjacent_difference,18042,18041
18064,21,adjacent_difference,18043,18042
18065,21,adjacent_difference,18044,18043
18066,21,adjacent_difference,18045,18044
18067,21,adjacent_difference,18046,18045
18068,21,adjacent_difference,18047,18046
18069,21,adjacent_difference,18048,18047
18070,21,adjacent_difference,18049,18048
18071,21,adjacent_difference,18050,18049
18072,21,adjacent_difference,18051,18050
18073,21,adjacent_difference,18052,18051
18074,21,adjacent_difference,18053,18052
18075,21,adjacent_difference,18054,18053
18076,21,adjacent_difference,18055,18054
18077,21,adjacent_difference,18056,18055
18078,21,adjacent_difference,18057,18056
18079,21,adjacent_difference,18058,18057
18080,21,adjacent_difference,18059,18058
18081,21,adjacent_difference,18060,18059
18082,21,adjacent_difference,18061,18060
18083,21,adjacent_difference,18062,18061
18084,21,adjacent_difference,18063,18062
18085,21,adjacent_difference,18064,18063
18086,21,adjacent_difference,18065,18064
18087,21,adjacent_difference,18066,18065
18088,21,adjacent_difference,18067,18066
18089,21,adjacent_difference,18068,18067
18090,21,adjacent_difference,18069,18068
18091,21,adjacent_difference,18070,18069
18092,21,adjacent_difference,18071,18070
18093,21,adjacent_difference,18072,18071
18094,21,adjacent_difference,18073,18072
18095,21,adjacent_difference,18074,18073
18096,21,adjacent_difference,18075,18074
18097,21,adjacent_difference,18076,18075
18098,21,adjacent_difference,18077,18076
18099,21,adjacent_difference,18078,18077
18100,21,adjacent_difference,18079,18078
18101,21,adjacent_difference,18080,18079
18102,21,adjacent_difference,18081,18080
18103,21,adjacent_difference,18082,18081
18104,21,adjacent_difference,18083,18082
18105,21,adjacent_difference,18084,18083
18106,21,adjacent_difference,18085,18084
18107,21,adjacent_difference,18086,18085
18108,21,adjacent_difference,18087,18086
18109,21,adjacent_difference,18088,18087
18110,21,adjacent_difference,18089,18088
18111,21,adjacent_difference,18090,18089
18112,21,adjacent_difference,18091,18090
18113,21,adjacent_difference,18092,18091
18114,21,adjacent_difference,18093,18092
18115,21,adjacent_difference,18094,18093
18116,21,adjacent_difference,18095,18094
18117,21,adjacent_difference,18096,18095
18118,21,adjacent_difference,18097,18096
18119,21,adjacent_difference,18098,18097
18120,21,adjacent_difference,18099,18098
18121,21,adjacent_difference,18100,18099
18122,21,adjacent_difference,18101,18100
18123,21,adjacent_difference,18102,18101
18124,21,adjacent_difference,18103,18102
18125,21,adjacent_difference,18104,18103
18126,21,adjacent_difference,18105,18104
18127,21,adjacent_difference,18106,18105
18128,21,adjacent_difference,18107,18106
18129,21,adjacent_difference,18108,18107
18130,21,adjacent_difference,18109,18108
18131,21,adjacent_difference,18110,18109
18132,21,adjacent_difference,18111,18110
18133,21,adjacent_difference,18112,18111
18134,21,adjacent_difference,18113,18112
18135,21,adjacent_difference,18114,18113
18136,21,adjacent_difference,18115,18114
18137,21,adjacent_difference,18116,18115
18138,21,adjacent_difference,18117,18116
18139,21,adjacent_difference,18118,18117
18140,21,adjacent_difference,18119,18118
18141,21,adjacent_difference,18120,18119
18142,21,adjacent_difference,18121,18120
18143,21,adjacent_difference,18122,18121
18144,21,adjacent_difference,18123,18122
18145,21,adjacent_difference,18124,18123
18146,21,adjacent_difference,18125,18124
18147,21,adjacent_difference,18126,18125
18148,21,adjacent_difference,18127,18126
18149,21,adjacent_difference,18128,18127
18150,21,adjacent_difference,18129,18128
18151,21,adjacent_difference,18130,18129
18152,21,adjacent_difference,18131,18130
18153,21,adjacent_difference,18132,18131
18154,21,adjacent_difference,18133,18132
18155,21,adjacent_difference,18134,18133
18156,21,adjacent_difference,18135,18134
18157,21,adjacent_difference,18136,18135
18158,21,adjacent_difference,18137,18136
18159,21,adjacent_difference,18138,18137
18160,21,adjacent_difference,18139,18138
18161,21,adjacent_difference,18140,18139
18162,21,adjacent_difference,18141,18140
18163,21,adjacent_difference,18142,18141
18164,21,adjacent_difference,18143,18142
18165,21,adjacent_difference,18144,18143
18166,21,adjacent_difference,18145,18144
18167,21,adjacent_difference,18146,18145
18168,21,adjacent_difference,18147,18146
18169,21,adjacent_difference,18148,18147
18170,21,adjacent_difference,18149,18148
18171,21,adjacent_difference,18150,18149
18172,21,adjacent_difference,18151,18150
18173,21,adjacent_difference,18152,18151
18174,21,adjacent_difference,18153,18152
18175,21,adjacent_difference,18154,18153
18176,21,adjacent_difference,18155,18154
18177,21,adjacent_difference,18156,18155
18178,21,adjacent_difference,18157,18156
18179,21,adjacent_difference,18158,18157
18180,21,adjacent_difference,18159,18158
18181,21,adjacent_difference,18160,18159
18182,21,adjacent_difference,18161,18160
18183,21,adjacent_difference,18162,18161
18184,21,adjacent_difference,18163,18162
18185,21,adjacent_difference,18164,18163
18186,21,adjacent_difference,18165,18164
18187,21,adjacent_difference,18166,18165
18188,21,adjacent_difference,18167,18166
18189,21,adjacent_difference,18168,18167
18190,21,adjacent_difference,18169,18168
18191,21,adjacent_difference,18170,18169
18192,21,adjacent_difference,18171,18170
18193,21,adjacent_difference,18172,18171
18194,21,adjacent_difference,18173,18172
18195,21,adjacent_difference,18174,18173
18196,21,adjacent_difference,18175,18174
18197,21,adjacent_difference,18176,18175
18198,21,adjacent_difference,18177,18176
18199,21,adjacent_difference,18178,18177
18200,21,adjacent_difference,18179,18178
18201,21,adjacent_difference,18180,18179
18202,21,adjacent_difference,18181,18180
18203,21,adjacent_difference,18182,18181
18204,21,adjacent_difference,18183,18182
18205,21,adjacent_difference,18184,18183
18206,21,adjacent_difference,18185,18184
18207,21,adjacent_difference,18186,18185
18208,21,adjacent_difference,18187,18186
18209,21,adjacent_difference,18188,18187
18210,21,adjacent_difference,18189,18188
18211,21,adjacent_difference,18190,18189
18212,21,adjacent_difference,18191,18190
18213,21,adjacent_difference,18192,18191
18214,21,adjacent_difference,18193,18192
18215,21,adjacent_difference,18194,18193
18216,21,adjacent_difference,18195,18194
18217,21,adjacent_difference,18196,18195
18218,21,adjacent_difference,18197,18196
18219,21,adjacent_difference,18198,18197
18220,21,adjacent_difference,18199,18198
18221,21,adjacent_difference,18200,18199
18222,21,adjacent_difference,18201,18200
18223,21,adjacent_difference,18202,18201
18224,21,adjacent_difference,18203,18202
18225,21,adjacent_difference,18204,18203
18226,21,adjacent_difference,18205,18204
18227,21,adjacent_difference,18206,18205
18228,21,adjacent_difference,18207,18206
18229,21,adjacent_difference,18208,18207
18230,21,adjacent_difference,18209,18208
18231,21,adjacent_difference,18210,18209
18232,21,adjacent_difference,18211,18210
18233,21,adjacent_difference,18212,18211
18234,21,adjacent_difference,18213,18212
18235,21,adjacent_difference,18214,18213
18236,21,adjacent_difference,18215,18214
18237,21,adjacent_difference,18216,18215
18238,21,adjacent_difference,18217,18216
18239,21,adjacent_difference,18218,18217
18240,21,adjacent_difference,18219,18218
18241,21,adjacent_difference,18220,18219
18242,21,adjacent_difference,18221,18220
18243,21,adjacent_difference,18222,18221
18244,21,adjacent_difference,18223,18222
18245,21,adjacent_difference,18224,18223
18246,21,adjacent_difference,18225,18224
18247,21,adjacent_difference,18226,18225
18248,21,adjacent_difference,18227,18226
18249,21,adjacent_difference,18228,18227
18250,21,adjacent_difference,18229,18228
18251,21,adjacent_difference,18230,18229
18252,21,adjacent_difference,18231,18230
18253,21,adjacent_difference,18232,18231
18254,21,adjacent_difference,18233,18232
18255,21,adjacent_difference,18234,18233
18256,21,adjacent_difference,18235,18234
18257,21,adjacent_difference,18236,18235
18258,21,adjacent_difference,18237,18236
18259,21,adjacent_difference,18238,18237
18260,21,adjacent_difference,18239,18238
18261,21,adjacent_difference,18240,18239
18262,21,adjacent_difference,18241,18240
18263,21,adjacent_difference,18242,18241
18264,21,adjacent_difference,18243,18242
18265,21,adjacent_difference,18244,18243
18266,21,adjacent_difference,18245,18244
18267,21,adjacent_difference,18246,18245
18268,21,adjacent_difference,18247,18246
18269,21,adjacent_difference,18248,18247
18270,21,adjacent_difference,18249,18248
18271,21,adjacent_difference,18250,18249
18272,21,adjacent_difference,18251,18250
18273,21,adjacent_difference,18252,18251
18274,21,adjacent_difference,18253,18252
18275,21,adjacent_difference,18254,18253
18276,21,adjacent_difference,18255,18254
18277,21,adjacent_difference,18256,18255
18278,21,adjacent_difference,18257,18256
18279,21,adjacent_difference,18258,18257
18280,21,adjacent_difference,18259,18258
18281,21,adjacent_difference,18260,18259
18282,21,adjacent_difference,18261,18260
18283,21,adjacent_difference,18262,18261
18284,21,adjacent_difference,18263,18262
18285,21,adjacent_difference,18264,18263
18286,21,adjacent_difference,18265,18264
18287,21,adjacent_difference,18266,18265
18288,21,adjacent_difference,18267,18266
18289,21,adjacent_difference,18268,18267
18290,21,adjacent_difference,18269,18268
18291,21,adjacent_difference,18270,18269
18292,21,adjacent_difference,18271,18270
18293,21,adjacent_difference,18272,18271
18294,21,adjacent_difference,18273,18272
18295,21,adjacent_difference,18274,18273
18296,21,adjacent_difference,18275,18274
18297,21,adjacent_difference,18276,18275
18298,21,adjacent_difference,18277,18276
18299,21,adjacent_difference,18278,18277
18300,21,adjacent_difference,18279,18278
18301,21,adjacent_difference,18280,18279
18302,21,adjacent_difference,18281,18280
18303,21,adjacent_difference,18282,18281
18304,21,adjacent_difference,18283,18282
18305,21,adjacent_difference,18284,18283
18306,21,adjacent_difference,18285,18284
18307,21,adjacent_difference,18286,18285
18308,21,adjacent_difference,18287,18286
18309,21,adjacent_difference,18288,18287
18310,21,adjacent_difference,18289,18288
18311,21,adjacent_difference,18290,18289
18312,21,adjacent_difference,18291,18290
18313,21,adjacent_difference,18292,18291
18314,21,adjacent_difference,18293,18292
18315,21,adjacent_difference,18294,18293
18316,21,adjacent_difference,18295,18294
18317,21,adjacent_difference,18296,18295
18318,21,adjacent_difference,18297,18296
18319,21,adjacent_difference,18298,18297
18320,21,adjacent_difference,18299,18298
18321,21,adjacent_difference,18300,18299
18322,21,adjacent_difference,18301,18300
18323,21,adjacent_difference,18302,18301
18324,21,adjacent_difference,18303,18302
18325,21,adjacent_difference,18304,18303
18326,21,adjacent_difference,18305,18304
18327,21,adjacent_difference,18306,18305
18328,21,adjacent_difference,18307,18306
18329,21,adjacent_difference,18308,18307
18330,21,adjacent_difference,18309,18308
18331,21,adjacent_difference,18310,18309
18332,21,adjacent_difference,18311,18310
18333,21,adjacent_difference,18312,18311
18334,21,adjacent_difference,18313,18312
18335,21,adjacent_difference,18314,18313
18336,21,adjacent_difference,18315,18314
18337,21,adjacent_difference,18316,18315
18338,21,adjacent_difference,18317,18316
18339,21,adjacent_difference,18318,18317
18340,21,adjacent_difference,18319,18318
18341,21,adjacent_difference,18320,18319
18342,21,adjacent_difference,18321,18320
18343,21,adjacent_difference,18322,18321
18344,21,adjacent_difference,18323,18322
18345,21,adjacent_difference,18324,18323
18346,21,adjacent_difference,18325,18324
18347,21,adjacent_difference,18326,18325
18348,21,adjacent_difference,18327,18326
18349,21,adjacent_difference,18328,18327
18350,21,adjacent_difference,18329,18328
18351,21,adjacent_difference,18330,18329
18352,21,adjacent_difference,18331,18330
18353,21,adjacent_difference,18332,18331
18354,21,adjacent_difference,18333,18332
18355,21,adjacent_difference,18334,18333
18356,21,adjacent_difference,18335,18334
18357,21,adjacent_difference,18336,18335
18358,21,adjacent_difference,18337,18336
18359,21,adjacent_difference,18338,18337
18360,21,adjacent_difference,18339,18338
18361,21,adjacent_difference,18340,18339
18362,21,adjacent_difference,18341,18340
18363,21,adjacent_difference,18342,18341
18364,21,adjacent_difference,18343,18342
18365,21,adjacent_difference,18344,18343
18366,21,adjacent_difference,18345,18344
18367,21,adjacent_difference,18346,18345
18368,21,adjacent_difference,18347,18346
18369,21,adjacent_difference,18348,18347
18370,21,adjacent_difference,18349,18348
18371,21,adjacent_difference,18350,18349
18372,21,adjacent_difference,18351,18350
18373,21,adjacent_difference,18352,18351
18374,21,adjacent_difference,18353,18352
18375,21,adjacent_difference,18354,18353
18376,21,adjacent_difference,18355,18354
18377,21,adjacent_difference,18356,18355
18378,21,adjacent_difference,18357,18356
18379,21,adjacent_difference,18358,18357
18380,21,adjacent_difference,18359,18358
18381,21,adjacent_difference,18360,18359
18382,21,adjacent_difference,18361,18360
18383,21,adjacent_difference,18362,18361
18384,21,adjacent_difference,18363,18362
18385,21,adjacent_difference,18364,18363
18386,21,adjacent_difference,18365,18364
18387,21,adjacent_difference,18366,18365
18388,21,adjacent_difference,18367,18366
18389,21,adjacent_difference,18368,18367
18390,21,adjacent_difference,18369,18368
18391,21,adjacent_difference,18370,18369
18392,21,adjacent_difference,18371,18370
18393,21,adjacent_difference,18372,18371
18394,21,adjacent_difference,18373,18372
18395,21,adjacent_difference,18374,18373
18396,21,adjacent_difference,18375,18374
18397,21,adjacent_difference,18376,18375
18398,21,adjacent_difference,18377,18376
18399,21,adjacent_difference,18378,18377
18400,21,adjacent_difference,18379,18378
18401,21,adjacent_difference,18380,18379
18402,21,adjacent_difference,18381,18380
18403,21,adjacent_difference,18382,18381
18404,21,adjacent_difference,18383,18382
18405,21,adjacent_difference,18384,18383
18406,21,adjacent_difference,18385,18384
18407,21,adjacent_difference,18386,18385
18408,21,adjacent_difference,18387,18386
18409,21,adjacent_difference,18388,18387
18410,21,adjacent_difference,18389,18388
18411,21,adjacent_difference,18390,18389
18412,21,adjacent_difference,18391,18390
18413,21,adjacent_difference,18392,18391
18414,21,adjacent_difference,18393,18392
18415,21,adjacent_difference,18394,18393
18416,21,adjacent_difference,18395,18394
18417,21,adjacent_difference,18396,18395
18418,21,adjacent_difference,18397,18396
18419,21,adjacent_difference,18398,18397
18420,21,adjacent_difference,18399,18398
18421,21,adjacent_difference,18400,18399
18422,21,adjacent_difference,18401,18400
18423,21,adjacent_difference,18402,18401
18424,21,adjacent_difference,18403,18402
18425,21,adjacent_difference,18404,18403
18426,21,adjacent_difference,18405,18404
18427,21,adjacent_difference,18406,18405
18428,21,adjacent_difference,18407,18406
18429,21,adjacent_difference,18408,18407
18430,21,adjacent_difference,18409,18408
18431,21,adjacent_difference,18410,18409
18432,21,adjacent_difference,18411,18410
18433,21,adjacent_difference,18412,18411
18434,21,adjacent_difference,18413,18412
18435,21,adjacent_difference,18414,18413
18436,21,adjacent_difference,18415,18414
18437,21,adjacent_difference,18416,18415
18438,21,adjacent_difference,18417,18416
18439,21,adjacent_difference,18418,18417
18440,21,adjacent_difference,18419,18418
18441,21,adjacent_difference,18420,18419
18442,21,adjacent_difference,18421,18420
18443,21,adjacent_difference,18422,18421
18444,21,adjacent_difference,18423,18422
18445,21,adjacent_difference,18424,18423
18446,21,adjacent_difference,18425,18424
18447,21,adjacent_difference,18426,18425
18448,21,adjacent_difference,18427,18426
18449,21,adjacent_difference,18428,18427
18450,21,adjacent_difference,18429,18428
18451,21,adjacent_difference,18430,18429
18452,21,adjacent_difference,18431,18430
18453,21,adjacent_difference,18432,18431
18454,21,adjacent_difference,18433,18432
18455,21,adjacent_difference,18434,18433
18456,21,adjacent_difference,18435,18434
18457,21,adjacent_difference,18436,18435
18458,21,adjacent_difference,18437,18436
18459,21,adjacent_difference,18438,18437
18460,21,adjacent_difference,18439,18438
18461,21,adjacent_difference,18440,18439
18462,21,adjacent_difference,18441,18440
18463,21,adjacent_difference,18442,18441
18464,21,adjacent_difference,18443,18442
18465,21,adjacent_difference,18444,18443
18466,21,adjacent_difference,18445,18444
18467,21,adjacent_difference,18446,18445
18468,21,adjacent_difference,18447,18446
18469,21,adjacent_difference,18448,18447
18470,21,adjacent_difference,18449,18448
18471,21,adjacent_difference,18450,18449
18472,21,adjacent_difference,18451,18450
18473,21,adjacent_difference,18452,18451
18474,21,adjacent_difference,18453,18452
18475,21,adjacent_difference,18454,18453
18476,21,adjacent_difference,18455,18454
18477,21,adjacent_difference,18456,18455
18478,21,adjacent_difference,18457,18456
18479,21,adjacent_difference,18458,18457
18480,21,adjacent_difference,18459,18458
18481,21,adjacent_difference,18460,18459
18482,21,adjacent_difference,18461,18460
18483,21,adjacent_difference,18462,18461
18484,21,adjacent_difference,18463,18462
18485,21,adjacent_difference,18464,18463
18486,21,adjacent_difference,18465,18464
18487,21,adjacent_difference,18466,18465
18488,21,adjacent_difference,18467,18466
18489,21,adjacent_difference,18468,18467
18490,21,adjacent_difference,18469,18468
18491,21,adjacent_difference,18470,18469
18492,21,adjacent_difference,18471,18470
18493,21,adjacent_difference,18472,18471
18494,21,adjacent_difference,18473,18472
18495,21,adjacent_difference,18474,18473
18496,21,adjacent_difference,18475,18474
18497,21,adjacent_difference,18476,18475
18498,21,adjacent_difference,18477,18476
18499,21,adjacent_difference,18478,18477
18500,21,adjacent_difference,18479,18478
18501,21,adjacent_difference,18480,18479
18502,21,adjacent_difference,18481,18480
18503,21,adjacent_difference,18482,18481
18504,21,adjacent_difference,18483,18482
18505,21,adjacent_difference,18484,18483
18506,21,adjacent_difference,18485,18484
18507,21,adjacent_difference,18486,18485
18508,21,adjacent_difference,18487,18486
18509,21,adjacent_difference,18488,18487
18510,21,adjacent_difference,18489,18488
18511,21,adjacent_difference,18490,18489
18512,21,adjacent_difference,18491,18490
18513,21,adjacent_difference,18492,18491
18514,21,adjacent_difference,18493,18492
18515,21,adjacent_difference,18494,18493
18516,21,adjacent_difference,18495,18494
18517,21,adjacent_difference,18496,18495
18518,21,adjacent_difference,18497,18496
18519,21,adjacent_difference,18498,18497
18520,21,adjacent_difference,18499,18498
18521,21,adjacent_difference,18500,18499
18522,21,adjacent_difference,18501,18500
18523,21,adjacent_difference,18502,18501
18524,21,adjacent_difference,18503,18502
18525,21,adjacent_difference,18504,18503
18526,21,adjacent_difference,18505,18504
18527,21,adjacent_difference,18506,18505
18528,21,adjacent_difference,18507,18506
18529,21,adjacent_difference,18508,18507
18530,21,adjacent_difference,18509,18508
18531,21,adjacent_difference,18510,18509
18532,21,adjacent_difference,18511,18510
18533,21,adjacent_difference,18512,18511
18534,21,adjacent_difference,18513,18512
18535,21,adjacent_difference,18514,18513
18536,21,adjacent_difference,18515,18514
18537,21,adjacent_difference,18516,18515
18538,21,adjacent_difference,18517,18516
18539,21,adjacent_difference,18518,18517
18540,21,adjacent_difference,18519,18518
18541,21,adjacent_difference,18520,18519
18542,21,adjacent_difference,18521,18520
18543,21,adjacent_difference,18522,18521
18544,21,adjacent_difference,18523,18522
18545,21,adjacent_difference,18524,18523
18546,21,adjacent_difference,18525,18524
18547,21,adjacent_difference,18526,18525
18548,21,adjacent_difference,18527,18526
18549,21,adjacent_difference,18528,18527
18550,21,adjacent_difference,18529,18528
18551,21,adjacent_difference,18530,18529
18552,21,adjacent_difference,18531,18530
18553,21,adjacent_difference,18532,18531
18554,21,adjacent_difference,18533,18532
18555,21,adjacent_difference,18534,18533
18556,21,adjacent_difference,18535,18534
18557,21,adjacent_difference,18536,18535
18558,21,adjacent_difference,18537,18536
18559,21,adjacent_difference,18538,18537
18560,21,adjacent_difference,18539,18538
18561,21,adjacent_difference,18540,18539
18562,21,adjacent_difference,18541,18540
18563,21,adjacent_difference,18542,18541
18564,21,adjacent_difference,18543,18542
18565,21,adjacent_difference,18544,18543
18566,21,adjacent_difference,18545,18544
18567,21,adjacent_difference,18546,18545
18568,21,adjacent_difference,18547,18546
18569,21,adjacent_difference,18548,18547
18570,21,adjacent_difference,18549,18548
18571,21,adjacent_difference,18550,18549
18572,21,adjacent_difference,18551,18550
18573,21,adjacent_difference,18552,18551
18574,21,adjacent_difference,18553,18552
18575,21,adjacent_difference,18554,18553
18576,21,adjacent_difference,18555,18554
18577,21,adjacent_difference,18556,18555
18578,21,adjacent_difference,18557,18556
18579,21,adjacent_difference,18558,18557
18580,21,adjacent_difference,18559,18558
18581,21,adjacent_difference,18560,18559
18582,21,adjacent_difference,18561,18560
18583,21,adjacent_difference,18562,18561
18584,21,adjacent_difference,18563,18562
18585,21,adjacent_difference,18564,18563
18586,21,adjacent_difference,18565,18564
18587,21,adjacent_difference,18566,18565
18588,21,adjacent_difference,18567,18566
18589,21,adjacent_difference,18568,18567
18590,21,adjacent_difference,18569,18568
18591,21,adjacent_difference,18570,18569
18592,21,adjacent_difference,18571,18570
18593,21,adjacent_difference,18572,18571
18594,21,adjacent_difference,18573,18572
18595,21,adjacent_difference,18574,18573
18596,21,adjacent_difference,18575,18574
18597,21,adjacent_difference,18576,18575
18598,21,adjacent_difference,18577,18576
18599,21,adjacent_difference,18578,18577
18600,21,adjacent_difference,18579,18578
18601,21,adjacent_difference,18580,18579
18602,21,adjacent_difference,18581,18580
18603,21,adjacent_difference,18582,18581
18604,21,adjacent_difference,18583,18582
18605,21,adjacent_difference,18584,18583
18606,21,adjacent_difference,18585,18584
18607,21,adjacent_difference,18586,18585
18608,21,adjacent_difference,18587,18586
18609,21,adjacent_difference,18588,18587
18610,21,terminal_inverse,-1,18588
18611,22,absolute_start,18589,-1
18612,22,adjacent_difference,18590,18589
18613,22,adjacent_difference,18591,18590
18614,22,adjacent_difference,18592,18591
18615,22,adjacent_difference,18593,18592
18616,22,adjacent_difference,18594,18593
18617,22,adjacent_difference,18595,18594
18618,22,adjacent_difference,18596,18595
18619,22,adjacent_difference,18597,18596
18620,22,adjacent_difference,18598,18597
18621,22,adjacent_difference,18599,18598
18622,22,adjacent_difference,18600,18599
18623,22,adjacent_difference,18601,18600
18624,22,adjacent_difference,18602,18601
18625,22,adjacent_difference,18603,18602
18626,22,adjacent_difference,18604,18603
18627,22,adjacent_difference,18605,18604
18628,22,adjacent_difference,18606,18605
18629,22,adjacent_difference,18607,18606
18630,22,adjacent_difference,18608,18607
18631,22,adjacent_difference,18609,18608
18632,22,adjacent_difference,18610,18609
18633,22,adjacent_difference,18611,18610
18634,22,adjacent_difference,18612,18611
18635,22,adjacent_difference,18613,18612
18636,22,adjacent_difference,18614,18613
18637,22,adjacent_difference,18615,18614
18638,22,adjacent_difference,18616,18615
18639,22,adjacent_difference,18617,18616
18640,22,adjacent_difference,18618,18617
18641,22,adjacent_difference,18619,18618
18642,22,adjacent_difference,18620,18619
18643,22,adjacent_difference,18621,18620
18644,22,adjacent_difference,18622,18621
18645,22,adjacent_difference,18623,18622
18646,22,adjacent_difference,18624,18623
18647,22,adjacent_difference,18625,18624
18648,22,adjacent_difference,18626,18625
18649,22,adjacent_difference,18627,18626
18650,22,adjacent_difference,18628,18627
18651,22,adjacent_difference,18629,18628
18652,22,adjacent_difference,18630,18629
18653,22,adjacent_difference,18631,18630
18654,22,adjacent_difference,18632,18631
18655,22,adjacent_difference,18633,18632
18656,22,adjacent_difference,18634,18633
18657,22,adjacent_difference,18635,18634
18658,22,adjacent_difference,18636,18635
18659,22,adjacent_difference,18637,18636
18660,22,adjacent_difference,18638,18637
18661,22,adjacent_difference,18639,18638
18662,22,adjacent_difference,18640,18639
18663,22,adjacent_difference,18641,18640
18664,22,adjacent_difference,18642,18641
18665,22,adjacent_difference,18643,18642
18666,22,adjacent_difference,18644,18643
18667,22,adjacent_difference,18645,18644
18668,22,adjacent_difference,18646,18645
18669,22,adjacent_difference,18647,18646
18670,22,adjacent_difference,18648,18647
18671,22,adjacent_difference,18649,18648
18672,22,adjacent_difference,18650,18649
18673,22,adjacent_difference,18651,18650
18674,22,adjacent_difference,18652,18651
18675,22,adjacent_difference,18653,18652
18676,22,adjacent_difference,18654,18653
18677,22,adjacent_difference,18655,18654
18678,22,adjacent_difference,18656,18655
18679,22,adjacent_difference,18657,18656
18680,22,adjacent_difference,18658,18657
18681,22,adjacent_difference,18659,18658
18682,22,adjacent_difference,18660,18659
18683,22,adjacent_difference,18661,18660
18684,22,adjacent_difference,18662,18661
18685,22,adjacent_difference,18663,18662
18686,22,adjacent_difference,18664,18663
18687,22,adjacent_difference,18665,18664
18688,22,adjacent_difference,18666,18665
18689,22,adjacent_difference,18667,18666
18690,22,adjacent_difference,18668,18667
18691,22,adjacent_difference,18669,18668
18692,22,adjacent_difference,18670,18669
18693,22,adjacent_difference,18671,18670
18694,22,adjacent_difference,18672,18671
18695,22,adjacent_difference,18673,18672
18696,22,adjacent_difference,18674,18673
18697,22,adjacent_difference,18675,18674
18698,22,adjacent_difference,18676,18675
18699,22,adjacent_difference,18677,18676
18700,22,adjacent_difference,18678,18677
18701,22,adjacent_difference,18679,18678
18702,22,adjacent_difference,18680,18679
18703,22,adjacent_difference,18681,18680
18704,22,adjacent_difference,18682,18681
18705,22,adjacent_difference,18683,18682
18706,22,adjacent_difference,18684,18683
18707,22,adjacent_difference,18685,18684
18708,22,adjacent_difference,18686,18685
18709,22,adjacent_difference,18687,18686
18710,22,adjacent_difference,18688,18687
18711,22,adjacent_difference,18689,18688
18712,22,adjacent_difference,18690,18689
18713,22,adjacent_difference,18691,18690
18714,22,adjacent_difference,18692,18691
18715,22,adjacent_difference,18693,18692
18716,22,adjacent_difference,18694,18693
18717,22,adjacent_difference,18695,18694
18718,22,adjacent_difference,18696,18695
18719,22,adjacent_difference,18697,18696
18720,22,adjacent_difference,18698,18697
18721,22,adjacent_difference,18699,18698
18722,22,adjacent_difference,18700,18699
18723,22,adjacent_difference,18701,18700
18724,22,adjacent_difference,18702,18701
18725,22,adjacent_difference,18703,18702
18726,22,adjacent_difference,18704,18703
18727,22,adjacent_difference,18705,18704
18728,22,adjacent_difference,18706,18705
18729,22,adjacent_difference,18707,18706
18730,22,adjacent_difference,18708,18707
18731,22,adjacent_difference,18709,18708
18732,22,adjacent_difference,18710,18709
18733,22,adjacent_difference,18711,18710
18734,22,adjacent_difference,18712,18711
18735,22,adjacent_difference,18713,18712
18736,22,adjacent_difference,18714,18713
18737,22,adjacent_difference,18715,18714
18738,22,adjacent_difference,18716,18715
18739,22,adjacent_difference,18717,18716
18740,22,adjacent_difference,18718,18717
18741,22,adjacent_difference,18719,18718
18742,22,adjacent_difference,18720,18719
18743,22,adjacent_difference,18721,18720
18744,22,adjacent_difference,18722,18721
18745,22,adjacent_difference,18723,18722
18746,22,adjacent_difference,18724,18723
18747,22,adjacent_difference,18725,18724
18748,22,adjacent_difference,18726,18725
18749,22,adjacent_difference,18727,18726
18750,22,adjacent_difference,18728,18727
18751,22,adjacent_difference,18729,18728
18752,22,adjacent_difference,18730,18729
18753,22,adjacent_difference,18731,18730
18754,22,adjacent_difference,18732,18731
18755,22,adjacent_difference,18733,18732
18756,22,adjacent_difference,18734,18733
18757,22,adjacent_difference,18735,18734
18758,22,adjacent_difference,18736,18735
18759,22,adjacent_difference,18737,18736
18760,22,adjacent_difference,18738,18737
18761,22,adjacent_difference,18739,18738
18762,22,adjacent_difference,18740,18739
18763,22,adjacent_difference,18741,18740
18764,22,adjacent_difference,18742,18741
18765,22,adjacent_difference,18743,18742
18766,22,adjacent_difference,18744,18743
18767,22,adjacent_difference,18745,18744
18768,22,adjacent_difference,18746,18745
18769,22,adjacent_difference,18747,18746
18770,22,adjacent_difference,18748,18747
18771,22,adjacent_difference,18749,18748
18772,22,adjacent_difference,18750,18749
18773,22,adjacent_difference,18751,18750
18774,22,adjacent_difference,18752,18751
18775,22,adjacent_difference,18753,18752
18776,22,adjacent_difference,18754,18753
18777,22,adjacent_difference,18755,18754
18778,22,adjacent_difference,18756,18755
18779,22,adjacent_difference,18757,18756
18780,22,adjacent_difference,18758,18757
18781,22,adjacent_difference,18759,18758
18782,22,adjacent_difference,18760,18759
18783,22,adjacent_difference,18761,18760
18784,22,adjacent_difference,18762,18761
18785,22,adjacent_difference,18763,18762
18786,22,adjacent_difference,18764,18763
18787,22,adjacent_difference,18765,18764
18788,22,adjacent_difference,18766,18765
18789,22,adjacent_difference,18767,18766
18790,22,adjacent_difference,18768,18767
18791,22,adjacent_difference,18769,18768
18792,22,adjacent_difference,18770,18769
18793,22,adjacent_difference,18771,18770
18794,22,adjacent_difference,18772,18771
18795,22,adjacent_difference,18773,18772
18796,22,adjacent_difference,18774,18773
18797,22,adjacent_difference,18775,18774
18798,22,adjacent_difference,18776,18775
18799,22,adjacent_difference,18777,18776
18800,22,adjacent_difference,18778,18777
18801,22,adjacent_difference,18779,18778
18802,22,adjacent_difference,18780,18779
18803,22,adjacent_difference,18781,18780
18804,22,adjacent_difference,18782,18781
18805,22,adjacent_difference,18783,18782
18806,22,adjacent_difference,18784,18783
18807,22,adjacent_difference,18785,18784
18808,22,adjacent_difference,18786,18785
18809,22,adjacent_difference,18787,18786
18810,22,adjacent_difference,18788,18787
18811,22,adjacent_difference,18789,18788
18812,22,adjacent_difference,18790,18789
18813,22,adjacent_difference,18791,18790
18814,22,adjacent_difference,18792,18791
18815,22,adjacent_difference,18793,18792
18816,22,adjacent_difference,18794,18793
18817,22,adjacent_difference,18795,18794
18818,22,adjacent_difference,18796,18795
18819,22,adjacent_difference,18797,18796
18820,22,adjacent_difference,18798,18797
18821,22,adjacent_difference,18799,18798
18822,22,adjacent_difference,18800,18799
18823,22,adjacent_difference,18801,18800
18824,22,adjacent_difference,18802,18801
18825,22,adjacent_difference,18803,18802
18826,22,adjacent_difference,18804,18803
18827,22,adjacent_difference,18805,18804
18828,22,adjacent_difference,18806,18805
18829,22,adjacent_difference,18807,18806
18830,22,adjacent_difference,18808,18807
18831,22,adjacent_difference,18809,18808
18832,22,adjacent_difference,18810,18809
18833,22,adjacent_difference,18811,18810
18834,22,adjacent_difference,18812,18811
18835,22,adjacent_difference,18813,18812
18836,22,adjacent_difference,18814,18813
18837,22,adjacent_difference,18815,18814
18838,22,adjacent_difference,18816,18815
18839,22,adjacent_difference,18817,18816
18840,22,adjacent_difference,18818,18817
18841,22,adjacent_difference,18819,18818
18842,22,adjacent_difference,18820,18819
18843,22,adjacent_difference,18821,18820
18844,22,adjacent_difference,18822,18821
18845,22,adjacent_difference,18823,18822
18846,22,adjacent_difference,18824,18823
18847,22,adjacent_difference,18825,18824
18848,22,adjacent_difference,18826,18825
18849,22,adjacent_difference,18827,18826
18850,22,adjacent_difference,18828,18827
18851,22,adjacent_difference,18829,18828
18852,22,adjacent_difference,18830,18829
18853,22,adjacent_difference,18831,18830
18854,22,adjacent_difference,18832,18831
18855,22,adjacent_difference,18833,18832
18856,22,adjacent_difference,18834,18833
18857,22,adjacent_difference,18835,18834
18858,22,adjacent_difference,18836,18835
18859,22,adjacent_difference,18837,18836
18860,22,adjacent_difference,18838,18837
18861,22,adjacent_difference,18839,18838
18862,22,adjacent_difference,18840,18839
18863,22,adjacent_difference,18841,18840
18864,22,adjacent_difference,18842,18841
18865,22,adjacent_difference,18843,18842
18866,22,adjacent_difference,18844,18843
18867,22,adjacent_difference,18845,18844
18868,22,adjacent_difference,18846,18845
18869,22,adjacent_difference,18847,18846
18870,22,adjacent_difference,18848,18847
18871,22,adjacent_difference,18849,18848
18872,22,adjacent_difference,18850,18849
18873,22,adjacent_difference,18851,18850
18874,22,adjacent_difference,18852,18851
18875,22,adjacent_difference,18853,18852
18876,22,adjacent_difference,18854,18853
18877,22,adjacent_difference,18855,18854
18878,22,adjacent_difference,18856,18855
18879,22,adjacent_difference,18857,18856
18880,22,adjacent_difference,18858,18857
18881,22,adjacent_difference,18859,18858
18882,22,adjacent_difference,18860,18859
18883,22,adjacent_difference,18861,18860
18884,22,adjacent_difference,18862,18861
18885,22,adjacent_difference,18863,18862
18886,22,adjacent_difference,18864,18863
18887,22,adjacent_difference,18865,18864
18888,22,adjacent_difference,18866,18865
18889,22,adjacent_difference,18867,18866
18890,22,adjacent_difference,18868,18867
18891,22,adjacent_difference,18869,18868
18892,22,adjacent_difference,18870,18869
18893,22,adjacent_difference,18871,18870
18894,22,adjacent_difference,18872,18871
18895,22,adjacent_difference,18873,18872
18896,22,adjacent_difference,18874,18873
18897,22,adjacent_difference,18875,18874
18898,22,adjacent_difference,18876,18875
18899,22,adjacent_difference,18877,18876
18900,22,adjacent_difference,18878,18877
18901,22,adjacent_difference,18879,18878
18902,22,adjacent_difference,18880,18879
18903,22,adjacent_difference,18881,18880
18904,22,adjacent_difference,18882,18881
18905,22,adjacent_difference,18883,18882
18906,22,adjacent_difference,18884,18883
18907,22,adjacent_difference,18885,18884
18908,22,adjacent_difference,18886,18885
18909,22,adjacent_difference,18887,18886
18910,22,adjacent_difference,18888,18887
18911,22,adjacent_difference,18889,18888
18912,22,adjacent_difference,18890,18889
18913,22,adjacent_difference,18891,18890
18914,22,adjacent_difference,18892,18891
18915,22,adjacent_difference,18893,18892
18916,22,adjacent_difference,18894,18893
18917,22,adjacent_difference,18895,18894
18918,22,adjacent_difference,18896,18895
18919,22,adjacent_difference,18897,18896
18920,22,adjacent_difference,18898,18897
18921,22,adjacent_difference,18899,18898
18922,22,adjacent_difference,18900,18899
18923,22,adjacent_difference,18901,18900
18924,22,adjacent_difference,18902,18901
18925,22,adjacent_difference,18903,18902
18926,22,adjacent_difference,18904,18903
18927,22,adjacent_difference,18905,18904
18928,22,adjacent_difference,18906,18905
18929,22,adjacent_difference,18907,18906
18930,22,adjacent_difference,18908,18907
18931,22,adjacent_difference,18909,18908
18932,22,adjacent_difference,18910,18909
18933,22,adjacent_difference,18911,18910
18934,22,adjacent_difference,18912,18911
18935,22,adjacent_difference,18913,18912
18936,22,adjacent_difference,18914,18913
18937,22,adjacent_difference,18915,18914
18938,22,adjacent_difference,18916,18915
18939,22,adjacent_difference,18917,18916
18940,22,adjacent_difference,18918,18917
18941,22,adjacent_difference,18919,18918
18942,22,adjacent_difference,18920,18919
18943,22,adjacent_difference,18921,18920
18944,22,adjacent_difference,18922,18921
18945,22,adjacent_difference,18923,18922
18946,22,adjacent_difference,18924,18923
18947,22,adjacent_difference,18925,18924
18948,22,adjacent_difference,18926,18925
18949,22,adjacent_difference,18927,18926
18950,22,adjacent_difference,18928,18927
18951,22,adjacent_difference,18929,18928
18952,22,adjacent_difference,18930,18929
18953,22,adjacent_difference,18931,18930
18954,22,adjacent_difference,18932,18931
18955,22,adjacent_difference,18933,18932
18956,22,adjacent_difference,18934,18933
18957,22,adjacent_difference,18935,18934
18958,22,adjacent_difference,18936,18935
18959,22,adjacent_difference,18937,18936
18960,22,adjacent_difference,18938,18937
18961,22,adjacent_difference,18939,18938
18962,22,adjacent_difference,18940,18939
18963,22,adjacent_difference,18941,18940
18964,22,adjacent_difference,18942,18941
18965,22,adjacent_difference,18943,18942
18966,22,adjacent_difference,18944,18943
18967,22,adjacent_difference,18945,18944
18968,22,adjacent_difference,18946,18945
18969,22,adjacent_difference,18947,18946
18970,22,adjacent_difference,18948,18947
18971,22,adjacent_difference,18949,18948
18972,22,adjacent_difference,18950,18949
18973,22,adjacent_difference,18951,18950
18974,22,adjacent_difference,18952,18951
18975,22,adjacent_difference,18953,18952
18976,22,adjacent_difference,18954,18953
18977,22,adjacent_difference,18955,18954
18978,22,adjacent_difference,18956,18955
18979,22,adjacent_difference,18957,18956
18980,22,adjacent_difference,18958,18957
18981,22,adjacent_difference,18959,18958
18982,22,adjacent_difference,18960,18959
18983,22,adjacent_difference,18961,18960
18984,22,adjacent_difference,18962,18961
18985,22,adjacent_difference,18963,18962
18986,22,adjacent_difference,18964,18963
18987,22,adjacent_difference,18965,18964
18988,22,adjacent_difference,18966,18965
18989,22,adjacent_difference,18967,18966
18990,22,adjacent_difference,18968,18967
18991,22,adjacent_difference,18969,18968
18992,22,adjacent_difference,18970,18969
18993,22,adjacent_difference,18971,18970
18994,22,adjacent_difference,18972,18971
18995,22,adjacent_difference,18973,18972
18996,22,adjacent_difference,18974,18973
18997,22,adjacent_difference,18975,18974
18998,22,adjacent_difference,18976,18975
18999,22,adjacent_difference,18977,18976
19000,22,adjacent_difference,18978,18977
19001,22,adjacent_difference,18979,18978
19002,22,adjacent_difference,18980,18979
19003,22,adjacent_difference,18981,18980
19004,22,adjacent_difference,18982,18981
19005,22,adjacent_difference,18983,18982
19006,22,adjacent_difference,18984,18983
19007,22,adjacent_difference,18985,18984
19008,22,adjacent_difference,18986,18985
19009,22,adjacent_difference,18987,18986
19010,22,adjacent_difference,18988,18987
19011,22,adjacent_difference,18989,18988
19012,22,adjacent_difference,18990,18989
19013,22,adjacent_difference,18991,18990
19014,22,adjacent_difference,18992,18991
19015,22,adjacent_difference,18993,18992
19016,22,adjacent_difference,18994,18993
19017,22,adjacent_difference,18995,18994
19018,22,adjacent_difference,18996,18995
19019,22,adjacent_difference,18997,18996
19020,22,adjacent_difference,18998,18997
19021,22,adjacent_difference,18999,18998
19022,22,adjacent_difference,19000,18999
19023,22,adjacent_difference,19001,19000
19024,22,adjacent_difference,19002,19001
19025,22,adjacent_difference,19003,19002
19026,22,adjacent_difference,19004,19003
19027,22,adjacent_difference,19005,19004
19028,22,adjacent_difference,19006,19005
19029,22,adjacent_difference,19007,19006
19030,22,adjacent_difference,19008,19007
19031,22,adjacent_difference,19009,19008
19032,22,adjacent_difference,19010,19009
19033,22,adjacent_difference,19011,19010
19034,22,adjacent_difference,19012,19011
19035,22,adjacent_difference,19013,19012
19036,22,adjacent_difference,19014,19013
19037,22,adjacent_difference,19015,19014
19038,22,adjacent_difference,19016,19015
19039,22,adjacent_difference,19017,19016
19040,22,adjacent_difference,19018,19017
19041,22,adjacent_difference,19019,19018
19042,22,adjacent_difference,19020,19019
19043,22,adjacent_difference,19021,19020
19044,22,adjacent_difference,19022,19021
19045,22,adjacent_difference,19023,19022
19046,22,adjacent_difference,19024,19023
19047,22,adjacent_difference,19025,19024
19048,22,adjacent_difference,19026,19025
19049,22,adjacent_difference,19027,19026
19050,22,adjacent_difference,19028,19027
19051,22,adjacent_difference,19029,19028
19052,22,adjacent_difference,19030,19029
19053,22,adjacent_difference,19031,19030
19054,22,adjacent_difference,19032,19031
19055,22,adjacent_difference,19033,19032
19056,22,adjacent_difference,19034,19033
19057,22,adjacent_difference,19035,19034
19058,22,adjacent_difference,19036,19035
19059,22,adjacent_difference,19037,19036
19060,22,adjacent_difference,19038,19037
19061,22,adjacent_difference,19039,19038
19062,22,adjacent_difference,19040,19039
19063,22,adjacent_difference,19041,19040
19064,22,adjacent_difference,19042,19041
19065,22,adjacent_difference,19043,19042
19066,22,adjacent_difference,19044,19043
19067,22,adjacent_difference,19045,19044
19068,22,adjacent_difference,19046,19045
19069,22,adjacent_difference,19047,19046
19070,22,adjacent_difference,19048,19047
19071,22,adjacent_difference,19049,19048
19072,22,adjacent_difference,19050,19049
19073,22,adjacent_difference,19051,19050
19074,22,adjacent_difference,19052,19051
19075,22,adjacent_difference,19053,19052
19076,22,adjacent_difference,19054,19053
19077,22,adjacent_difference,19055,19054
19078,22,adjacent_difference,19056,19055
19079,22,adjacent_difference,19057,19056
19080,22,adjacent_difference,19058,19057
19081,22,adjacent_difference,19059,19058
19082,22,adjacent_difference,19060,19059
19083,22,adjacent_difference,19061,19060
19084,22,adjacent_difference,19062,19061
19085,22,adjacent_difference,19063,19062
19086,22,adjacent_difference,19064,19063
19087,22,adjacent_difference,19065,19064
19088,22,adjacent_difference,19066,19065
19089,22,adjacent_difference,19067,19066
19090,22,adjacent_difference,19068,19067
19091,22,adjacent_difference,19069,19068
19092,22,adjacent_difference,19070,19069
19093,22,adjacent_difference,19071,19070
19094,22,adjacent_difference,19072,19071
19095,22,adjacent_difference,19073,19072
19096,22,adjacent_difference,19074,19073
19097,22,adjacent_difference,19075,19074
19098,22,adjacent_difference,19076,19075
19099,22,adjacent_difference,19077,19076
19100,22,adjacent_difference,19078,19077
19101,22,adjacent_difference,19079,19078
19102,22,adjacent_difference,19080,19079
19103,22,adjacent_difference,19081,19080
19104,22,adjacent_difference,19082,19081
19105,22,adjacent_difference,19083,19082
19106,22,adjacent_difference,19084,19083
19107,22,adjacent_difference,19085,19084
19108,22,adjacent_difference,19086,19085
19109,22,adjacent_difference,19087,19086
19110,22,adjacent_difference,19088,19087
19111,22,adjacent_difference,19089,19088
19112,22,adjacent_difference,19090,19089
19113,22,adjacent_difference,19091,19090
19114,22,adjacent_difference,19092,19091
19115,22,adjacent_difference,19093,19092
19116,22,adjacent_difference,19094,19093
19117,22,adjacent_difference,19095,19094
19118,22,adjacent_difference,19096,19095
19119,22,adjacent_difference,19097,19096
19120,22,adjacent_difference,19098,19097
19121,22,adjacent_difference,19099,19098
19122,22,adjacent_difference,19100,19099
19123,22,adjacent_difference,19101,19100
19124,22,adjacent_difference,19102,19101
19125,22,adjacent_difference,19103,19102
19126,22,adjacent_difference,19104,19103
19127,22,adjacent_difference,19105,19104
19128,22,adjacent_difference,19106,19105
19129,22,adjacent_difference,19107,19106
19130,22,adjacent_difference,19108,19107
19131,22,adjacent_difference,19109,19108
19132,22,adjacent_difference,19110,19109
19133,22,adjacent_difference,19111,19110
19134,22,adjacent_difference,19112,19111
19135,22,adjacent_difference,19113,19112
19136,22,adjacent_difference,19114,19113
19137,22,adjacent_difference,19115,19114
19138,22,adjacent_difference,19116,19115
19139,22,adjacent_difference,19117,19116
19140,22,adjacent_difference,19118,19117
19141,22,adjacent_difference,19119,19118
19142,22,adjacent_difference,19120,19119
19143,22,adjacent_difference,19121,19120
19144,22,adjacent_difference,19122,19121
19145,22,adjacent_difference,19123,19122
19146,22,adjacent_difference,19124,19123
19147,22,adjacent_difference,19125,19124
19148,22,adjacent_difference,19126,19125
19149,22,adjacent_difference,19127,19126
19150,22,adjacent_difference,19128,19127
19151,22,adjacent_difference,19129,19128
19152,22,adjacent_difference,19130,19129
19153,22,adjacent_difference,19131,19130
19154,22,adjacent_difference,19132,19131
19155,22,adjacent_difference,19133,19132
19156,22,adjacent_difference,19134,19133
19157,22,adjacent_difference,19135,19134
19158,22,adjacent_difference,19136,19135
19159,22,adjacent_difference,19137,19136
19160,22,adjacent_difference,19138,19137
19161,22,adjacent_difference,19139,19138
19162,22,adjacent_difference,19140,19139
19163,22,adjacent_difference,19141,19140
19164,22,adjacent_difference,19142,19141
19165,22,adjacent_difference,19143,19142
19166,22,adjacent_difference,19144,19143
19167,22,adjacent_difference,19145,19144
19168,22,adjacent_difference,19146,19145
19169,22,adjacent_difference,19147,19146
19170,22,adjacent_difference,19148,19147
19171,22,adjacent_difference,19149,19148
19172,22,adjacent_difference,19150,19149
19173,22,adjacent_difference,19151,19150
19174,22,adjacent_difference,19152,19151
19175,22,adjacent_difference,19153,19152
19176,22,adjacent_difference,19154,19153
19177,22,adjacent_difference,19155,19154
19178,22,adjacent_difference,19156,19155
19179,22,adjacent_difference,19157,19156
19180,22,adjacent_difference,19158,19157
19181,22,adjacent_difference,19159,19158
19182,22,adjacent_difference,19160,19159
19183,22,adjacent_difference,19161,19160
19184,22,adjacent_difference,19162,19161
19185,22,adjacent_difference,19163,19162
19186,22,adjacent_difference,19164,19163
19187,22,adjacent_difference,19165,19164
19188,22,adjacent_difference,19166,19165
19189,22,adjacent_difference,19167,19166
19190,22,adjacent_difference,19168,19167
19191,22,adjacent_difference,19169,19168
19192,22,adjacent_difference,19170,19169
19193,22,adjacent_difference,19171,19170
19194,22,adjacent_difference,19172,19171
19195,22,adjacent_difference,19173,19172
19196,22,adjacent_difference,19174,19173
19197,22,adjacent_difference,19175,19174
19198,22,adjacent_difference,19176,19175
19199,22,adjacent_difference,19177,19176
19200,22,adjacent_difference,19178,19177
19201,22,adjacent_difference,19179,19178
19202,22,adjacent_difference,19180,19179
19203,22,adjacent_difference,19181,19180
19204,22,adjacent_difference,19182,19181
19205,22,adjacent_difference,19183,19182
19206,22,adjacent_difference,19184,19183
19207,22,adjacent_difference,19185,19184
19208,22,adjacent_difference,19186,19185
19209,22,adjacent_difference,19187,19186
19210,22,adjacent_difference,19188,19187
19211,22,adjacent_difference,19189,19188
19212,22,adjacent_difference,19190,19189
19213,22,adjacent_difference,19191,19190
19214,22,adjacent_difference,19192,19191
19215,22,adjacent_difference,19193,19192
19216,22,adjacent_difference,19194,19193
19217,22,adjacent_difference,19195,19194
19218,22,adjacent_difference,19196,19195
19219,22,adjacent_difference,19197,19196
19220,22,adjacent_difference,19198,19197
19221,22,adjacent_difference,19199,19198
19222,22,adjacent_difference,19200,19199
19223,22,adjacent_difference,19201,19200
19224,22,adjacent_difference,19202,19201
19225,22,adjacent_difference,19203,19202
19226,22,adjacent_difference,19204,19203
19227,22,adjacent_difference,19205,19204
19228,22,adjacent_difference,19206,19205
19229,22,adjacent_difference,19207,19206
19230,22,adjacent_difference,19208,19207
19231,22,adjacent_difference,19209,19208
19232,22,adjacent_difference,19210,19209
19233,22,adjacent_difference,19211,19210
19234,22,adjacent_difference,19212,19211
19235,22,adjacent_difference,19213,19212
19236,22,adjacent_difference,19214,19213
19237,22,adjacent_difference,19215,19214
19238,22,adjacent_difference,19216,19215
19239,22,adjacent_difference,19217,19216
19240,22,adjacent_difference,19218,19217
19241,22,adjacent_difference,19219,19218
19242,22,adjacent_difference,19220,19219
19243,22,adjacent_difference,19221,19220
19244,22,adjacent_difference,19222,19221
19245,22,adjacent_difference,19223,19222
19246,22,adjacent_difference,19224,19223
19247,22,adjacent_difference,19225,19224
19248,22,adjacent_difference,19226,19225
19249,22,adjacent_difference,19227,19226
19250,22,adjacent_difference,19228,19227
19251,22,adjacent_difference,19229,19228
19252,22,adjacent_difference,19230,19229
19253,22,adjacent_difference,19231,19230
19254,22,adjacent_difference,19232,19231
19255,22,adjacent_difference,19233,19232
19256,22,adjacent_difference,19234,19233
19257,22,adjacent_difference,19235,19234
19258,22,adjacent_difference,19236,19235
19259,22,adjacent_difference,19237,19236
19260,22,adjacent_difference,19238,19237
19261,22,adjacent_difference,19239,19238
19262,22,adjacent_difference,19240,19239
19263,22,adjacent_difference,19241,19240
19264,22,adjacent_difference,19242,19241
19265,22,adjacent_difference,19243,19242
19266,22,adjacent_difference,19244,19243
19267,22,adjacent_difference,19245,19244
19268,22,adjacent_difference,19246,19245
19269,22,adjacent_difference,19247,19246
19270,22,adjacent_difference,19248,19247
19271,22,adjacent_difference,19249,19248
19272,22,adjacent_difference,19250,19249
19273,22,adjacent_difference,19251,19250
19274,22,adjacent_difference,19252,19251
19275,22,adjacent_difference,19253,19252
19276,22,adjacent_difference,19254,19253
19277,22,adjacent_difference,19255,19254
19278,22,adjacent_difference,19256,19255
19279,22,adjacent_difference,19257,19256
19280,22,adjacent_difference,19258,19257
19281,22,adjacent_difference,19259,19258
19282,22,adjacent_difference,19260,19259
19283,22,adjacent_difference,19261,19260
19284,22,adjacent_difference,19262,19261
19285,22,adjacent_difference,19263,19262
19286,22,adjacent_difference,19264,19263
19287,22,adjacent_difference,19265,19264
19288,22,adjacent_difference,19266,19265
19289,22,adjacent_difference,19267,19266
19290,22,adjacent_difference,19268,19267
19291,22,adjacent_difference,19269,19268
19292,22,adjacent_difference,19270,19269
19293,22,adjacent_difference,19271,19270
19294,22,adjacent_difference,19272,19271
19295,22,adjacent_difference,19273,19272
19296,22,adjacent_difference,19274,19273
19297,22,adjacent_difference,19275,19274
19298,22,adjacent_difference,19276,19275
19299,22,adjacent_difference,19277,19276
19300,22,adjacent_difference,19278,19277
19301,22,adjacent_difference,19279,19278
19302,22,adjacent_difference,19280,19279
19303,22,adjacent_difference,19281,19280
19304,22,adjacent_difference,19282,19281
19305,22,adjacent_difference,19283,19282
19306,22,adjacent_difference,19284,19283
19307,22,adjacent_difference,19285,19284
19308,22,adjacent_difference,19286,19285
19309,22,adjacent_difference,19287,19286
19310,22,adjacent_difference,19288,19287
19311,22,adjacent_difference,19289,19288
19312,22,adjacent_difference,19290,19289
19313,22,adjacent_difference,19291,19290
19314,22,adjacent_difference,19292,19291
19315,22,adjacent_difference,19293,19292
19316,22,adjacent_difference,19294,19293
19317,22,adjacent_difference,19295,19294
19318,22,adjacent_difference,19296,19295
19319,22,adjacent_difference,19297,19296
19320,22,adjacent_difference,19298,19297
19321,22,adjacent_difference,19299,19298
19322,22,adjacent_difference,19300,19299
19323,22,adjacent_difference,19301,19300
19324,22,adjacent_difference,19302,19301
19325,22,adjacent_difference,19303,19302
19326,22,adjacent_difference,19304,19303
19327,22,adjacent_difference,19305,19304
19328,22,adjacent_difference,19306,19305
19329,22,adjacent_difference,19307,19306
19330,22,adjacent_difference,19308,19307
19331,22,adjacent_difference,19309,19308
19332,22,adjacent_difference,19310,19309
19333,22,adjacent_difference,19311,19310
19334,22,adjacent_difference,19312,19311
19335,22,adjacent_difference,19313,19312
19336,22,adjacent_difference,19314,19313
19337,22,adjacent_difference,19315,19314
19338,22,adjacent_difference,19316,19315
19339,22,adjacent_difference,19317,19316
19340,22,adjacent_difference,19318,19317
19341,22,adjacent_difference,19319,19318
19342,22,adjacent_difference,19320,19319
19343,22,adjacent_difference,19321,19320
19344,22,adjacent_difference,19322,19321
19345,22,adjacent_difference,19323,19322
19346,22,adjacent_difference,19324,19323
19347,22,adjacent_difference,19325,19324
19348,22,adjacent_difference,19326,19325
19349,22,adjacent_difference,19327,19326
19350,22,adjacent_difference,19328,19327
19351,22,adjacent_difference,19329,19328
19352,22,adjacent_difference,19330,19329
19353,22,adjacent_difference,19331,19330
19354,22,adjacent_difference,19332,19331
19355,22,adjacent_difference,19333,19332
19356,22,adjacent_difference,19334,19333
19357,22,adjacent_difference,19335,19334
19358,22,adjacent_difference,19336,19335
19359,22,adjacent_difference,19337,19336
19360,22,adjacent_difference,19338,19337
19361,22,adjacent_difference,19339,19338
19362,22,adjacent_difference,19340,19339
19363,22,adjacent_difference,19341,19340
19364,22,adjacent_difference,19342,19341
19365,22,adjacent_difference,19343,19342
19366,22,adjacent_difference,19344,19343
19367,22,adjacent_difference,19345,19344
19368,22,adjacent_difference,19346,19345
19369,22,adjacent_difference,19347,19346
19370,22,adjacent_difference,19348,19347
19371,22,adjacent_difference,19349,19348
19372,22,adjacent_difference,19350,19349
19373,22,adjacent_difference,19351,19350
19374,22,adjacent_difference,19352,19351
19375,22,adjacent_difference,19353,19352
19376,22,adjacent_difference,19354,19353
19377,22,adjacent_difference,19355,19354
19378,22,adjacent_difference,19356,19355
19379,22,adjacent_difference,19357,19356
19380,22,adjacent_difference,19358,19357
19381,22,adjacent_difference,19359,19358
19382,22,adjacent_difference,19360,19359
19383,22,adjacent_difference,19361,19360
19384,22,adjacent_difference,19362,19361
19385,22,adjacent_difference,19363,19362
19386,22,adjacent_difference,19364,19363
19387,22,adjacent_difference,19365,19364
19388,22,adjacent_difference,19366,19365
19389,22,adjacent_difference,19367,19366
19390,22,adjacent_difference,19368,19367
19391,22,adjacent_difference,19369,19368
19392,22,adjacent_difference,19370,19369
19393,22,adjacent_difference,19371,19370
19394,22,adjacent_difference,19372,19371
19395,22,adjacent_difference,19373,19372
19396,22,adjacent_difference,19374,19373
19397,22,adjacent_difference,19375,19374
19398,22,adjacent_difference,19376,19375
19399,22,adjacent_difference,19377,19376
19400,22,adjacent_difference,19378,19377
19401,22,adjacent_difference,19379,19378
19402,22,adjacent_difference,19380,19379
19403,22,adjacent_difference,19381,19380
19404,22,adjacent_difference,19382,19381
19405,22,adjacent_difference,19383,19382
19406,22,adjacent_difference,19384,19383
19407,22,adjacent_difference,19385,19384
19408,22,adjacent_difference,19386,19385
19409,22,adjacent_difference,19387,19386
19410,22,adjacent_difference,19388,19387
19411,22,adjacent_difference,19389,19388
19412,22,adjacent_difference,19390,19389
19413,22,adjacent_difference,19391,19390
19414,22,adjacent_difference,19392,19391
19415,22,adjacent_difference,19393,19392
19416,22,adjacent_difference,19394,19393
19417,22,adjacent_difference,19395,19394
19418,22,adjacent_difference,19396,19395
19419,22,adjacent_difference,19397,19396
19420,22,adjacent_difference,19398,19397
19421,22,adjacent_difference,19399,19398
19422,22,adjacent_difference,19400,19399
19423,22,adjacent_difference,19401,19400
19424,22,adjacent_difference,19402,19401
19425,22,adjacent_difference,19403,19402
19426,22,adjacent_difference,19404,19403
19427,22,adjacent_difference,19405,19404
19428,22,adjacent_difference,19406,19405
19429,22,adjacent_difference,19407,19406
19430,22,adjacent_difference,19408,19407
19431,22,adjacent_difference,19409,19408
19432,22,adjacent_difference,19410,19409
19433,22,adjacent_difference,19411,19410
19434,22,adjacent_difference,19412,19411
19435,22,adjacent_difference,19413,19412
19436,22,adjacent_difference,19414,19413
19437,22,adjacent_difference,19415,19414
19438,22,adjacent_difference,19416,19415
19439,22,adjacent_difference,19417,19416
19440,22,adjacent_difference,19418,19417
19441,22,adjacent_difference,19419,19418
19442,22,adjacent_difference,19420,19419
19443,22,adjacent_difference,19421,19420
19444,22,adjacent_difference,19422,19421
19445,22,adjacent_difference,19423,19422
19446,22,adjacent_difference,19424,19423
19447,22,adjacent_difference,19425,19424
19448,22,adjacent_difference,19426,19425
19449,22,adjacent_difference,19427,19426
19450,22,adjacent_difference,19428,19427
19451,22,adjacent_difference,19429,19428
19452,22,adjacent_difference,19430,19429
19453,22,adjacent_difference,19431,19430
19454,22,adjacent_difference,19432,19431
19455,22,terminal_inverse,-1,19432
19456,23,absolute_start,19433,-1
19457,23,adjacent_difference,19434,19433
19458,23,adjacent_difference,19435,19434
19459,23,adjacent_difference,19436,19435
19460,23,adjacent_difference,19437,19436
19461,23,adjacent_difference,19438,19437
19462,23,adjacent_difference,19439,19438
19463,23,adjacent_difference,19440,19439
19464,23,adjacent_difference,19441,19440
19465,23,adjacent_difference,19442,19441
19466,23,adjacent_difference,19443,19442
19467,23,adjacent_difference,19444,19443
19468,23,adjacent_difference,19445,19444
19469,23,adjacent_difference,19446,19445
19470,23,adjacent_difference,19447,19446
19471,23,adjacent_difference,19448,19447
19472,23,adjacent_difference,19449,19448
19473,23,adjacent_difference,19450,19449
19474,23,adjacent_difference,19451,19450
19475,23,adjacent_difference,19452,19451
19476,23,adjacent_difference,19453,19452
19477,23,adjacent_difference,19454,19453
19478,23,adjacent_difference,19455,19454
19479,23,adjacent_difference,19456,19455
19480,23,adjacent_difference,19457,19456
19481,23,adjacent_difference,19458,19457
19482,23,adjacent_difference,19459,19458
19483,23,adjacent_difference,19460,19459
19484,23,adjacent_difference,19461,19460
19485,23,adjacent_difference,19462,19461
19486,23,adjacent_difference,19463,19462
19487,23,adjacent_difference,19464,19463
19488,23,adjacent_difference,19465,19464
19489,23,adjacent_difference,19466,19465
19490,23,adjacent_difference,19467,19466
19491,23,adjacent_difference,19468,19467
19492,23,adjacent_difference,19469,19468
19493,23,adjacent_difference,19470,19469
19494,23,adjacent_difference,19471,19470
19495,23,adjacent_difference,19472,19471
19496,23,adjacent_difference,19473,19472
19497,23,adjacent_difference,19474,19473
19498,23,adjacent_difference,19475,19474
19499,23,adjacent_difference,19476,19475
19500,23,adjacent_difference,19477,19476
19501,23,adjacent_difference,19478,19477
19502,23,adjacent_difference,19479,19478
19503,23,adjacent_difference,19480,19479
19504,23,adjacent_difference,19481,19480
19505,23,adjacent_difference,19482,19481
19506,23,adjacent_difference,19483,19482
19507,23,adjacent_difference,19484,19483
19508,23,adjacent_difference,19485,19484
19509,23,adjacent_difference,19486,19485
19510,23,adjacent_difference,19487,19486
19511,23,adjacent_difference,19488,19487
19512,23,adjacent_difference,19489,19488
19513,23,adjacent_difference,19490,19489
19514,23,adjacent_difference,19491,19490
19515,23,adjacent_difference,19492,19491
19516,23,adjacent_difference,19493,19492
19517,23,adjacent_difference,19494,19493
19518,23,adjacent_difference,19495,19494
19519,23,adjacent_difference,19496,19495
19520,23,adjacent_difference,19497,19496
19521,23,adjacent_difference,19498,19497
19522,23,adjacent_difference,19499,19498
19523,23,adjacent_difference,19500,19499
19524,23,adjacent_difference,19501,19500
19525,23,adjacent_difference,19502,19501
19526,23,adjacent_difference,19503,19502
19527,23,adjacent_difference,19504,19503
19528,23,adjacent_difference,19505,19504
19529,23,adjacent_difference,19506,19505
19530,23,adjacent_difference,19507,19506
19531,23,adjacent_difference,19508,19507
19532,23,adjacent_difference,19509,19508
19533,23,adjacent_difference,19510,19509
19534,23,adjacent_difference,19511,19510
19535,23,adjacent_difference,19512,19511
19536,23,adjacent_difference,19513,19512
19537,23,adjacent_difference,19514,19513
19538,23,adjacent_difference,19515,19514
19539,23,adjacent_difference,19516,19515
19540,23,adjacent_difference,19517,19516
19541,23,adjacent_difference,19518,19517
19542,23,adjacent_difference,19519,19518
19543,23,adjacent_difference,19520,19519
19544,23,adjacent_difference,19521,19520
19545,23,adjacent_difference,19522,19521
19546,23,adjacent_difference,19523,19522
19547,23,adjacent_difference,19524,19523
19548,23,adjacent_difference,19525,19524
19549,23,adjacent_difference,19526,19525
19550,23,adjacent_difference,19527,19526
19551,23,adjacent_difference,19528,19527
19552,23,adjacent_difference,19529,19528
19553,23,adjacent_difference,19530,19529
19554,23,adjacent_difference,19531,19530
19555,23,adjacent_difference,19532,19531
19556,23,adjacent_difference,19533,19532
19557,23,adjacent_difference,19534,19533
19558,23,adjacent_difference,19535,19534
19559,23,adjacent_difference,19536,19535
19560,23,adjacent_difference,19537,19536
19561,23,adjacent_difference,19538,19537
19562,23,adjacent_difference,19539,19538
19563,23,adjacent_difference,19540,19539
19564,23,adjacent_difference,19541,19540
19565,23,adjacent_difference,19542,19541
19566,23,adjacent_difference,19543,19542
19567,23,adjacent_difference,19544,19543
19568,23,adjacent_difference,19545,19544
19569,23,adjacent_difference,19546,19545
19570,23,adjacent_difference,19547,19546
19571,23,adjacent_difference,19548,19547
19572,23,adjacent_difference,19549,19548
19573,23,adjacent_difference,19550,19549
19574,23,adjacent_difference,19551,19550
19575,23,adjacent_difference,19552,19551
19576,23,adjacent_difference,19553,19552
19577,23,adjacent_difference,19554,19553
19578,23,adjacent_difference,19555,19554
19579,23,adjacent_difference,19556,19555
19580,23,adjacent_difference,19557,19556
19581,23,adjacent_difference,19558,19557
19582,23,adjacent_difference,19559,19558
19583,23,adjacent_difference,19560,19559
19584,23,adjacent_difference,19561,19560
19585,23,adjacent_difference,19562,19561
19586,23,adjacent_difference,19563,19562
19587,23,adjacent_difference,19564,19563
19588,23,adjacent_difference,19565,19564
19589,23,adjacent_difference,19566,19565
19590,23,adjacent_difference,19567,19566
19591,23,adjacent_difference,19568,19567
19592,23,adjacent_difference,19569,19568
19593,23,adjacent_difference,19570,19569
19594,23,adjacent_difference,19571,19570
19595,23,adjacent_difference,19572,19571
19596,23,adjacent_difference,19573,19572
19597,23,adjacent_difference,19574,19573
19598,23,adjacent_difference,19575,19574
19599,23,adjacent_difference,19576,19575
19600,23,adjacent_difference,19577,19576
19601,23,adjacent_difference,19578,19577
19602,23,adjacent_difference,19579,19578
19603,23,adjacent_difference,19580,19579
19604,23,adjacent_difference,19581,19580
19605,23,adjacent_difference,19582,19581
19606,23,adjacent_difference,19583,19582
19607,23,adjacent_difference,19584,19583
19608,23,adjacent_difference,19585,19584
19609,23,adjacent_difference,19586,19585
19610,23,adjacent_difference,19587,19586
19611,23,adjacent_difference,19588,19587
19612,23,adjacent_difference,19589,19588
19613,23,adjacent_difference,19590,19589
19614,23,adjacent_difference,19591,19590
19615,23,adjacent_difference,19592,19591
19616,23,adjacent_difference,19593,19592
19617,23,adjacent_difference,19594,19593
19618,23,adjacent_difference,19595,19594
19619,23,adjacent_difference,19596,19595
19620,23,adjacent_difference,19597,19596
19621,23,adjacent_difference,19598,19597
19622,23,adjacent_difference,19599,19598
19623,23,adjacent_difference,19600,19599
19624,23,adjacent_difference,19601,19600
19625,23,adjacent_difference,19602,19601
19626,23,adjacent_difference,19603,19602
19627,23,adjacent_difference,19604,19603
19628,23,adjacent_difference,19605,19604
19629,23,adjacent_difference,19606,19605
19630,23,adjacent_difference,19607,19606
19631,23,adjacent_difference,19608,19607
19632,23,adjacent_difference,19609,19608
19633,23,adjacent_difference,19610,19609
19634,23,adjacent_difference,19611,19610
19635,23,adjacent_difference,19612,19611
19636,23,adjacent_difference,19613,19612
19637,23,adjacent_difference,19614,19613
19638,23,adjacent_difference,19615,19614
19639,23,adjacent_difference,19616,19615
19640,23,adjacent_difference,19617,19616
19641,23,adjacent_difference,19618,19617
19642,23,adjacent_difference,19619,19618
19643,23,adjacent_difference,19620,19619
19644,23,adjacent_difference,19621,19620
19645,23,adjacent_difference,19622,19621
19646,23,adjacent_difference,19623,19622
19647,23,adjacent_difference,19624,19623
19648,23,adjacent_difference,19625,19624
19649,23,adjacent_difference,19626,19625
19650,23,adjacent_difference,19627,19626
19651,23,adjacent_difference,19628,19627
19652,23,adjacent_difference,19629,19628
19653,23,adjacent_difference,19630,19629
19654,23,adjacent_difference,19631,19630
19655,23,adjacent_difference,19632,19631
19656,23,adjacent_difference,19633,19632
19657,23,adjacent_difference,19634,19633
19658,23,adjacent_difference,19635,19634
19659,23,adjacent_difference,19636,19635
19660,23,adjacent_difference,19637,19636
19661,23,adjacent_difference,19638,19637
19662,23,adjacent_difference,19639,19638
19663,23,adjacent_difference,19640,19639
19664,23,adjacent_difference,19641,19640
19665,23,adjacent_difference,19642,19641
19666,23,adjacent_difference,19643,19642
19667,23,adjacent_difference,19644,19643
19668,23,adjacent_difference,19645,19644
19669,23,adjacent_difference,19646,19645
19670,23,adjacent_difference,19647,19646
19671,23,adjacent_difference,19648,19647
19672,23,adjacent_difference,19649,19648
19673,23,adjacent_difference,19650,19649
19674,23,adjacent_difference,19651,19650
19675,23,adjacent_difference,19652,19651
19676,23,adjacent_difference,19653,19652
19677,23,adjacent_difference,19654,19653
19678,23,adjacent_difference,19655,19654
19679,23,adjacent_difference,19656,19655
19680,23,adjacent_difference,19657,19656
19681,23,adjacent_difference,19658,19657
19682,23,adjacent_difference,19659,19658
19683,23,adjacent_difference,19660,19659
19684,23,adjacent_difference,19661,19660
19685,23,adjacent_difference,19662,19661
19686,23,adjacent_difference,19663,19662
19687,23,adjacent_difference,19664,19663
19688,23,adjacent_difference,19665,19664
19689,23,adjacent_difference,19666,19665
19690,23,adjacent_difference,19667,19666
19691,23,adjacent_difference,19668,19667
19692,23,adjacent_difference,19669,19668
19693,23,adjacent_difference,19670,19669
19694,23,adjacent_difference,19671,19670
19695,23,adjacent_difference,19672,19671
19696,23,adjacent_difference,19673,19672
19697,23,adjacent_difference,19674,19673
19698,23,adjacent_difference,19675,19674
19699,23,adjacent_difference,19676,19675
19700,23,adjacent_difference,19677,19676
19701,23,adjacent_difference,19678,19677
19702,23,adjacent_difference,19679,19678
19703,23,adjacent_difference,19680,19679
19704,23,adjacent_difference,19681,19680
19705,23,adjacent_difference,19682,19681
19706,23,adjacent_difference,19683,19682
19707,23,adjacent_difference,19684,19683
19708,23,adjacent_difference,19685,19684
19709,23,adjacent_difference,19686,19685
19710,23,adjacent_difference,19687,19686
19711,23,adjacent_difference,19688,19687
19712,23,adjacent_difference,19689,19688
19713,23,adjacent_difference,19690,19689
19714,23,adjacent_difference,19691,19690
19715,23,adjacent_difference,19692,19691
19716,23,adjacent_difference,19693,19692
19717,23,adjacent_difference,19694,19693
19718,23,adjacent_difference,19695,19694
19719,23,adjacent_difference,19696,19695
19720,23,adjacent_difference,19697,19696
19721,23,adjacent_difference,19698,19697
19722,23,adjacent_difference,19699,19698
19723,23,adjacent_difference,19700,19699
19724,23,adjacent_difference,19701,19700
19725,23,adjacent_difference,19702,19701
19726,23,adjacent_difference,19703,19702
19727,23,adjacent_difference,19704,19703
19728,23,adjacent_difference,19705,19704
19729,23,adjacent_difference,19706,19705
19730,23,adjacent_difference,19707,19706
19731,23,adjacent_difference,19708,19707
19732,23,adjacent_difference,19709,19708
19733,23,adjacent_difference,19710,19709
19734,23,adjacent_difference,19711,19710
19735,23,adjacent_difference,19712,19711
19736,23,adjacent_difference,19713,19712
19737,23,adjacent_difference,19714,19713
19738,23,adjacent_difference,19715,19714
19739,23,adjacent_difference,19716,19715
19740,23,adjacent_difference,19717,19716
19741,23,adjacent_difference,19718,19717
19742,23,adjacent_difference,19719,19718
19743,23,adjacent_difference,19720,19719
19744,23,adjacent_difference,19721,19720
19745,23,adjacent_difference,19722,19721
19746,23,adjacent_difference,19723,19722
19747,23,adjacent_difference,19724,19723
19748,23,adjacent_difference,19725,19724
19749,23,adjacent_difference,19726,19725
19750,23,adjacent_difference,19727,19726
19751,23,adjacent_difference,19728,19727
19752,23,adjacent_difference,19729,19728
19753,23,adjacent_difference,19730,19729
19754,23,adjacent_difference,19731,19730
19755,23,adjacent_difference,19732,19731
19756,23,adjacent_difference,19733,19732
19757,23,adjacent_difference,19734,19733
19758,23,adjacent_difference,19735,19734
19759,23,adjacent_difference,19736,19735
19760,23,adjacent_difference,19737,19736
19761,23,adjacent_difference,19738,19737
19762,23,adjacent_difference,19739,19738
19763,23,adjacent_difference,19740,19739
19764,23,adjacent_difference,19741,19740
19765,23,adjacent_difference,19742,19741
19766,23,adjacent_difference,19743,19742
19767,23,adjacent_difference,19744,19743
19768,23,adjacent_difference,19745,19744
19769,23,adjacent_difference,19746,19745
19770,23,adjacent_difference,19747,19746
19771,23,adjacent_difference,19748,19747
19772,23,adjacent_difference,19749,19748
19773,23,adjacent_difference,19750,19749
19774,23,adjacent_difference,19751,19750
19775,23,adjacent_difference,19752,19751
19776,23,adjacent_difference,19753,19752
19777,23,adjacent_difference,19754,19753
19778,23,adjacent_difference,19755,19754
19779,23,adjacent_difference,19756,19755
19780,23,adjacent_difference,19757,19756
19781,23,adjacent_difference,19758,19757
19782,23,adjacent_difference,19759,19758
19783,23,adjacent_difference,19760,19759
19784,23,adjacent_difference,19761,19760
19785,23,adjacent_difference,19762,19761
19786,23,adjacent_difference,19763,19762
19787,23,adjacent_difference,19764,19763
19788,23,adjacent_difference,19765,19764
19789,23,adjacent_difference,19766,19765
19790,23,adjacent_difference,19767,19766
19791,23,adjacent_difference,19768,19767
19792,23,adjacent_difference,19769,19768
19793,23,adjacent_difference,19770,19769
19794,23,adjacent_difference,19771,19770
19795,23,adjacent_difference,19772,19771
19796,23,adjacent_difference,19773,19772
19797,23,adjacent_difference,19774,19773
19798,23,adjacent_difference,19775,19774
19799,23,adjacent_difference,19776,19775
19800,23,adjacent_difference,19777,19776
19801,23,adjacent_difference,19778,19777
19802,23,adjacent_difference,19779,19778
19803,23,adjacent_difference,19780,19779
19804,23,adjacent_difference,19781,19780
19805,23,adjacent_difference,19782,19781
19806,23,adjacent_difference,19783,19782
19807,23,adjacent_difference,19784,19783
19808,23,adjacent_difference,19785,19784
19809,23,adjacent_difference,19786,19785
19810,23,adjacent_difference,19787,19786
19811,23,adjacent_difference,19788,19787
19812,23,adjacent_difference,19789,19788
19813,23,adjacent_difference,19790,19789
19814,23,adjacent_difference,19791,19790
19815,23,adjacent_difference,19792,19791
19816,23,adjacent_difference,19793,19792
19817,23,adjacent_difference,19794,19793
19818,23,adjacent_difference,19795,19794
19819,23,adjacent_difference,19796,19795
19820,23,adjacent_difference,19797,19796
19821,23,adjacent_difference,19798,19797
19822,23,adjacent_difference,19799,19798
19823,23,adjacent_difference,19800,19799
19824,23,adjacent_difference,19801,19800
19825,23,adjacent_difference,19802,19801
19826,23,adjacent_difference,19803,19802
19827,23,adjacent_difference,19804,19803
19828,23,adjacent_difference,19805,19804
19829,23,adjacent_difference,19806,19805
19830,23,adjacent_difference,19807,19806
19831,23,adjacent_difference,19808,19807
19832,23,adjacent_difference,19809,19808
19833,23,adjacent_difference,19810,19809
19834,23,adjacent_difference,19811,19810
19835,23,adjacent_difference,19812,19811
19836,23,adjacent_difference,19813,19812
19837,23,adjacent_difference,19814,19813
19838,23,adjacent_difference,19815,19814
19839,23,adjacent_difference,19816,19815
19840,23,adjacent_difference,19817,19816
19841,23,adjacent_difference,19818,19817
19842,23,adjacent_difference,19819,19818
19843,23,adjacent_difference,19820,19819
19844,23,adjacent_difference,19821,19820
19845,23,adjacent_difference,19822,19821
19846,23,adjacent_difference,19823,19822
19847,23,adjacent_difference,19824,19823
19848,23,adjacent_difference,19825,19824
19849,23,adjacent_difference,19826,19825
19850,23,adjacent_difference,19827,19826
19851,23,adjacent_difference,19828,19827
19852,23,adjacent_difference,19829,19828
19853,23,adjacent_difference,19830,19829
19854,23,adjacent_difference,19831,19830
19855,23,adjacent_difference,19832,19831
19856,23,adjacent_difference,19833,19832
19857,23,adjacent_difference,19834,19833
19858,23,adjacent_difference,19835,19834
19859,23,adjacent_difference,19836,19835
19860,23,adjacent_difference,19837,19836
19861,23,adjacent_difference,19838,19837
19862,23,adjacent_difference,19839,19838
19863,23,adjacent_difference,19840,19839
19864,23,adjacent_difference,19841,19840
19865,23,adjacent_difference,19842,19841
19866,23,adjacent_difference,19843,19842
19867,23,adjacent_difference,19844,19843
19868,23,adjacent_difference,19845,19844
19869,23,adjacent_difference,19846,19845
19870,23,adjacent_difference,19847,19846
19871,23,adjacent_difference,19848,19847
19872,23,adjacent_difference,19849,19848
19873,23,adjacent_difference,19850,19849
19874,23,adjacent_difference,19851,19850
19875,23,adjacent_difference,19852,19851
19876,23,adjacent_difference,19853,19852
19877,23,adjacent_difference,19854,19853
19878,23,adjacent_difference,19855,19854
19879,23,adjacent_difference,19856,19855
19880,23,adjacent_difference,19857,19856
19881,23,adjacent_difference,19858,19857
19882,23,adjacent_difference,19859,19858
19883,23,adjacent_difference,19860,19859
19884,23,adjacent_difference,19861,19860
19885,23,adjacent_difference,19862,19861
19886,23,adjacent_difference,19863,19862
19887,23,adjacent_difference,19864,19863
19888,23,adjacent_difference,19865,19864
19889,23,adjacent_difference,19866,19865
19890,23,adjacent_difference,19867,19866
19891,23,adjacent_difference,19868,19867
19892,23,adjacent_difference,19869,19868
19893,23,adjacent_difference,19870,19869
19894,23,adjacent_difference,19871,19870
19895,23,adjacent_difference,19872,19871
19896,23,adjacent_difference,19873,19872
19897,23,adjacent_difference,19874,19873
19898,23,adjacent_difference,19875,19874
19899,23,adjacent_difference,19876,19875
19900,23,adjacent_difference,19877,19876
19901,23,adjacent_difference,19878,19877
19902,23,adjacent_difference,19879,19878
19903,23,adjacent_difference,19880,19879
19904,23,adjacent_difference,19881,19880
19905,23,adjacent_difference,19882,19881
19906,23,adjacent_difference,19883,19882
19907,23,adjacent_difference,19884,19883
19908,23,adjacent_difference,19885,19884
19909,23,adjacent_difference,19886,19885
19910,23,adjacent_difference,19887,19886
19911,23,adjacent_difference,19888,19887
19912,23,adjacent_difference,19889,19888
19913,23,adjacent_difference,19890,19889
19914,23,adjacent_difference,19891,19890
19915,23,adjacent_difference,19892,19891
19916,23,adjacent_difference,19893,19892
19917,23,adjacent_difference,19894,19893
19918,23,adjacent_difference,19895,19894
19919,23,adjacent_difference,19896,19895
19920,23,adjacent_difference,19897,19896
19921,23,adjacent_difference,19898,19897
19922,23,adjacent_difference,19899,19898
19923,23,adjacent_difference,19900,19899
19924,23,adjacent_difference,19901,19900
19925,23,adjacent_difference,19902,19901
19926,23,adjacent_difference,19903,19902
19927,23,adjacent_difference,19904,19903
19928,23,adjacent_difference,19905,19904
19929,23,adjacent_difference,19906,19905
19930,23,adjacent_difference,19907,19906
19931,23,adjacent_difference,19908,19907
19932,23,adjacent_difference,19909,19908
19933,23,adjacent_difference,19910,19909
19934,23,adjacent_difference,19911,19910
19935,23,adjacent_difference,19912,19911
19936,23,adjacent_difference,19913,19912
19937,23,adjacent_difference,19914,19913
19938,23,adjacent_difference,19915,19914
19939,23,adjacent_difference,19916,19915
19940,23,adjacent_difference,19917,19916
19941,23,adjacent_difference,19918,19917
19942,23,adjacent_difference,19919,19918
19943,23,adjacent_difference,19920,19919
19944,23,adjacent_difference,19921,19920
19945,23,adjacent_difference,19922,19921
19946,23,adjacent_difference,19923,19922
19947,23,adjacent_difference,19924,19923
19948,23,adjacent_difference,19925,19924
19949,23,adjacent_difference,19926,19925
19950,23,adjacent_difference,19927,19926
19951,23,adjacent_difference,19928,19927
19952,23,adjacent_difference,19929,19928
19953,23,adjacent_difference,19930,19929
19954,23,adjacent_difference,19931,19930
19955,23,adjacent_difference,19932,19931
19956,23,adjacent_difference,19933,19932
19957,23,adjacent_difference,19934,19933
19958,23,adjacent_difference,19935,19934
19959,23,adjacent_difference,19936,19935
19960,23,adjacent_difference,19937,19936
19961,23,adjacent_difference,19938,19937
19962,23,adjacent_difference,19939,19938
19963,23,adjacent_difference,19940,19939
19964,23,adjacent_difference,19941,19940
19965,23,adjacent_difference,19942,19941
19966,23,adjacent_difference,19943,19942
19967,23,adjacent_difference,19944,19943
19968,23,adjacent_difference,19945,19944
19969,23,adjacent_difference,19946,19945
19970,23,adjacent_difference,19947,19946
19971,23,adjacent_difference,19948,19947
19972,23,adjacent_difference,19949,19948
19973,23,adjacent_difference,19950,19949
19974,23,adjacent_difference,19951,19950
19975,23,adjacent_difference,19952,19951
19976,23,adjacent_difference,19953,19952
19977,23,adjacent_difference,19954,19953
19978,23,adjacent_difference,19955,19954
19979,23,adjacent_difference,19956,19955
19980,23,adjacent_difference,19957,19956
19981,23,adjacent_difference,19958,19957
19982,23,adjacent_difference,19959,19958
19983,23,adjacent_difference,19960,19959
19984,23,adjacent_difference,19961,19960
19985,23,adjacent_difference,19962,19961
19986,23,adjacent_difference,19963,19962
19987,23,adjacent_difference,19964,19963
19988,23,adjacent_difference,19965,19964
19989,23,adjacent_difference,19966,19965
19990,23,adjacent_difference,19967,19966
19991,23,adjacent_difference,19968,19967
19992,23,adjacent_difference,19969,19968
19993,23,adjacent_difference,19970,19969
19994,23,adjacent_difference,19971,19970
19995,23,adjacent_difference,19972,19971
19996,23,adjacent_difference,19973,19972
19997,23,adjacent_difference,19974,19973
19998,23,adjacent_difference,19975,19974
19999,23,adjacent_difference,19976,19975
20000,23,adjacent_difference,19977,19976
20001,23,adjacent_difference,19978,19977
20002,23,adjacent_difference,19979,19978
20003,23,adjacent_difference,19980,19979
20004,23,adjacent_difference,19981,19980
20005,23,adjacent_difference,19982,19981
20006,23,adjacent_difference,19983,19982
20007,23,adjacent_difference,19984,19983
20008,23,adjacent_difference,19985,19984
20009,23,adjacent_difference,19986,19985
20010,23,adjacent_difference,19987,19986
20011,23,adjacent_difference,19988,19987
20012,23,adjacent_difference,19989,19988
20013,23,adjacent_difference,19990,19989
20014,23,adjacent_difference,19991,19990
20015,23,adjacent_difference,19992,19991
20016,23,adjacent_difference,19993,19992
20017,23,adjacent_difference,19994,19993
20018,23,adjacent_difference,19995,19994
20019,23,adjacent_difference,19996,19995
20020,23,adjacent_difference,19997,19996
20021,23,adjacent_difference,19998,19997
20022,23,adjacent_difference,19999,19998
20023,23,adjacent_difference,20000,19999
20024,23,adjacent_difference,20001,20000
20025,23,adjacent_difference,20002,20001
20026,23,adjacent_difference,20003,20002
20027,23,adjacent_difference,20004,20003
20028,23,adjacent_difference,20005,20004
20029,23,adjacent_difference,20006,20005
20030,23,adjacent_difference,20007,20006
20031,23,adjacent_difference,20008,20007
20032,23,adjacent_difference,20009,20008
20033,23,adjacent_difference,20010,20009
20034,23,adjacent_difference,20011,20010
20035,23,adjacent_difference,20012,20011
20036,23,adjacent_difference,20013,20012
20037,23,adjacent_difference,20014,20013
20038,23,adjacent_difference,20015,20014
20039,23,adjacent_difference,20016,20015
20040,23,adjacent_difference,20017,20016
20041,23,adjacent_difference,20018,20017
20042,23,adjacent_difference,20019,20018
20043,23,adjacent_difference,20020,20019
20044,23,adjacent_difference,20021,20020
20045,23,adjacent_difference,20022,20021
20046,23,adjacent_difference,20023,20022
20047,23,adjacent_difference,20024,20023
20048,23,adjacent_difference,20025,20024
20049,23,adjacent_difference,20026,20025
20050,23,adjacent_difference,20027,20026
20051,23,adjacent_difference,20028,20027
20052,23,adjacent_difference,20029,20028
20053,23,adjacent_difference,20030,20029
20054,23,adjacent_difference,20031,20030
20055,23,adjacent_difference,20032,20031
20056,23,adjacent_difference,20033,20032
20057,23,adjacent_difference,20034,20033
20058,23,adjacent_difference,20035,20034
20059,23,adjacent_difference,20036,20035
20060,23,adjacent_difference,20037,20036
20061,23,adjacent_difference,20038,20037
20062,23,adjacent_difference,20039,20038
20063,23,adjacent_difference,20040,20039
20064,23,adjacent_difference,20041,20040
20065,23,adjacent_difference,20042,20041
20066,23,adjacent_difference,20043,20042
20067,23,adjacent_difference,20044,20043
20068,23,adjacent_difference,20045,20044
20069,23,adjacent_difference,20046,20045
20070,23,adjacent_difference,20047,20046
20071,23,adjacent_difference,20048,20047
20072,23,adjacent_difference,20049,20048
20073,23,adjacent_difference,20050,20049
20074,23,adjacent_difference,20051,20050
20075,23,adjacent_difference,20052,20051
20076,23,adjacent_difference,20053,20052
20077,23,adjacent_difference,20054,20053
20078,23,adjacent_difference,20055,20054
20079,23,adjacent_difference,20056,20055
20080,23,adjacent_difference,20057,20056
20081,23,adjacent_difference,20058,20057
20082,23,adjacent_difference,20059,20058
20083,23,adjacent_difference,20060,20059
20084,23,adjacent_difference,20061,20060
20085,23,adjacent_difference,20062,20061
20086,23,adjacent_difference,20063,20062
20087,23,adjacent_difference,20064,20063
20088,23,adjacent_difference,20065,20064
20089,23,adjacent_difference,20066,20065
20090,23,adjacent_difference,20067,20066
20091,23,adjacent_difference,20068,20067
20092,23,adjacent_difference,20069,20068
20093,23,adjacent_difference,20070,20069
20094,23,adjacent_difference,20071,20070
20095,23,adjacent_difference,20072,20071
20096,23,adjacent_difference,20073,20072
20097,23,adjacent_difference,20074,20073
20098,23,adjacent_difference,20075,20074
20099,23,adjacent_difference,20076,20075
20100,23,adjacent_difference,20077,20076
20101,23,adjacent_difference,20078,20077
20102,23,adjacent_difference,20079,20078
20103,23,adjacent_difference,20080,20079
20104,23,adjacent_difference,20081,20080
20105,23,adjacent_difference,20082,20081
20106,23,adjacent_difference,20083,20082
20107,23,adjacent_difference,20084,20083
20108,23,adjacent_difference,20085,20084
20109,23,adjacent_difference,20086,20085
20110,23,adjacent_difference,20087,20086
20111,23,adjacent_difference,20088,20087
20112,23,adjacent_difference,20089,20088
20113,23,adjacent_difference,20090,20089
20114,23,adjacent_difference,20091,20090
20115,23,adjacent_difference,20092,20091
20116,23,adjacent_difference,20093,20092
20117,23,adjacent_difference,20094,20093
20118,23,adjacent_difference,20095,20094
20119,23,adjacent_difference,20096,20095
20120,23,adjacent_difference,20097,20096
20121,23,adjacent_difference,20098,20097
20122,23,adjacent_difference,20099,20098
20123,23,adjacent_difference,20100,20099
20124,23,adjacent_difference,20101,20100
20125,23,adjacent_difference,20102,20101
20126,23,adjacent_difference,20103,20102
20127,23,adjacent_difference,20104,20103
20128,23,adjacent_difference,20105,20104
20129,23,adjacent_difference,20106,20105
20130,23,adjacent_difference,20107,20106
20131,23,adjacent_difference,20108,20107
20132,23,adjacent_difference,20109,20108
20133,23,adjacent_difference,20110,20109
20134,23,adjacent_difference,20111,20110
20135,23,adjacent_difference,20112,20111
20136,23,adjacent_difference,20113,20112
20137,23,adjacent_difference,20114,20113
20138,23,adjacent_difference,20115,20114
20139,23,adjacent_difference,20116,20115
20140,23,adjacent_difference,20117,20116
20141,23,adjacent_difference,20118,20117
20142,23,adjacent_difference,20119,20118
20143,23,adjacent_difference,20120,20119
20144,23,adjacent_difference,20121,20120
20145,23,adjacent_difference,20122,20121
20146,23,adjacent_difference,20123,20122
20147,23,adjacent_difference,20124,20123
20148,23,adjacent_difference,20125,20124
20149,23,adjacent_difference,20126,20125
20150,23,adjacent_difference,20127,20126
20151,23,adjacent_difference,20128,20127
20152,23,adjacent_difference,20129,20128
20153,23,adjacent_difference,20130,20129
20154,23,adjacent_difference,20131,20130
20155,23,adjacent_difference,20132,20131
20156,23,adjacent_difference,20133,20132
20157,23,adjacent_difference,20134,20133
20158,23,adjacent_difference,20135,20134
20159,23,adjacent_difference,20136,20135
20160,23,adjacent_difference,20137,20136
20161,23,adjacent_difference,20138,20137
20162,23,adjacent_difference,20139,20138
20163,23,adjacent_difference,20140,20139
20164,23,adjacent_difference,20141,20140
20165,23,adjacent_difference,20142,20141
20166,23,adjacent_difference,20143,20142
20167,23,adjacent_difference,20144,20143
20168,23,adjacent_difference,20145,20144
20169,23,adjacent_difference,20146,20145
20170,23,adjacent_difference,20147,20146
20171,23,adjacent_difference,20148,20147
20172,23,adjacent_difference,20149,20148
20173,23,adjacent_difference,20150,20149
20174,23,adjacent_difference,20151,20150
20175,23,adjacent_difference,20152,20151
20176,23,adjacent_difference,20153,20152
20177,23,adjacent_difference,20154,20153
20178,23,adjacent_difference,20155,20154
20179,23,adjacent_difference,20156,20155
20180,23,adjacent_difference,20157,20156
20181,23,adjacent_difference,20158,20157
20182,23,adjacent_difference,20159,20158
20183,23,adjacent_difference,20160,20159
20184,23,adjacent_difference,20161,20160
20185,23,adjacent_difference,20162,20161
20186,23,adjacent_difference,20163,20162
20187,23,adjacent_difference,20164,20163
20188,23,adjacent_difference,20165,20164
20189,23,adjacent_difference,20166,20165
20190,23,adjacent_difference,20167,20166
20191,23,adjacent_difference,20168,20167
20192,23,adjacent_difference,20169,20168
20193,23,adjacent_difference,20170,20169
20194,23,adjacent_difference,20171,20170
20195,23,adjacent_difference,20172,20171
20196,23,adjacent_difference,20173,20172
20197,23,adjacent_difference,20174,20173
20198,23,adjacent_difference,20175,20174
20199,23,adjacent_difference,20176,20175
20200,23,adjacent_difference,20177,20176
20201,23,adjacent_difference,20178,20177
20202,23,adjacent_difference,20179,20178
20203,23,adjacent_difference,20180,20179
20204,23,adjacent_difference,20181,20180
20205,23,adjacent_difference,20182,20181
20206,23,adjacent_difference,20183,20182
20207,23,adjacent_difference,20184,20183
20208,23,adjacent_difference,20185,20184
20209,23,adjacent_difference,20186,20185
20210,23,adjacent_difference,20187,20186
20211,23,adjacent_difference,20188,20187
20212,23,adjacent_difference,20189,20188
20213,23,adjacent_difference,20190,20189
20214,23,adjacent_difference,20191,20190
20215,23,adjacent_difference,20192,20191
20216,23,adjacent_difference,20193,20192
20217,23,adjacent_difference,20194,20193
20218,23,adjacent_difference,20195,20194
20219,23,adjacent_difference,20196,20195
20220,23,adjacent_difference,20197,20196
20221,23,adjacent_difference,20198,20197
20222,23,adjacent_difference,20199,20198
20223,23,adjacent_difference,20200,20199
20224,23,adjacent_difference,20201,20200
20225,23,adjacent_difference,20202,20201
20226,23,adjacent_difference,20203,20202
20227,23,adjacent_difference,20204,20203
20228,23,adjacent_difference,20205,20204
20229,23,adjacent_difference,20206,20205
20230,23,adjacent_difference,20207,20206
20231,23,adjacent_difference,20208,20207
20232,23,adjacent_difference,20209,20208
20233,23,adjacent_difference,20210,20209
20234,23,adjacent_difference,20211,20210
20235,23,adjacent_difference,20212,20211
20236,23,adjacent_difference,20213,20212
20237,23,adjacent_difference,20214,20213
20238,23,adjacent_difference,20215,20214
20239,23,adjacent_difference,20216,20215
20240,23,adjacent_difference,20217,20216
20241,23,adjacent_difference,20218,20217
20242,23,adjacent_difference,20219,20218
20243,23,adjacent_difference,20220,20219
20244,23,adjacent_difference,20221,20220
20245,23,adjacent_difference,20222,20221
20246,23,adjacent_difference,20223,20222
20247,23,adjacent_difference,20224,20223
20248,23,adjacent_difference,20225,20224
20249,23,adjacent_difference,20226,20225
20250,23,adjacent_difference,20227,20226
20251,23,adjacent_difference,20228,20227
20252,23,adjacent_difference,20229,20228
20253,23,adjacent_difference,20230,20229
20254,23,adjacent_difference,20231,20230
20255,23,adjacent_difference,20232,20231
20256,23,adjacent_difference,20233,20232
20257,23,adjacent_difference,20234,20233
20258,23,adjacent_difference,20235,20234
20259,23,adjacent_difference,20236,20235
20260,23,adjacent_difference,20237,20236
20261,23,adjacent_difference,20238,20237
20262,23,adjacent_difference,20239,20238
20263,23,adjacent_difference,20240,20239
20264,23,adjacent_difference,20241,20240
20265,23,adjacent_difference,20242,20241
20266,23,adjacent_difference,20243,20242
20267,23,adjacent_difference,20244,20243
20268,23,adjacent_difference,20245,20244
20269,23,adjacent_difference,20246,20245
20270,23,adjacent_difference,20247,20246
20271,23,adjacent_difference,20248,20247
20272,23,adjacent_difference,20249,20248
20273,23,adjacent_difference,20250,20249
20274,23,adjacent_difference,20251,20250
20275,23,adjacent_difference,20252,20251
20276,23,adjacent_difference,20253,20252
20277,23,adjacent_difference,20254,20253
20278,23,adjacent_difference,20255,20254
20279,23,adjacent_difference,20256,20255
20280,23,adjacent_difference,20257,20256
20281,23,adjacent_difference,20258,20257
20282,23,adjacent_difference,20259,20258
20283,23,adjacent_difference,20260,20259
20284,23,adjacent_difference,20261,20260
20285,23,adjacent_difference,20262,20261
20286,23,adjacent_difference,20263,20262
20287,23,adjacent_difference,20264,20263
20288,23,adjacent_difference,20265,20264
20289,23,adjacent_difference,20266,20265
20290,23,adjacent_difference,20267,20266
20291,23,adjacent_difference,20268,20267
20292,23,adjacent_difference,20269,20268
20293,23,adjacent_difference,20270,20269
20294,23,adjacent_difference,20271,20270
20295,23,adjacent_difference,20272,20271
20296,23,adjacent_difference,20273,20272
20297,23,adjacent_difference,20274,20273
20298,23,adjacent_difference,20275,20274
20299,23,adjacent_difference,20276,20275
20300,23,terminal_inverse,-1,20276
20301,24,absolute_start,20277,-1
20302,24,adjacent_difference,20278,20277
20303,24,adjacent_difference,20279,20278
20304,24,adjacent_difference,20280,20279
20305,24,adjacent_difference,20281,20280
20306,24,adjacent_difference,20282,20281
20307,24,adjacent_difference,20283,20282
20308,24,adjacent_difference,20284,20283
20309,24,adjacent_difference,20285,20284
20310,24,adjacent_difference,20286,20285
20311,24,adjacent_difference,20287,20286
20312,24,adjacent_difference,20288,20287
20313,24,adjacent_difference,20289,20288
20314,24,adjacent_difference,20290,20289
20315,24,adjacent_difference,20291,20290
20316,24,adjacent_difference,20292,20291
20317,24,adjacent_difference,20293,20292
20318,24,adjacent_difference,20294,20293
20319,24,adjacent_difference,20295,20294
20320,24,adjacent_difference,20296,20295
20321,24,adjacent_difference,20297,20296
20322,24,adjacent_difference,20298,20297
20323,24,adjacent_difference,20299,20298
20324,24,adjacent_difference,20300,20299
20325,24,adjacent_difference,20301,20300
20326,24,adjacent_difference,20302,20301
20327,24,adjacent_difference,20303,20302
20328,24,adjacent_difference,20304,20303
20329,24,adjacent_difference,20305,20304
20330,24,adjacent_difference,20306,20305
20331,24,adjacent_difference,20307,20306
20332,24,adjacent_difference,20308,20307
20333,24,adjacent_difference,20309,20308
20334,24,adjacent_difference,20310,20309
20335,24,adjacent_difference,20311,20310
20336,24,adjacent_difference,20312,20311
20337,24,adjacent_difference,20313,20312
20338,24,adjacent_difference,20314,20313
20339,24,adjacent_difference,20315,20314
20340,24,adjacent_difference,20316,20315
20341,24,adjacent_difference,20317,20316
20342,24,adjacent_difference,20318,20317
20343,24,adjacent_difference,20319,20318
20344,24,adjacent_difference,20320,20319
20345,24,adjacent_difference,20321,20320
20346,24,adjacent_difference,20322,20321
20347,24,adjacent_difference,20323,20322
20348,24,adjacent_difference,20324,20323
20349,24,adjacent_difference,20325,20324
20350,24,adjacent_difference,20326,20325
20351,24,adjacent_difference,20327,20326
20352,24,adjacent_difference,20328,20327
20353,24,adjacent_difference,20329,20328
20354,24,adjacent_difference,20330,20329
20355,24,adjacent_difference,20331,20330
20356,24,adjacent_difference,20332,20331
20357,24,adjacent_difference,20333,20332
20358,24,adjacent_difference,20334,20333
20359,24,adjacent_difference,20335,20334
20360,24,adjacent_difference,20336,20335
20361,24,adjacent_difference,20337,20336
20362,24,adjacent_difference,20338,20337
20363,24,adjacent_difference,20339,20338
20364,24,adjacent_difference,20340,20339
20365,24,adjacent_difference,20341,20340
20366,24,adjacent_difference,20342,20341
20367,24,adjacent_difference,20343,20342
20368,24,adjacent_difference,20344,20343
20369,24,adjacent_difference,20345,20344
20370,24,adjacent_difference,20346,20345
20371,24,adjacent_difference,20347,20346
20372,24,adjacent_difference,20348,20347
20373,24,adjacent_difference,20349,20348
20374,24,adjacent_difference,20350,20349
20375,24,adjacent_difference,20351,20350
20376,24,adjacent_difference,20352,20351
20377,24,adjacent_difference,20353,20352
20378,24,adjacent_difference,20354,20353
20379,24,adjacent_difference,20355,20354
20380,24,adjacent_difference,20356,20355
20381,24,adjacent_difference,20357,20356
20382,24,adjacent_difference,20358,20357
20383,24,adjacent_difference,20359,20358
20384,24,adjacent_difference,20360,20359
20385,24,adjacent_difference,20361,20360
20386,24,adjacent_difference,20362,20361
20387,24,adjacent_difference,20363,20362
20388,24,adjacent_difference,20364,20363
20389,24,adjacent_difference,20365,20364
20390,24,adjacent_difference,20366,20365
20391,24,adjacent_difference,20367,20366
20392,24,adjacent_difference,20368,20367
20393,24,adjacent_difference,20369,20368
20394,24,adjacent_difference,20370,20369
20395,24,adjacent_difference,20371,20370
20396,24,adjacent_difference,20372,20371
20397,24,adjacent_difference,20373,20372
20398,24,adjacent_difference,20374,20373
20399,24,adjacent_difference,20375,20374
20400,24,adjacent_difference,20376,20375
20401,24,adjacent_difference,20377,20376
20402,24,adjacent_difference,20378,20377
20403,24,adjacent_difference,20379,20378
20404,24,adjacent_difference,20380,20379
20405,24,adjacent_difference,20381,20380
20406,24,adjacent_difference,20382,20381
20407,24,adjacent_difference,20383,20382
20408,24,adjacent_difference,20384,20383
20409,24,adjacent_difference,20385,20384
20410,24,adjacent_difference,20386,20385
20411,24,adjacent_difference,20387,20386
20412,24,adjacent_difference,20388,20387
20413,24,adjacent_difference,20389,20388
20414,24,adjacent_difference,20390,20389
20415,24,adjacent_difference,20391,20390
20416,24,adjacent_difference,20392,20391
20417,24,adjacent_difference,20393,20392
20418,24,adjacent_difference,20394,20393
20419,24,adjacent_difference,20395,20394
20420,24,adjacent_difference,20396,20395
20421,24,adjacent_difference,20397,20396
20422,24,adjacent_difference,20398,20397
20423,24,adjacent_difference,20399,20398
20424,24,adjacent_difference,20400,20399
20425,24,adjacent_difference,20401,20400
20426,24,adjacent_difference,20402,20401
20427,24,adjacent_difference,20403,20402
20428,24,adjacent_difference,20404,20403
20429,24,adjacent_difference,20405,20404
20430,24,adjacent_difference,20406,20405
20431,24,adjacent_difference,20407,20406
20432,24,adjacent_difference,20408,20407
20433,24,adjacent_difference,20409,20408
20434,24,adjacent_difference,20410,20409
20435,24,adjacent_difference,20411,20410
20436,24,adjacent_difference,20412,20411
20437,24,adjacent_difference,20413,20412
20438,24,adjacent_difference,20414,20413
20439,24,adjacent_difference,20415,20414
20440,24,adjacent_difference,20416,20415
20441,24,adjacent_difference,20417,20416
20442,24,adjacent_difference,20418,20417
20443,24,adjacent_difference,20419,20418
20444,24,adjacent_difference,20420,20419
20445,24,adjacent_difference,20421,20420
20446,24,adjacent_difference,20422,20421
20447,24,adjacent_difference,20423,20422
20448,24,adjacent_difference,20424,20423
20449,24,adjacent_difference,20425,20424
20450,24,adjacent_difference,20426,20425
20451,24,adjacent_difference,20427,20426
20452,24,adjacent_difference,20428,20427
20453,24,adjacent_difference,20429,20428
20454,24,adjacent_difference,20430,20429
20455,24,adjacent_difference,20431,20430
20456,24,adjacent_difference,20432,20431
20457,24,adjacent_difference,20433,20432
20458,24,adjacent_difference,20434,20433
20459,24,adjacent_difference,20435,20434
20460,24,adjacent_difference,20436,20435
20461,24,adjacent_difference,20437,20436
20462,24,adjacent_difference,20438,20437
20463,24,adjacent_difference,20439,20438
20464,24,adjacent_difference,20440,20439
20465,24,adjacent_difference,20441,20440
20466,24,adjacent_difference,20442,20441
20467,24,adjacent_difference,20443,20442
20468,24,adjacent_difference,20444,20443
20469,24,adjacent_difference,20445,20444
20470,24,adjacent_difference,20446,20445
20471,24,adjacent_difference,20447,20446
20472,24,adjacent_difference,20448,20447
20473,24,adjacent_difference,20449,20448
20474,24,adjacent_difference,20450,20449
20475,24,adjacent_difference,20451,20450
20476,24,adjacent_difference,20452,20451
20477,24,adjacent_difference,20453,20452
20478,24,adjacent_difference,20454,20453
20479,24,adjacent_difference,20455,20454
20480,24,adjacent_difference,20456,20455
20481,24,adjacent_difference,20457,20456
20482,24,adjacent_difference,20458,20457
20483,24,adjacent_difference,20459,20458
20484,24,adjacent_difference,20460,20459
20485,24,adjacent_difference,20461,20460
20486,24,adjacent_difference,20462,20461
20487,24,adjacent_difference,20463,20462
20488,24,adjacent_difference,20464,20463
20489,24,adjacent_difference,20465,20464
20490,24,adjacent_difference,20466,20465
20491,24,adjacent_difference,20467,20466
20492,24,adjacent_difference,20468,20467
20493,24,adjacent_difference,20469,20468
20494,24,adjacent_difference,20470,20469
20495,24,adjacent_difference,20471,20470
20496,24,adjacent_difference,20472,20471
20497,24,adjacent_difference,20473,20472
20498,24,adjacent_difference,20474,20473
20499,24,adjacent_difference,20475,20474
20500,24,adjacent_difference,20476,20475
20501,24,adjacent_difference,20477,20476
20502,24,adjacent_difference,20478,20477
20503,24,adjacent_difference,20479,20478
20504,24,adjacent_difference,20480,20479
20505,24,adjacent_difference,20481,20480
20506,24,adjacent_difference,20482,20481
20507,24,adjacent_difference,20483,20482
20508,24,adjacent_difference,20484,20483
20509,24,adjacent_difference,20485,20484
20510,24,adjacent_difference,20486,20485
20511,24,adjacent_difference,20487,20486
20512,24,adjacent_difference,20488,20487
20513,24,adjacent_difference,20489,20488
20514,24,adjacent_difference,20490,20489
20515,24,adjacent_difference,20491,20490
20516,24,adjacent_difference,20492,20491
20517,24,adjacent_difference,20493,20492
20518,24,adjacent_difference,20494,20493
20519,24,adjacent_difference,20495,20494
20520,24,adjacent_difference,20496,20495
20521,24,adjacent_difference,20497,20496
20522,24,adjacent_difference,20498,20497
20523,24,adjacent_difference,20499,20498
20524,24,adjacent_difference,20500,20499
20525,24,adjacent_difference,20501,20500
20526,24,adjacent_difference,20502,20501
20527,24,adjacent_difference,20503,20502
20528,24,adjacent_difference,20504,20503
20529,24,adjacent_difference,20505,20504
20530,24,adjacent_difference,20506,20505
20531,24,adjacent_difference,20507,20506
20532,24,adjacent_difference,20508,20507
20533,24,adjacent_difference,20509,20508
20534,24,adjacent_difference,20510,20509
20535,24,adjacent_difference,20511,20510
20536,24,adjacent_difference,20512,20511
20537,24,adjacent_difference,20513,20512
20538,24,adjacent_difference,20514,20513
20539,24,adjacent_difference,20515,20514
20540,24,adjacent_difference,20516,20515
20541,24,adjacent_difference,20517,20516
20542,24,adjacent_difference,20518,20517
20543,24,adjacent_difference,20519,20518
20544,24,adjacent_difference,20520,20519
20545,24,adjacent_difference,20521,20520
20546,24,adjacent_difference,20522,20521
20547,24,adjacent_difference,20523,20522
20548,24,adjacent_difference,20524,20523
20549,24,adjacent_difference,20525,20524
20550,24,adjacent_difference,20526,20525
20551,24,adjacent_difference,20527,20526
20552,24,adjacent_difference,20528,20527
20553,24,adjacent_difference,20529,20528
20554,24,adjacent_difference,20530,20529
20555,24,adjacent_difference,20531,20530
20556,24,adjacent_difference,20532,20531
20557,24,adjacent_difference,20533,20532
20558,24,adjacent_difference,20534,20533
20559,24,adjacent_difference,20535,20534
20560,24,adjacent_difference,20536,20535
20561,24,adjacent_difference,20537,20536
20562,24,adjacent_difference,20538,20537
20563,24,adjacent_difference,20539,20538
20564,24,adjacent_difference,20540,20539
20565,24,adjacent_difference,20541,20540
20566,24,adjacent_difference,20542,20541
20567,24,adjacent_difference,20543,20542
20568,24,adjacent_difference,20544,20543
20569,24,adjacent_difference,20545,20544
20570,24,adjacent_difference,20546,20545
20571,24,adjacent_difference,20547,20546
20572,24,adjacent_difference,20548,20547
20573,24,adjacent_difference,20549,20548
20574,24,adjacent_difference,20550,20549
20575,24,adjacent_difference,20551,20550
20576,24,adjacent_difference,20552,20551
20577,24,adjacent_difference,20553,20552
20578,24,adjacent_difference,20554,20553
20579,24,adjacent_difference,20555,20554
20580,24,adjacent_difference,20556,20555
20581,24,adjacent_difference,20557,20556
20582,24,adjacent_difference,20558,20557
20583,24,adjacent_difference,20559,20558
20584,24,adjacent_difference,20560,20559
20585,24,adjacent_difference,20561,20560
20586,24,adjacent_difference,20562,20561
20587,24,adjacent_difference,20563,20562
20588,24,adjacent_difference,20564,20563
20589,24,adjacent_difference,20565,20564
20590,24,adjacent_difference,20566,20565
20591,24,adjacent_difference,20567,20566
20592,24,adjacent_difference,20568,20567
20593,24,adjacent_difference,20569,20568
20594,24,adjacent_difference,20570,20569
20595,24,adjacent_difference,20571,20570
20596,24,adjacent_difference,20572,20571
20597,24,adjacent_difference,20573,20572
20598,24,adjacent_difference,20574,20573
20599,24,adjacent_difference,20575,20574
20600,24,adjacent_difference,20576,20575
20601,24,adjacent_difference,20577,20576
20602,24,adjacent_difference,20578,20577
20603,24,adjacent_difference,20579,20578
20604,24,adjacent_difference,20580,20579
20605,24,adjacent_difference,20581,20580
20606,24,adjacent_difference,20582,20581
20607,24,adjacent_difference,20583,20582
20608,24,adjacent_difference,20584,20583
20609,24,adjacent_difference,20585,20584
20610,24,adjacent_difference,20586,20585
20611,24,adjacent_difference,20587,20586
20612,24,adjacent_difference,20588,20587
20613,24,adjacent_difference,20589,20588
20614,24,adjacent_difference,20590,20589
20615,24,adjacent_difference,20591,20590
20616,24,adjacent_difference,20592,20591
20617,24,adjacent_difference,20593,20592
20618,24,adjacent_difference,20594,20593
20619,24,adjacent_difference,20595,20594
20620,24,adjacent_difference,20596,20595
20621,24,adjacent_difference,20597,20596
20622,24,adjacent_difference,20598,20597
20623,24,adjacent_difference,20599,20598
20624,24,adjacent_difference,20600,20599
20625,24,adjacent_difference,20601,20600
20626,24,adjacent_difference,20602,20601
20627,24,adjacent_difference,20603,20602
20628,24,adjacent_difference,20604,20603
20629,24,adjacent_difference,20605,20604
20630,24,adjacent_difference,20606,20605
20631,24,adjacent_difference,20607,20606
20632,24,adjacent_difference,20608,20607
20633,24,adjacent_difference,20609,20608
20634,24,adjacent_difference,20610,20609
20635,24,adjacent_difference,20611,20610
20636,24,adjacent_difference,20612,20611
20637,24,adjacent_difference,20613,20612
20638,24,adjacent_difference,20614,20613
20639,24,adjacent_difference,20615,20614
20640,24,adjacent_difference,20616,20615
20641,24,adjacent_difference,20617,20616
20642,24,adjacent_difference,20618,20617
20643,24,adjacent_difference,20619,20618
20644,24,adjacent_difference,20620,20619
20645,24,adjacent_difference,20621,20620
20646,24,adjacent_difference,20622,20621
20647,24,adjacent_difference,20623,20622
20648,24,adjacent_difference,20624,20623
20649,24,adjacent_difference,20625,20624
20650,24,adjacent_difference,20626,20625
20651,24,adjacent_difference,20627,20626
20652,24,adjacent_difference,20628,20627
20653,24,adjacent_difference,20629,20628
20654,24,adjacent_difference,20630,20629
20655,24,adjacent_difference,20631,20630
20656,24,adjacent_difference,20632,20631
20657,24,adjacent_difference,20633,20632
20658,24,adjacent_difference,20634,20633
20659,24,adjacent_difference,20635,20634
20660,24,adjacent_difference,20636,20635
20661,24,adjacent_difference,20637,20636
20662,24,adjacent_difference,20638,20637
20663,24,adjacent_difference,20639,20638
20664,24,adjacent_difference,20640,20639
20665,24,adjacent_difference,20641,20640
20666,24,adjacent_difference,20642,20641
20667,24,adjacent_difference,20643,20642
20668,24,adjacent_difference,20644,20643
20669,24,adjacent_difference,20645,20644
20670,24,adjacent_difference,20646,20645
20671,24,adjacent_difference,20647,20646
20672,24,adjacent_difference,20648,20647
20673,24,adjacent_difference,20649,20648
20674,24,adjacent_difference,20650,20649
20675,24,adjacent_difference,20651,20650
20676,24,adjacent_difference,20652,20651
20677,24,adjacent_difference,20653,20652
20678,24,adjacent_difference,20654,20653
20679,24,adjacent_difference,20655,20654
20680,24,adjacent_difference,20656,20655
20681,24,adjacent_difference,20657,20656
20682,24,adjacent_difference,20658,20657
20683,24,adjacent_difference,20659,20658
20684,24,adjacent_difference,20660,20659
20685,24,adjacent_difference,20661,20660
20686,24,adjacent_difference,20662,20661
20687,24,adjacent_difference,20663,20662
20688,24,adjacent_difference,20664,20663
20689,24,adjacent_difference,20665,20664
20690,24,adjacent_difference,20666,20665
20691,24,adjacent_difference,20667,20666
20692,24,adjacent_difference,20668,20667
20693,24,adjacent_difference,20669,20668
20694,24,adjacent_difference,20670,20669
20695,24,adjacent_difference,20671,20670
20696,24,adjacent_difference,20672,20671
20697,24,adjacent_difference,20673,20672
20698,24,adjacent_difference,20674,20673
20699,24,adjacent_difference,20675,20674
20700,24,adjacent_difference,20676,20675
20701,24,adjacent_difference,20677,20676
20702,24,adjacent_difference,20678,20677
20703,24,adjacent_difference,20679,20678
20704,24,adjacent_difference,20680,20679
20705,24,adjacent_difference,20681,20680
20706,24,adjacent_difference,20682,20681
20707,24,adjacent_difference,20683,20682
20708,24,adjacent_difference,20684,20683
20709,24,adjacent_difference,20685,20684
20710,24,adjacent_difference,20686,20685
20711,24,adjacent_difference,20687,20686
20712,24,adjacent_difference,20688,20687
20713,24,adjacent_difference,20689,20688
20714,24,adjacent_difference,20690,20689
20715,24,adjacent_difference,20691,20690
20716,24,adjacent_difference,20692,20691
20717,24,adjacent_difference,20693,20692
20718,24,adjacent_difference,20694,20693
20719,24,adjacent_difference,20695,20694
20720,24,adjacent_difference,20696,20695
20721,24,adjacent_difference,20697,20696
20722,24,adjacent_difference,20698,20697
20723,24,adjacent_difference,20699,20698
20724,24,adjacent_difference,20700,20699
20725,24,adjacent_difference,20701,20700
20726,24,adjacent_difference,20702,20701
20727,24,adjacent_difference,20703,20702
20728,24,adjacent_difference,20704,20703
20729,24,adjacent_difference,20705,20704
20730,24,adjacent_difference,20706,20705
20731,24,adjacent_difference,20707,20706
20732,24,adjacent_difference,20708,20707
20733,24,adjacent_difference,20709,20708
20734,24,adjacent_difference,20710,20709
20735,24,adjacent_difference,20711,20710
20736,24,adjacent_difference,20712,20711
20737,24,adjacent_difference,20713,20712
20738,24,adjacent_difference,20714,20713
20739,24,adjacent_difference,20715,20714
20740,24,adjacent_difference,20716,20715
20741,24,adjacent_difference,20717,20716
20742,24,adjacent_difference,20718,20717
20743,24,adjacent_difference,20719,20718
20744,24,adjacent_difference,20720,20719
20745,24,adjacent_difference,20721,20720
20746,24,adjacent_difference,20722,20721
20747,24,adjacent_difference,20723,20722
20748,24,adjacent_difference,20724,20723
20749,24,adjacent_difference,20725,20724
20750,24,adjacent_difference,20726,20725
20751,24,adjacent_difference,20727,20726
20752,24,adjacent_difference,20728,20727
20753,24,adjacent_difference,20729,20728
20754,24,adjacent_difference,20730,20729
20755,24,adjacent_difference,20731,20730
20756,24,adjacent_difference,20732,20731
20757,24,adjacent_difference,20733,20732
20758,24,adjacent_difference,20734,20733
20759,24,adjacent_difference,20735,20734
20760,24,adjacent_difference,20736,20735
20761,24,adjacent_difference,20737,20736
20762,24,adjacent_difference,20738,20737
20763,24,adjacent_difference,20739,20738
20764,24,adjacent_difference,20740,20739
20765,24,adjacent_difference,20741,20740
20766,24,adjacent_difference,20742,20741
20767,24,adjacent_difference,20743,20742
20768,24,adjacent_difference,20744,20743
20769,24,adjacent_difference,20745,20744
20770,24,adjacent_difference,20746,20745
20771,24,adjacent_difference,20747,20746
20772,24,adjacent_difference,20748,20747
20773,24,adjacent_difference,20749,20748
20774,24,adjacent_difference,20750,20749
20775,24,adjacent_difference,20751,20750
20776,24,adjacent_difference,20752,20751
20777,24,adjacent_difference,20753,20752
20778,24,adjacent_difference,20754,20753
20779,24,adjacent_difference,20755,20754
20780,24,adjacent_difference,20756,20755
20781,24,adjacent_difference,20757,20756
20782,24,adjacent_difference,20758,20757
20783,24,adjacent_difference,20759,20758
20784,24,adjacent_difference,20760,20759
20785,24,adjacent_difference,20761,20760
20786,24,adjacent_difference,20762,20761
20787,24,adjacent_difference,20763,20762
20788,24,adjacent_difference,20764,20763
20789,24,adjacent_difference,20765,20764
20790,24,adjacent_difference,20766,20765
20791,24,adjacent_difference,20767,20766
20792,24,adjacent_difference,20768,20767
20793,24,adjacent_difference,20769,20768
20794,24,adjacent_difference,20770,20769
20795,24,adjacent_difference,20771,20770
20796,24,adjacent_difference,20772,20771
20797,24,adjacent_difference,20773,20772
20798,24,adjacent_difference,20774,20773
20799,24,adjacent_difference,20775,20774
20800,24,adjacent_difference,20776,20775
20801,24,adjacent_difference,20777,20776
20802,24,adjacent_difference,20778,20777
20803,24,adjacent_difference,20779,20778
20804,24,adjacent_difference,20780,20779
20805,24,adjacent_difference,20781,20780
20806,24,adjacent_difference,20782,20781
20807,24,adjacent_difference,20783,20782
20808,24,adjacent_difference,20784,20783
20809,24,adjacent_difference,20785,20784
20810,24,adjacent_difference,20786,20785
20811,24,adjacent_difference,20787,20786
20812,24,adjacent_difference,20788,20787
20813,24,adjacent_difference,20789,20788
20814,24,adjacent_difference,20790,20789
20815,24,adjacent_difference,20791,20790
20816,24,adjacent_difference,20792,20791
20817,24,adjacent_difference,20793,20792
20818,24,adjacent_difference,20794,20793
20819,24,adjacent_difference,20795,20794
20820,24,adjacent_difference,20796,20795
20821,24,adjacent_difference,20797,20796
20822,24,adjacent_difference,20798,20797
20823,24,adjacent_difference,20799,20798
20824,24,adjacent_difference,20800,20799
20825,24,adjacent_difference,20801,20800
20826,24,adjacent_difference,20802,20801
20827,24,adjacent_difference,20803,20802
20828,24,adjacent_difference,20804,20803
20829,24,adjacent_difference,20805,20804
20830,24,adjacent_difference,20806,20805
20831,24,adjacent_difference,20807,20806
20832,24,adjacent_difference,20808,20807
20833,24,adjacent_difference,20809,20808
20834,24,adjacent_difference,20810,20809
20835,24,adjacent_difference,20811,20810
20836,24,adjacent_difference,20812,20811
20837,24,adjacent_difference,20813,20812
20838,24,adjacent_difference,20814,20813
20839,24,adjacent_difference,20815,20814
20840,24,adjacent_difference,20816,20815
20841,24,adjacent_difference,20817,20816
20842,24,adjacent_difference,20818,20817
20843,24,adjacent_difference,20819,20818
20844,24,adjacent_difference,20820,20819
20845,24,adjacent_difference,20821,20820
20846,24,adjacent_difference,20822,20821
20847,24,adjacent_difference,20823,20822
20848,24,adjacent_difference,20824,20823
20849,24,adjacent_difference,20825,20824
20850,24,adjacent_difference,20826,20825
20851,24,adjacent_difference,20827,20826
20852,24,adjacent_difference,20828,20827
20853,24,adjacent_difference,20829,20828
20854,24,adjacent_difference,20830,20829
20855,24,adjacent_difference,20831,20830
20856,24,adjacent_difference,20832,20831
20857,24,adjacent_difference,20833,20832
20858,24,adjacent_difference,20834,20833
20859,24,adjacent_difference,20835,20834
20860,24,adjacent_difference,20836,20835
20861,24,adjacent_difference,20837,20836
20862,24,adjacent_difference,20838,20837
20863,24,adjacent_difference,20839,20838
20864,24,adjacent_difference,20840,20839
20865,24,adjacent_difference,20841,20840
20866,24,adjacent_difference,20842,20841
20867,24,adjacent_difference,20843,20842
20868,24,adjacent_difference,20844,20843
20869,24,adjacent_difference,20845,20844
20870,24,adjacent_difference,20846,20845
20871,24,adjacent_difference,20847,20846
20872,24,adjacent_difference,20848,20847
20873,24,adjacent_difference,20849,20848
20874,24,adjacent_difference,20850,20849
20875,24,adjacent_difference,20851,20850
20876,24,adjacent_difference,20852,20851
20877,24,adjacent_difference,20853,20852
20878,24,adjacent_difference,20854,20853
20879,24,adjacent_difference,20855,20854
20880,24,adjacent_difference,20856,20855
20881,24,adjacent_difference,20857,20856
20882,24,adjacent_difference,20858,20857
20883,24,adjacent_difference,20859,20858
20884,24,adjacent_difference,20860,20859
20885,24,adjacent_difference,20861,20860
20886,24,adjacent_difference,20862,20861
20887,24,adjacent_difference,20863,20862
20888,24,adjacent_difference,20864,20863
20889,24,adjacent_difference,20865,20864
20890,24,adjacent_difference,20866,20865
20891,24,adjacent_difference,20867,20866
20892,24,adjacent_difference,20868,20867
20893,24,adjacent_difference,20869,20868
20894,24,adjacent_difference,20870,20869
20895,24,adjacent_difference,20871,20870
20896,24,adjacent_difference,20872,20871
20897,24,adjacent_difference,20873,20872
20898,24,adjacent_difference,20874,20873
20899,24,adjacent_difference,20875,20874
20900,24,adjacent_difference,20876,20875
20901,24,adjacent_difference,20877,20876
20902,24,adjacent_difference,20878,20877
20903,24,adjacent_difference,20879,20878
20904,24,adjacent_difference,20880,20879
20905,24,adjacent_difference,20881,20880
20906,24,adjacent_difference,20882,20881
20907,24,adjacent_difference,20883,20882
20908,24,adjacent_difference,20884,20883
20909,24,adjacent_difference,20885,20884
20910,24,adjacent_difference,20886,20885
20911,24,adjacent_difference,20887,20886
20912,24,adjacent_difference,20888,20887
20913,24,adjacent_difference,20889,20888
20914,24,adjacent_difference,20890,20889
20915,24,adjacent_difference,20891,20890
20916,24,adjacent_difference,20892,20891
20917,24,adjacent_difference,20893,20892
20918,24,adjacent_difference,20894,20893
20919,24,adjacent_difference,20895,20894
20920,24,adjacent_difference,20896,20895
20921,24,adjacent_difference,20897,20896
20922,24,adjacent_difference,20898,20897
20923,24,adjacent_difference,20899,20898
20924,24,adjacent_difference,20900,20899
20925,24,adjacent_difference,20901,20900
20926,24,adjacent_difference,20902,20901
20927,24,adjacent_difference,20903,20902
20928,24,adjacent_difference,20904,20903
20929,24,adjacent_difference,20905,20904
20930,24,adjacent_difference,20906,20905
20931,24,adjacent_difference,20907,20906
20932,24,adjacent_difference,20908,20907
20933,24,adjacent_difference,20909,20908
20934,24,adjacent_difference,20910,20909
20935,24,adjacent_difference,20911,20910
20936,24,adjacent_difference,20912,20911
20937,24,adjacent_difference,20913,20912
20938,24,adjacent_difference,20914,20913
20939,24,adjacent_difference,20915,20914
20940,24,adjacent_difference,20916,20915
20941,24,adjacent_difference,20917,20916
20942,24,adjacent_difference,20918,20917
20943,24,adjacent_difference,20919,20918
20944,24,adjacent_difference,20920,20919
20945,24,adjacent_difference,20921,20920
20946,24,adjacent_difference,20922,20921
20947,24,adjacent_difference,20923,20922
20948,24,adjacent_difference,20924,20923
20949,24,adjacent_difference,20925,20924
20950,24,adjacent_difference,20926,20925
20951,24,adjacent_difference,20927,20926
20952,24,adjacent_difference,20928,20927
20953,24,adjacent_difference,20929,20928
20954,24,adjacent_difference,20930,20929
20955,24,adjacent_difference,20931,20930
20956,24,adjacent_difference,20932,20931
20957,24,adjacent_difference,20933,20932
20958,24,adjacent_difference,20934,20933
20959,24,adjacent_difference,20935,20934
20960,24,adjacent_difference,20936,20935
20961,24,adjacent_difference,20937,20936
20962,24,adjacent_difference,20938,20937
20963,24,adjacent_difference,20939,20938
20964,24,adjacent_difference,20940,20939
20965,24,adjacent_difference,20941,20940
20966,24,adjacent_difference,20942,20941
20967,24,adjacent_difference,20943,20942
20968,24,adjacent_difference,20944,20943
20969,24,adjacent_difference,20945,20944
20970,24,adjacent_difference,20946,20945
20971,24,adjacent_difference,20947,20946
20972,24,adjacent_difference,20948,20947
20973,24,adjacent_difference,20949,20948
20974,24,adjacent_difference,20950,20949
20975,24,adjacent_difference,20951,20950
20976,24,adjacent_difference,20952,20951
20977,24,adjacent_difference,20953,20952
20978,24,adjacent_difference,20954,20953
20979,24,adjacent_difference,20955,20954
20980,24,adjacent_difference,20956,20955
20981,24,adjacent_difference,20957,20956
20982,24,adjacent_difference,20958,20957
20983,24,adjacent_difference,20959,20958
20984,24,adjacent_difference,20960,20959
20985,24,adjacent_difference,20961,20960
20986,24,adjacent_difference,20962,20961
20987,24,adjacent_difference,20963,20962
20988,24,adjacent_difference,20964,20963
20989,24,adjacent_difference,20965,20964
20990,24,adjacent_difference,20966,20965
20991,24,adjacent_difference,20967,20966
20992,24,adjacent_difference,20968,20967
20993,24,adjacent_difference,20969,20968
20994,24,adjacent_difference,20970,20969
20995,24,adjacent_difference,20971,20970
20996,24,adjacent_difference,20972,20971
20997,24,adjacent_difference,20973,20972
20998,24,adjacent_difference,20974,20973
20999,24,adjacent_difference,20975,20974
21000,24,adjacent_difference,20976,20975
21001,24,adjacent_difference,20977,20976
21002,24,adjacent_difference,20978,20977
21003,24,adjacent_difference,20979,20978
21004,24,adjacent_difference,20980,20979
21005,24,adjacent_difference,20981,20980
21006,24,adjacent_difference,20982,20981
21007,24,adjacent_difference,20983,20982
21008,24,adjacent_difference,20984,20983
21009,24,adjacent_difference,20985,20984
21010,24,adjacent_difference,20986,20985
21011,24,adjacent_difference,20987,20986
21012,24,adjacent_difference,20988,20987
21013,24,adjacent_difference,20989,20988
21014,24,adjacent_difference,20990,20989
21015,24,adjacent_difference,20991,20990
21016,24,adjacent_difference,20992,20991
21017,24,adjacent_difference,20993,20992
21018,24,adjacent_difference,20994,20993
21019,24,adjacent_difference,20995,20994
21020,24,adjacent_difference,20996,20995
21021,24,adjacent_difference,20997,20996
21022,24,adjacent_difference,20998,20997
21023,24,adjacent_difference,20999,20998
21024,24,adjacent_difference,21000,20999
21025,24,adjacent_difference,21001,21000
21026,24,adjacent_difference,21002,21001
21027,24,adjacent_difference,21003,21002
21028,24,adjacent_difference,21004,21003
21029,24,adjacent_difference,21005,21004
21030,24,adjacent_difference,21006,21005
21031,24,adjacent_difference,21007,21006
21032,24,adjacent_difference,21008,21007
21033,24,adjacent_difference,21009,21008
21034,24,adjacent_difference,21010,21009
21035,24,adjacent_difference,21011,21010
21036,24,adjacent_difference,21012,21011
21037,24,adjacent_difference,21013,21012
21038,24,adjacent_difference,21014,21013
21039,24,adjacent_difference,21015,21014
21040,24,adjacent_difference,21016,21015
21041,24,adjacent_difference,21017,21016
21042,24,adjacent_difference,21018,21017
21043,24,adjacent_difference,21019,21018
21044,24,adjacent_difference,21020,21019
21045,24,adjacent_difference,21021,21020
21046,24,adjacent_difference,21022,21021
21047,24,adjacent_difference,21023,21022
21048,24,adjacent_difference,21024,21023
21049,24,adjacent_difference,21025,21024
21050,24,adjacent_difference,21026,21025
21051,24,adjacent_difference,21027,21026
21052,24,adjacent_difference,21028,21027
21053,24,adjacent_difference,21029,21028
21054,24,adjacent_difference,21030,21029
21055,24,adjacent_difference,21031,21030
21056,24,adjacent_difference,21032,21031
21057,24,adjacent_difference,21033,21032
21058,24,adjacent_difference,21034,21033
21059,24,adjacent_difference,21035,21034
21060,24,adjacent_difference,21036,21035
21061,24,adjacent_difference,21037,21036
21062,24,adjacent_difference,21038,21037
21063,24,adjacent_difference,21039,21038
21064,24,adjacent_difference,21040,21039
21065,24,adjacent_difference,21041,21040
21066,24,adjacent_difference,21042,21041
21067,24,adjacent_difference,21043,21042
21068,24,adjacent_difference,21044,21043
21069,24,adjacent_difference,21045,21044
21070,24,adjacent_difference,21046,21045
21071,24,adjacent_difference,21047,21046
21072,24,adjacent_difference,21048,21047
21073,24,adjacent_difference,21049,21048
21074,24,adjacent_difference,21050,21049
21075,24,adjacent_difference,21051,21050
21076,24,adjacent_difference,21052,21051
21077,24,adjacent_difference,21053,21052
21078,24,adjacent_difference,21054,21053
21079,24,adjacent_difference,21055,21054
21080,24,adjacent_difference,21056,21055
21081,24,adjacent_difference,21057,21056
21082,24,adjacent_difference,21058,21057
21083,24,adjacent_difference,21059,21058
21084,24,adjacent_difference,21060,21059
21085,24,adjacent_difference,21061,21060
21086,24,adjacent_difference,21062,21061
21087,24,adjacent_difference,21063,21062
21088,24,adjacent_difference,21064,21063
21089,24,adjacent_difference,21065,21064
21090,24,adjacent_difference,21066,21065
21091,24,adjacent_difference,21067,21066
21092,24,adjacent_difference,21068,21067
21093,24,adjacent_difference,21069,21068
21094,24,adjacent_difference,21070,21069
21095,24,adjacent_difference,21071,21070
21096,24,adjacent_difference,21072,21071
21097,24,adjacent_difference,21073,21072
21098,24,adjacent_difference,21074,21073
21099,24,adjacent_difference,21075,21074
21100,24,adjacent_difference,21076,21075
21101,24,adjacent_difference,21077,21076
21102,24,adjacent_difference,21078,21077
21103,24,adjacent_difference,21079,21078
21104,24,adjacent_difference,21080,21079
21105,24,adjacent_difference,21081,21080
21106,24,adjacent_difference,21082,21081
21107,24,adjacent_difference,21083,21082
21108,24,adjacent_difference,21084,21083
21109,24,adjacent_difference,21085,21084
21110,24,adjacent_difference,21086,21085
21111,24,adjacent_difference,21087,21086
21112,24,adjacent_difference,21088,21087
21113,24,adjacent_difference,21089,21088
21114,24,adjacent_difference,21090,21089
21115,24,adjacent_difference,21091,21090
21116,24,adjacent_difference,21092,21091
21117,24,adjacent_difference,21093,21092
21118,24,adjacent_difference,21094,21093
21119,24,adjacent_difference,21095,21094
21120,24,adjacent_difference,21096,21095
21121,24,adjacent_difference,21097,21096
21122,24,adjacent_difference,21098,21097
21123,24,adjacent_difference,21099,21098
21124,24,adjacent_difference,21100,21099
21125,24,adjacent_difference,21101,21100
21126,24,adjacent_difference,21102,21101
21127,24,adjacent_difference,21103,21102
21128,24,adjacent_difference,21104,21103
21129,24,adjacent_difference,21105,21104
21130,24,adjacent_difference,21106,21105
21131,24,adjacent_difference,21107,21106
21132,24,adjacent_difference,21108,21107
21133,24,adjacent_difference,21109,21108
21134,24,adjacent_difference,21110,21109
21135,24,adjacent_difference,21111,21110
21136,24,adjacent_difference,21112,21111
21137,24,adjacent_difference,21113,21112
21138,24,adjacent_difference,21114,21113
21139,24,adjacent_difference,21115,21114
21140,24,adjacent_difference,21116,21115
21141,24,adjacent_difference,21117,21116
21142,24,adjacent_difference,21118,21117
21143,24,adjacent_difference,21119,21118
21144,24,adjacent_difference,21120,21119
21145,24,terminal_inverse,-1,21120
21146,25,absolute_start,21121,-1
21147,25,adjacent_difference,21122,21121
21148,25,adjacent_difference,21123,21122
21149,25,adjacent_difference,21124,21123
21150,25,adjacent_difference,21125,21124
21151,25,adjacent_difference,21126,21125
21152,25,adjacent_difference,21127,21126
21153,25,adjacent_difference,21128,21127
21154,25,adjacent_difference,21129,21128
21155,25,adjacent_difference,21130,21129
21156,25,adjacent_difference,21131,21130
21157,25,adjacent_difference,21132,21131
21158,25,adjacent_difference,21133,21132
21159,25,adjacent_difference,21134,21133
21160,25,adjacent_difference,21135,21134
21161,25,adjacent_difference,21136,21135
21162,25,adjacent_difference,21137,21136
21163,25,adjacent_difference,21138,21137
21164,25,adjacent_difference,21139,21138
21165,25,adjacent_difference,21140,21139
21166,25,adjacent_difference,21141,21140
21167,25,adjacent_difference,21142,21141
21168,25,adjacent_difference,21143,21142
21169,25,adjacent_difference,21144,21143
21170,25,adjacent_difference,21145,21144
21171,25,adjacent_difference,21146,21145
21172,25,adjacent_difference,21147,21146
21173,25,adjacent_difference,21148,21147
21174,25,adjacent_difference,21149,21148
21175,25,adjacent_difference,21150,21149
21176,25,adjacent_difference,21151,21150
21177,25,adjacent_difference,21152,21151
21178,25,adjacent_difference,21153,21152
21179,25,adjacent_difference,21154,21153
21180,25,adjacent_difference,21155,21154
21181,25,adjacent_difference,21156,21155
21182,25,adjacent_difference,21157,21156
21183,25,adjacent_difference,21158,21157
21184,25,adjacent_difference,21159,21158
21185,25,adjacent_difference,21160,21159
21186,25,adjacent_difference,21161,21160
21187,25,adjacent_difference,21162,21161
21188,25,adjacent_difference,21163,21162
21189,25,adjacent_difference,21164,21163
21190,25,adjacent_difference,21165,21164
21191,25,adjacent_difference,21166,21165
21192,25,adjacent_difference,21167,21166
21193,25,adjacent_difference,21168,21167
21194,25,adjacent_difference,21169,21168
21195,25,adjacent_difference,21170,21169
21196,25,adjacent_difference,21171,21170
21197,25,adjacent_difference,21172,21171
21198,25,adjacent_difference,21173,21172
21199,25,adjacent_difference,21174,21173
21200,25,adjacent_difference,21175,21174
21201,25,adjacent_difference,21176,21175
21202,25,adjacent_difference,21177,21176
21203,25,adjacent_difference,21178,21177
21204,25,adjacent_difference,21179,21178
21205,25,adjacent_difference,21180,21179
21206,25,adjacent_difference,21181,21180
21207,25,adjacent_difference,21182,21181
21208,25,adjacent_difference,21183,21182
21209,25,adjacent_difference,21184,21183
21210,25,adjacent_difference,21185,21184
21211,25,adjacent_difference,21186,21185
21212,25,adjacent_difference,21187,21186
21213,25,adjacent_difference,21188,21187
21214,25,adjacent_difference,21189,21188
21215,25,adjacent_difference,21190,21189
21216,25,adjacent_difference,21191,21190
21217,25,adjacent_difference,21192,21191
21218,25,adjacent_difference,21193,21192
21219,25,adjacent_difference,21194,21193
21220,25,adjacent_difference,21195,21194
21221,25,adjacent_difference,21196,21195
21222,25,adjacent_difference,21197,21196
21223,25,adjacent_difference,21198,21197
21224,25,adjacent_difference,21199,21198
21225,25,adjacent_difference,21200,21199
21226,25,adjacent_difference,21201,21200
21227,25,adjacent_difference,21202,21201
21228,25,adjacent_difference,21203,21202
21229,25,adjacent_difference,21204,21203
21230,25,adjacent_difference,21205,21204
21231,25,adjacent_difference,21206,21205
21232,25,adjacent_difference,21207,21206
21233,25,adjacent_difference,21208,21207
21234,25,adjacent_difference,21209,21208
21235,25,adjacent_difference,21210,21209
21236,25,adjacent_difference,21211,21210
21237,25,adjacent_difference,21212,21211
21238,25,adjacent_difference,21213,21212
21239,25,adjacent_difference,21214,21213
21240,25,adjacent_difference,21215,21214
21241,25,adjacent_difference,21216,21215
21242,25,adjacent_difference,21217,21216
21243,25,adjacent_difference,21218,21217
21244,25,adjacent_difference,21219,21218
21245,25,adjacent_difference,21220,21219
21246,25,adjacent_difference,21221,21220
21247,25,adjacent_difference,21222,21221
21248,25,adjacent_difference,21223,21222
21249,25,adjacent_difference,21224,21223
21250,25,adjacent_difference,21225,21224
21251,25,adjacent_difference,21226,21225
21252,25,adjacent_difference,21227,21226
21253,25,adjacent_difference,21228,21227
21254,25,adjacent_difference,21229,21228
21255,25,adjacent_difference,21230,21229
21256,25,adjacent_difference,21231,21230
21257,25,adjacent_difference,21232,21231
21258,25,adjacent_difference,21233,21232
21259,25,adjacent_difference,21234,21233
21260,25,adjacent_difference,21235,21234
21261,25,adjacent_difference,21236,21235
21262,25,adjacent_difference,21237,21236
21263,25,adjacent_difference,21238,21237
21264,25,adjacent_difference,21239,21238
21265,25,adjacent_difference,21240,21239
21266,25,adjacent_difference,21241,21240
21267,25,adjacent_difference,21242,21241
21268,25,adjacent_difference,21243,21242
21269,25,adjacent_difference,21244,21243
21270,25,adjacent_difference,21245,21244
21271,25,adjacent_difference,21246,21245
21272,25,adjacent_difference,21247,21246
21273,25,adjacent_difference,21248,21247
21274,25,adjacent_difference,21249,21248
21275,25,adjacent_difference,21250,21249
21276,25,adjacent_difference,21251,21250
21277,25,adjacent_difference,21252,21251
21278,25,adjacent_difference,21253,21252
21279,25,adjacent_difference,21254,21253
21280,25,adjacent_difference,21255,21254
21281,25,adjacent_difference,21256,21255
21282,25,adjacent_difference,21257,21256
21283,25,adjacent_difference,21258,21257
21284,25,adjacent_difference,21259,21258
21285,25,adjacent_difference,21260,21259
21286,25,adjacent_difference,21261,21260
21287,25,adjacent_difference,21262,21261
21288,25,adjacent_difference,21263,21262
21289,25,adjacent_difference,21264,21263
21290,25,adjacent_difference,21265,21264
21291,25,adjacent_difference,21266,21265
21292,25,adjacent_difference,21267,21266
21293,25,adjacent_difference,21268,21267
21294,25,adjacent_difference,21269,21268
21295,25,adjacent_difference,21270,21269
21296,25,adjacent_difference,21271,21270
21297,25,adjacent_difference,21272,21271
21298,25,adjacent_difference,21273,21272
21299,25,adjacent_difference,21274,21273
21300,25,adjacent_difference,21275,21274
21301,25,adjacent_difference,21276,21275
21302,25,adjacent_difference,21277,21276
21303,25,adjacent_difference,21278,21277
21304,25,adjacent_difference,21279,21278
21305,25,adjacent_difference,21280,21279
21306,25,adjacent_difference,21281,21280
21307,25,adjacent_difference,21282,21281
21308,25,adjacent_difference,21283,21282
21309,25,adjacent_difference,21284,21283
21310,25,adjacent_difference,21285,21284
21311,25,adjacent_difference,21286,21285
21312,25,adjacent_difference,21287,21286
21313,25,adjacent_difference,21288,21287
21314,25,adjacent_difference,21289,21288
21315,25,adjacent_difference,21290,21289
21316,25,adjacent_difference,21291,21290
21317,25,adjacent_difference,21292,21291
21318,25,adjacent_difference,21293,21292
21319,25,adjacent_difference,21294,21293
21320,25,adjacent_difference,21295,21294
21321,25,adjacent_difference,21296,21295
21322,25,adjacent_difference,21297,21296
21323,25,adjacent_difference,21298,21297
21324,25,adjacent_difference,21299,21298
21325,25,adjacent_difference,21300,21299
21326,25,adjacent_difference,21301,21300
21327,25,adjacent_difference,21302,21301
21328,25,adjacent_difference,21303,21302
21329,25,adjacent_difference,21304,21303
21330,25,adjacent_difference,21305,21304
21331,25,adjacent_difference,21306,21305
21332,25,adjacent_difference,21307,21306
21333,25,adjacent_difference,21308,21307
21334,25,adjacent_difference,21309,21308
21335,25,adjacent_difference,21310,21309
21336,25,adjacent_difference,21311,21310
21337,25,adjacent_difference,21312,21311
21338,25,adjacent_difference,21313,21312
21339,25,adjacent_difference,21314,21313
21340,25,adjacent_difference,21315,21314
21341,25,adjacent_difference,21316,21315
21342,25,adjacent_difference,21317,21316
21343,25,adjacent_difference,21318,21317
21344,25,adjacent_difference,21319,21318
21345,25,adjacent_difference,21320,21319
21346,25,adjacent_difference,21321,21320
21347,25,adjacent_difference,21322,21321
21348,25,adjacent_difference,21323,21322
21349,25,adjacent_difference,21324,21323
21350,25,adjacent_difference,21325,21324
21351,25,adjacent_difference,21326,21325
21352,25,adjacent_difference,21327,21326
21353,25,adjacent_difference,21328,21327
21354,25,adjacent_difference,21329,21328
21355,25,adjacent_difference,21330,21329
21356,25,adjacent_difference,21331,21330
21357,25,adjacent_difference,21332,21331
21358,25,adjacent_difference,21333,21332
21359,25,adjacent_difference,21334,21333
21360,25,adjacent_difference,21335,21334
21361,25,adjacent_difference,21336,21335
21362,25,adjacent_difference,21337,21336
21363,25,adjacent_difference,21338,21337
21364,25,adjacent_difference,21339,21338
21365,25,adjacent_difference,21340,21339
21366,25,adjacent_difference,21341,21340
21367,25,adjacent_difference,21342,21341
21368,25,adjacent_difference,21343,21342
21369,25,adjacent_difference,21344,21343
21370,25,adjacent_difference,21345,21344
21371,25,adjacent_difference,21346,21345
21372,25,adjacent_difference,21347,21346
21373,25,adjacent_difference,21348,21347
21374,25,adjacent_difference,21349,21348
21375,25,adjacent_difference,21350,21349
21376,25,adjacent_difference,21351,21350
21377,25,adjacent_difference,21352,21351
21378,25,adjacent_difference,21353,21352
21379,25,adjacent_difference,21354,21353
21380,25,adjacent_difference,21355,21354
21381,25,adjacent_difference,21356,21355
21382,25,adjacent_difference,21357,21356
21383,25,adjacent_difference,21358,21357
21384,25,adjacent_difference,21359,21358
21385,25,adjacent_difference,21360,21359
21386,25,adjacent_difference,21361,21360
21387,25,adjacent_difference,21362,21361
21388,25,adjacent_difference,21363,21362
21389,25,adjacent_difference,21364,21363
21390,25,adjacent_difference,21365,21364
21391,25,adjacent_difference,21366,21365
21392,25,adjacent_difference,21367,21366
21393,25,adjacent_difference,21368,21367
21394,25,adjacent_difference,21369,21368
21395,25,adjacent_difference,21370,21369
21396,25,adjacent_difference,21371,21370
21397,25,adjacent_difference,21372,21371
21398,25,adjacent_difference,21373,21372
21399,25,adjacent_difference,21374,21373
21400,25,adjacent_difference,21375,21374
21401,25,adjacent_difference,21376,21375
21402,25,adjacent_difference,21377,21376
21403,25,adjacent_difference,21378,21377
21404,25,adjacent_difference,21379,21378
21405,25,adjacent_difference,21380,21379
21406,25,adjacent_difference,21381,21380
21407,25,adjacent_difference,21382,21381
21408,25,adjacent_difference,21383,21382
21409,25,adjacent_difference,21384,21383
21410,25,adjacent_difference,21385,21384
21411,25,adjacent_difference,21386,21385
21412,25,adjacent_difference,21387,21386
21413,25,adjacent_difference,21388,21387
21414,25,adjacent_difference,21389,21388
21415,25,adjacent_difference,21390,21389
21416,25,adjacent_difference,21391,21390
21417,25,adjacent_difference,21392,21391
21418,25,adjacent_difference,21393,21392
21419,25,adjacent_difference,21394,21393
21420,25,adjacent_difference,21395,21394
21421,25,adjacent_difference,21396,21395
21422,25,adjacent_difference,21397,21396
21423,25,adjacent_difference,21398,21397
21424,25,adjacent_difference,21399,21398
21425,25,adjacent_difference,21400,21399
21426,25,adjacent_difference,21401,21400
21427,25,adjacent_difference,21402,21401
21428,25,adjacent_difference,21403,21402
21429,25,adjacent_difference,21404,21403
21430,25,adjacent_difference,21405,21404
21431,25,adjacent_difference,21406,21405
21432,25,adjacent_difference,21407,21406
21433,25,adjacent_difference,21408,21407
21434,25,adjacent_difference,21409,21408
21435,25,adjacent_difference,21410,21409
21436,25,adjacent_difference,21411,21410
21437,25,adjacent_difference,21412,21411
21438,25,adjacent_difference,21413,21412
21439,25,adjacent_difference,21414,21413
21440,25,adjacent_difference,21415,21414
21441,25,adjacent_difference,21416,21415
21442,25,adjacent_difference,21417,21416
21443,25,adjacent_difference,21418,21417
21444,25,adjacent_difference,21419,21418
21445,25,adjacent_difference,21420,21419
21446,25,adjacent_difference,21421,21420
21447,25,adjacent_difference,21422,21421
21448,25,adjacent_difference,21423,21422
21449,25,adjacent_difference,21424,21423
21450,25,adjacent_difference,21425,21424
21451,25,adjacent_difference,21426,21425
21452,25,adjacent_difference,21427,21426
21453,25,adjacent_difference,21428,21427
21454,25,adjacent_difference,21429,21428
21455,25,adjacent_difference,21430,21429
21456,25,adjacent_difference,21431,21430
21457,25,adjacent_difference,21432,21431
21458,25,adjacent_difference,21433,21432
21459,25,adjacent_difference,21434,21433
21460,25,adjacent_difference,21435,21434
21461,25,adjacent_difference,21436,21435
21462,25,adjacent_difference,21437,21436
21463,25,adjacent_difference,21438,21437
21464,25,adjacent_difference,21439,21438
21465,25,adjacent_difference,21440,21439
21466,25,adjacent_difference,21441,21440
21467,25,adjacent_difference,21442,21441
21468,25,adjacent_difference,21443,21442
21469,25,adjacent_difference,21444,21443
21470,25,adjacent_difference,21445,21444
21471,25,adjacent_difference,21446,21445
21472,25,adjacent_difference,21447,21446
21473,25,adjacent_difference,21448,21447
21474,25,adjacent_difference,21449,21448
21475,25,adjacent_difference,21450,21449
21476,25,adjacent_difference,21451,21450
21477,25,adjacent_difference,21452,21451
21478,25,adjacent_difference,21453,21452
21479,25,adjacent_difference,21454,21453
21480,25,adjacent_difference,21455,21454
21481,25,adjacent_difference,21456,21455
21482,25,adjacent_difference,21457,21456
21483,25,adjacent_difference,21458,21457
21484,25,adjacent_difference,21459,21458
21485,25,adjacent_difference,21460,21459
21486,25,adjacent_difference,21461,21460
21487,25,adjacent_difference,21462,21461
21488,25,adjacent_difference,21463,21462
21489,25,adjacent_difference,21464,21463
21490,25,adjacent_difference,21465,21464
21491,25,adjacent_difference,21466,21465
21492,25,adjacent_difference,21467,21466
21493,25,adjacent_difference,21468,21467
21494,25,adjacent_difference,21469,21468
21495,25,adjacent_difference,21470,21469
21496,25,adjacent_difference,21471,21470
21497,25,adjacent_difference,21472,21471
21498,25,adjacent_difference,21473,21472
21499,25,adjacent_difference,21474,21473
21500,25,adjacent_difference,21475,21474
21501,25,adjacent_difference,21476,21475
21502,25,adjacent_difference,21477,21476
21503,25,adjacent_difference,21478,21477
21504,25,adjacent_difference,21479,21478
21505,25,adjacent_difference,21480,21479
21506,25,adjacent_difference,21481,21480
21507,25,adjacent_difference,21482,21481
21508,25,adjacent_difference,21483,21482
21509,25,adjacent_difference,21484,21483
21510,25,adjacent_difference,21485,21484
21511,25,adjacent_difference,21486,21485
21512,25,adjacent_difference,21487,21486
21513,25,adjacent_difference,21488,21487
21514,25,adjacent_difference,21489,21488
21515,25,adjacent_difference,21490,21489
21516,25,adjacent_difference,21491,21490
21517,25,adjacent_difference,21492,21491
21518,25,adjacent_difference,21493,21492
21519,25,adjacent_difference,21494,21493
21520,25,adjacent_difference,21495,21494
21521,25,adjacent_difference,21496,21495
21522,25,adjacent_difference,21497,21496
21523,25,adjacent_difference,21498,21497
21524,25,adjacent_difference,21499,21498
21525,25,adjacent_difference,21500,21499
21526,25,adjacent_difference,21501,21500
21527,25,adjacent_difference,21502,21501
21528,25,adjacent_difference,21503,21502
21529,25,adjacent_difference,21504,21503
21530,25,adjacent_difference,21505,21504
21531,25,adjacent_difference,21506,21505
21532,25,adjacent_difference,21507,21506
21533,25,adjacent_difference,21508,21507
21534,25,adjacent_difference,21509,21508
21535,25,adjacent_difference,21510,21509
21536,25,adjacent_difference,21511,21510
21537,25,adjacent_difference,21512,21511
21538,25,adjacent_difference,21513,21512
21539,25,adjacent_difference,21514,21513
21540,25,adjacent_difference,21515,21514
21541,25,adjacent_difference,21516,21515
21542,25,adjacent_difference,21517,21516
21543,25,adjacent_difference,21518,21517
21544,25,adjacent_difference,21519,21518
21545,25,adjacent_difference,21520,21519
21546,25,adjacent_difference,21521,21520
21547,25,adjacent_difference,21522,21521
21548,25,adjacent_difference,21523,21522
21549,25,adjacent_difference,21524,21523
21550,25,adjacent_difference,21525,21524
21551,25,adjacent_difference,21526,21525
21552,25,adjacent_difference,21527,21526
21553,25,adjacent_difference,21528,21527
21554,25,adjacent_difference,21529,21528
21555,25,adjacent_difference,21530,21529
21556,25,adjacent_difference,21531,21530
21557,25,adjacent_difference,21532,21531
21558,25,adjacent_difference,21533,21532
21559,25,adjacent_difference,21534,21533
21560,25,adjacent_difference,21535,21534
21561,25,adjacent_difference,21536,21535
21562,25,adjacent_difference,21537,21536
21563,25,adjacent_difference,21538,21537
21564,25,adjacent_difference,21539,21538
21565,25,adjacent_difference,21540,21539
21566,25,adjacent_difference,21541,21540
21567,25,adjacent_difference,21542,21541
21568,25,adjacent_difference,21543,21542
21569,25,adjacent_difference,21544,21543
21570,25,adjacent_difference,21545,21544
21571,25,adjacent_difference,21546,21545
21572,25,adjacent_difference,21547,21546
21573,25,adjacent_difference,21548,21547
21574,25,adjacent_difference,21549,21548
21575,25,adjacent_difference,21550,21549
21576,25,adjacent_difference,21551,21550
21577,25,adjacent_difference,21552,21551
21578,25,adjacent_difference,21553,21552
21579,25,adjacent_difference,21554,21553
21580,25,adjacent_difference,21555,21554
21581,25,adjacent_difference,21556,21555
21582,25,adjacent_difference,21557,21556
21583,25,adjacent_difference,21558,21557
21584,25,adjacent_difference,21559,21558
21585,25,adjacent_difference,21560,21559
21586,25,adjacent_difference,21561,21560
21587,25,adjacent_difference,21562,21561
21588,25,adjacent_difference,21563,21562
21589,25,adjacent_difference,21564,21563
21590,25,adjacent_difference,21565,21564
21591,25,adjacent_difference,21566,21565
21592,25,adjacent_difference,21567,21566
21593,25,adjacent_difference,21568,21567
21594,25,adjacent_difference,21569,21568
21595,25,adjacent_difference,21570,21569
21596,25,adjacent_difference,21571,21570
21597,25,adjacent_difference,21572,21571
21598,25,adjacent_difference,21573,21572
21599,25,adjacent_difference,21574,21573
21600,25,adjacent_difference,21575,21574
21601,25,adjacent_difference,21576,21575
21602,25,adjacent_difference,21577,21576
21603,25,adjacent_difference,21578,21577
21604,25,adjacent_difference,21579,21578
21605,25,adjacent_difference,21580,21579
21606,25,adjacent_difference,21581,21580
21607,25,adjacent_difference,21582,21581
21608,25,adjacent_difference,21583,21582
21609,25,adjacent_difference,21584,21583
21610,25,adjacent_difference,21585,21584
21611,25,adjacent_difference,21586,21585
21612,25,adjacent_difference,21587,21586
21613,25,adjacent_difference,21588,21587
21614,25,adjacent_difference,21589,21588
21615,25,adjacent_difference,21590,21589
21616,25,adjacent_difference,21591,21590
21617,25,adjacent_difference,21592,21591
21618,25,adjacent_difference,21593,21592
21619,25,adjacent_difference,21594,21593
21620,25,adjacent_difference,21595,21594
21621,25,adjacent_difference,21596,21595
21622,25,adjacent_difference,21597,21596
21623,25,adjacent_difference,21598,21597
21624,25,adjacent_difference,21599,21598
21625,25,adjacent_difference,21600,21599
21626,25,adjacent_difference,21601,21600
21627,25,adjacent_difference,21602,21601
21628,25,adjacent_difference,21603,21602
21629,25,adjacent_difference,21604,21603
21630,25,adjacent_difference,21605,21604
21631,25,adjacent_difference,21606,21605
21632,25,adjacent_difference,21607,21606
21633,25,adjacent_difference,21608,21607
21634,25,adjacent_difference,21609,21608
21635,25,adjacent_difference,21610,21609
21636,25,adjacent_difference,21611,21610
21637,25,adjacent_difference,21612,21611
21638,25,adjacent_difference,21613,21612
21639,25,adjacent_difference,21614,21613
21640,25,adjacent_difference,21615,21614
21641,25,adjacent_difference,21616,21615
21642,25,adjacent_difference,21617,21616
21643,25,adjacent_difference,21618,21617
21644,25,adjacent_difference,21619,21618
21645,25,adjacent_difference,21620,21619
21646,25,adjacent_difference,21621,21620
21647,25,adjacent_difference,21622,21621
21648,25,adjacent_difference,21623,21622
21649,25,adjacent_difference,21624,21623
21650,25,adjacent_difference,21625,21624
21651,25,adjacent_difference,21626,21625
21652,25,adjacent_difference,21627,21626
21653,25,adjacent_difference,21628,21627
21654,25,adjacent_difference,21629,21628
21655,25,adjacent_difference,21630,21629
21656,25,adjacent_difference,21631,21630
21657,25,adjacent_difference,21632,21631
21658,25,adjacent_difference,21633,21632
21659,25,adjacent_difference,21634,21633
21660,25,adjacent_difference,21635,21634
21661,25,adjacent_difference,21636,21635
21662,25,adjacent_difference,21637,21636
21663,25,adjacent_difference,21638,21637
21664,25,adjacent_difference,21639,21638
21665,25,adjacent_difference,21640,21639
21666,25,adjacent_difference,21641,21640
21667,25,adjacent_difference,21642,21641
21668,25,adjacent_difference,21643,21642
21669,25,adjacent_difference,21644,21643
21670,25,adjacent_difference,21645,21644
21671,25,adjacent_difference,21646,21645
21672,25,adjacent_difference,21647,21646
21673,25,adjacent_difference,21648,21647
21674,25,adjacent_difference,21649,21648
21675,25,adjacent_difference,21650,21649
21676,25,adjacent_difference,21651,21650
21677,25,adjacent_difference,21652,21651
21678,25,adjacent_difference,21653,21652
21679,25,adjacent_difference,21654,21653
21680,25,adjacent_difference,21655,21654
21681,25,adjacent_difference,21656,21655
21682,25,adjacent_difference,21657,21656
21683,25,adjacent_difference,21658,21657
21684,25,adjacent_difference,21659,21658
21685,25,adjacent_difference,21660,21659
21686,25,adjacent_difference,21661,21660
21687,25,adjacent_difference,21662,21661
21688,25,adjacent_difference,21663,21662
21689,25,adjacent_difference,21664,21663
21690,25,adjacent_difference,21665,21664
21691,25,adjacent_difference,21666,21665
21692,25,adjacent_difference,21667,21666
21693,25,adjacent_difference,21668,21667
21694,25,adjacent_difference,21669,21668
21695,25,adjacent_difference,21670,21669
21696,25,adjacent_difference,21671,21670
21697,25,adjacent_difference,21672,21671
21698,25,adjacent_difference,21673,21672
21699,25,adjacent_difference,21674,21673
21700,25,adjacent_difference,21675,21674
21701,25,adjacent_difference,21676,21675
21702,25,adjacent_difference,21677,21676
21703,25,adjacent_difference,21678,21677
21704,25,adjacent_difference,21679,21678
21705,25,adjacent_difference,21680,21679
21706,25,adjacent_difference,21681,21680
21707,25,adjacent_difference,21682,21681
21708,25,adjacent_difference,21683,21682
21709,25,adjacent_difference,21684,21683
21710,25,adjacent_difference,21685,21684
21711,25,adjacent_difference,21686,21685
21712,25,adjacent_difference,21687,21686
21713,25,adjacent_difference,21688,21687
21714,25,adjacent_difference,21689,21688
21715,25,adjacent_difference,21690,21689
21716,25,adjacent_difference,21691,21690
21717,25,adjacent_difference,21692,21691
21718,25,adjacent_difference,21693,21692
21719,25,adjacent_difference,21694,21693
21720,25,adjacent_difference,21695,21694
21721,25,adjacent_difference,21696,21695
21722,25,adjacent_difference,21697,21696
21723,25,adjacent_difference,21698,21697
21724,25,adjacent_difference,21699,21698
21725,25,adjacent_difference,21700,21699
21726,25,adjacent_difference,21701,21700
21727,25,adjacent_difference,21702,21701
21728,25,adjacent_difference,21703,21702
21729,25,adjacent_difference,21704,21703
21730,25,adjacent_difference,21705,21704
21731,25,adjacent_difference,21706,21705
21732,25,adjacent_difference,21707,21706
21733,25,adjacent_difference,21708,21707
21734,25,adjacent_difference,21709,21708
21735,25,adjacent_difference,21710,21709
21736,25,adjacent_difference,21711,21710
21737,25,adjacent_difference,21712,21711
21738,25,adjacent_difference,21713,21712
21739,25,adjacent_difference,21714,21713
21740,25,adjacent_difference,21715,21714
21741,25,adjacent_difference,21716,21715
21742,25,adjacent_difference,21717,21716
21743,25,adjacent_difference,21718,21717
21744,25,adjacent_difference,21719,21718
21745,25,adjacent_difference,21720,21719
21746,25,adjacent_difference,21721,21720
21747,25,adjacent_difference,21722,21721
21748,25,adjacent_difference,21723,21722
21749,25,adjacent_difference,21724,21723
21750,25,adjacent_difference,21725,21724
21751,25,adjacent_difference,21726,21725
21752,25,adjacent_difference,21727,21726
21753,25,adjacent_difference,21728,21727
21754,25,adjacent_difference,21729,21728
21755,25,adjacent_difference,21730,21729
21756,25,adjacent_difference,21731,21730
21757,25,adjacent_difference,21732,21731
21758,25,adjacent_difference,21733,21732
21759,25,adjacent_difference,21734,21733
21760,25,adjacent_difference,21735,21734
21761,25,adjacent_difference,21736,21735
21762,25,adjacent_difference,21737,21736
21763,25,adjacent_difference,21738,21737
21764,25,adjacent_difference,21739,21738
21765,25,adjacent_difference,21740,21739
21766,25,adjacent_difference,21741,21740
21767,25,adjacent_difference,21742,21741
21768,25,adjacent_difference,21743,21742
21769,25,adjacent_difference,21744,21743
21770,25,adjacent_difference,21745,21744
21771,25,adjacent_difference,21746,21745
21772,25,adjacent_difference,21747,21746
21773,25,adjacent_difference,21748,21747
21774,25,adjacent_difference,21749,21748
21775,25,adjacent_difference,21750,21749
21776,25,adjacent_difference,21751,21750
21777,25,adjacent_difference,21752,21751
21778,25,adjacent_difference,21753,21752
21779,25,adjacent_difference,21754,21753
21780,25,adjacent_difference,21755,21754
21781,25,adjacent_difference,21756,21755
21782,25,adjacent_difference,21757,21756
21783,25,adjacent_difference,21758,21757
21784,25,adjacent_difference,21759,21758
21785,25,adjacent_difference,21760,21759
21786,25,adjacent_difference,21761,21760
21787,25,adjacent_difference,21762,21761
21788,25,adjacent_difference,21763,21762
21789,25,adjacent_difference,21764,21763
21790,25,adjacent_difference,21765,21764
21791,25,adjacent_difference,21766,21765
21792,25,adjacent_difference,21767,21766
21793,25,adjacent_difference,21768,21767
21794,25,adjacent_difference,21769,21768
21795,25,adjacent_difference,21770,21769
21796,25,adjacent_difference,21771,21770
21797,25,adjacent_difference,21772,21771
21798,25,adjacent_difference,21773,21772
21799,25,adjacent_difference,21774,21773
21800,25,adjacent_difference,21775,21774
21801,25,adjacent_difference,21776,21775
21802,25,adjacent_difference,21777,21776
21803,25,adjacent_difference,21778,21777
21804,25,adjacent_difference,21779,21778
21805,25,adjacent_difference,21780,21779
21806,25,adjacent_difference,21781,21780
21807,25,adjacent_difference,21782,21781
21808,25,adjacent_difference,21783,21782
21809,25,adjacent_difference,21784,21783
21810,25,adjacent_difference,21785,21784
21811,25,adjacent_difference,21786,21785
21812,25,adjacent_difference,21787,21786
21813,25,adjacent_difference,21788,21787
21814,25,adjacent_difference,21789,21788
21815,25,adjacent_difference,21790,21789
21816,25,adjacent_difference,21791,21790
21817,25,adjacent_difference,21792,21791
21818,25,adjacent_difference,21793,21792
21819,25,adjacent_difference,21794,21793
21820,25,adjacent_difference,21795,21794
21821,25,adjacent_difference,21796,21795
21822,25,adjacent_difference,21797,21796
21823,25,adjacent_difference,21798,21797
21824,25,adjacent_difference,21799,21798
21825,25,adjacent_difference,21800,21799
21826,25,adjacent_difference,21801,21800
21827,25,adjacent_difference,21802,21801
21828,25,adjacent_difference,21803,21802
21829,25,adjacent_difference,21804,21803
21830,25,adjacent_difference,21805,21804
21831,25,adjacent_difference,21806,21805
21832,25,adjacent_difference,21807,21806
21833,25,adjacent_difference,21808,21807
21834,25,adjacent_difference,21809,21808
21835,25,adjacent_difference,21810,21809
21836,25,adjacent_difference,21811,21810
21837,25,adjacent_difference,21812,21811
21838,25,adjacent_difference,21813,21812
21839,25,adjacent_difference,21814,21813
21840,25,adjacent_difference,21815,21814
21841,25,adjacent_difference,21816,21815
21842,25,adjacent_difference,21817,21816
21843,25,adjacent_difference,21818,21817
21844,25,adjacent_difference,21819,21818
21845,25,adjacent_difference,21820,21819
21846,25,adjacent_difference,21821,21820
21847,25,adjacent_difference,21822,21821
21848,25,adjacent_difference,21823,21822
21849,25,adjacent_difference,21824,21823
21850,25,adjacent_difference,21825,21824
21851,25,adjacent_difference,21826,21825
21852,25,adjacent_difference,21827,21826
21853,25,adjacent_difference,21828,21827
21854,25,adjacent_difference,21829,21828
21855,25,adjacent_difference,21830,21829
21856,25,adjacent_difference,21831,21830
21857,25,adjacent_difference,21832,21831
21858,25,adjacent_difference,21833,21832
21859,25,adjacent_difference,21834,21833
21860,25,adjacent_difference,21835,21834
21861,25,adjacent_difference,21836,21835
21862,25,adjacent_difference,21837,21836
21863,25,adjacent_difference,21838,21837
21864,25,adjacent_difference,21839,21838
21865,25,adjacent_difference,21840,21839
21866,25,adjacent_difference,21841,21840
21867,25,adjacent_difference,21842,21841
21868,25,adjacent_difference,21843,21842
21869,25,adjacent_difference,21844,21843
21870,25,adjacent_difference,21845,21844
21871,25,adjacent_difference,21846,21845
21872,25,adjacent_difference,21847,21846
21873,25,adjacent_difference,21848,21847
21874,25,adjacent_difference,21849,21848
21875,25,adjacent_difference,21850,21849
21876,25,adjacent_difference,21851,21850
21877,25,adjacent_difference,21852,21851
21878,25,adjacent_difference,21853,21852
21879,25,adjacent_difference,21854,21853
21880,25,adjacent_difference,21855,21854
21881,25,adjacent_difference,21856,21855
21882,25,adjacent_difference,21857,21856
21883,25,adjacent_difference,21858,21857
21884,25,adjacent_difference,21859,21858
21885,25,adjacent_difference,21860,21859
21886,25,adjacent_difference,21861,21860
21887,25,adjacent_difference,21862,21861
21888,25,adjacent_difference,21863,21862
21889,25,adjacent_difference,21864,21863
21890,25,adjacent_difference,21865,21864
21891,25,adjacent_difference,21866,21865
21892,25,adjacent_difference,21867,21866
21893,25,adjacent_difference,21868,21867
21894,25,adjacent_difference,21869,21868
21895,25,adjacent_difference,21870,21869
21896,25,adjacent_difference,21871,21870
21897,25,adjacent_difference,21872,21871
21898,25,adjacent_difference,21873,21872
21899,25,adjacent_difference,21874,21873
21900,25,adjacent_difference,21875,21874
21901,25,adjacent_difference,21876,21875
21902,25,adjacent_difference,21877,21876
21903,25,adjacent_difference,21878,21877
21904,25,adjacent_difference,21879,21878
21905,25,adjacent_difference,21880,21879
21906,25,adjacent_difference,21881,21880
21907,25,adjacent_difference,21882,21881
21908,25,adjacent_difference,21883,21882
21909,25,adjacent_difference,21884,21883
21910,25,adjacent_difference,21885,21884
21911,25,adjacent_difference,21886,21885
21912,25,adjacent_difference,21887,21886
21913,25,adjacent_difference,21888,21887
21914,25,adjacent_difference,21889,21888
21915,25,adjacent_difference,21890,21889
21916,25,adjacent_difference,21891,21890
21917,25,adjacent_difference,21892,21891
21918,25,adjacent_difference,21893,21892
21919,25,adjacent_difference,21894,21893
21920,25,adjacent_difference,21895,21894
21921,25,adjacent_difference,21896,21895
21922,25,adjacent_difference,21897,21896
21923,25,adjacent_difference,21898,21897
21924,25,adjacent_difference,21899,21898
21925,25,adjacent_difference,21900,21899
21926,25,adjacent_difference,21901,21900
21927,25,adjacent_difference,21902,21901
21928,25,adjacent_difference,21903,21902
21929,25,adjacent_difference,21904,21903
21930,25,adjacent_difference,21905,21904
21931,25,adjacent_difference,21906,21905
21932,25,adjacent_difference,21907,21906
21933,25,adjacent_difference,21908,21907
21934,25,adjacent_difference,21909,21908
21935,25,adjacent_difference,21910,21909
21936,25,adjacent_difference,21911,21910
21937,25,adjacent_difference,21912,21911
21938,25,adjacent_difference,21913,21912
21939,25,adjacent_difference,21914,21913
21940,25,adjacent_difference,21915,21914
21941,25,adjacent_difference,21916,21915
21942,25,adjacent_difference,21917,21916
21943,25,adjacent_difference,21918,21917
21944,25,adjacent_difference,21919,21918
21945,25,adjacent_difference,21920,21919
21946,25,adjacent_difference,21921,21920
21947,25,adjacent_difference,21922,21921
21948,25,adjacent_difference,21923,21922
21949,25,adjacent_difference,21924,21923
21950,25,adjacent_difference,21925,21924
21951,25,adjacent_difference,21926,21925
21952,25,adjacent_difference,21927,21926
21953,25,adjacent_difference,21928,21927
21954,25,adjacent_difference,21929,21928
21955,25,adjacent_difference,21930,21929
21956,25,adjacent_difference,21931,21930
21957,25,adjacent_difference,21932,21931
21958,25,adjacent_difference,21933,21932
21959,25,adjacent_difference,21934,21933
21960,25,adjacent_difference,21935,21934
21961,25,adjacent_difference,21936,21935
21962,25,adjacent_difference,21937,21936
21963,25,adjacent_difference,21938,21937
21964,25,adjacent_difference,21939,21938
21965,25,adjacent_difference,21940,21939
21966,25,adjacent_difference,21941,21940
21967,25,adjacent_difference,21942,21941
21968,25,adjacent_difference,21943,21942
21969,25,adjacent_difference,21944,21943
21970,25,adjacent_difference,21945,21944
21971,25,adjacent_difference,21946,21945
21972,25,adjacent_difference,21947,21946
21973,25,adjacent_difference,21948,21947
21974,25,adjacent_difference,21949,21948
21975,25,adjacent_difference,21950,21949
21976,25,adjacent_difference,21951,21950
21977,25,adjacent_difference,21952,21951
21978,25,adjacent_difference,21953,21952
21979,25,adjacent_difference,21954,21953
21980,25,adjacent_difference,21955,21954
21981,25,adjacent_difference,21956,21955
21982,25,adjacent_difference,21957,21956
21983,25,adjacent_difference,21958,21957
21984,25,adjacent_difference,21959,21958
21985,25,adjacent_difference,21960,21959
21986,25,adjacent_difference,21961,21960
21987,25,adjacent_difference,21962,21961
21988,25,adjacent_difference,21963,21962
21989,25,adjacent_difference,21964,21963
21990,25,terminal_inverse,-1,21964
21991,26,absolute_start,21965,-1
21992,26,adjacent_difference,21966,21965
21993,26,adjacent_difference,21967,21966
21994,26,adjacent_difference,21968,21967
21995,26,adjacent_difference,21969,21968
21996,26,adjacent_difference,21970,21969
21997,26,adjacent_difference,21971,21970
21998,26,adjacent_difference,21972,21971
21999,26,adjacent_difference,21973,21972
22000,26,adjacent_difference,21974,21973
22001,26,adjacent_difference,21975,21974
22002,26,adjacent_difference,21976,21975
22003,26,adjacent_difference,21977,21976
22004,26,adjacent_difference,21978,21977
22005,26,adjacent_difference,21979,21978
22006,26,adjacent_difference,21980,21979
22007,26,adjacent_difference,21981,21980
22008,26,adjacent_difference,21982,21981
22009,26,adjacent_difference,21983,21982
22010,26,adjacent_difference,21984,21983
22011,26,adjacent_difference,21985,21984
22012,26,adjacent_difference,21986,21985
22013,26,adjacent_difference,21987,21986
22014,26,adjacent_difference,21988,21987
22015,26,adjacent_difference,21989,21988
22016,26,adjacent_difference,21990,21989
22017,26,adjacent_difference,21991,21990
22018,26,adjacent_difference,21992,21991
22019,26,adjacent_difference,21993,21992
22020,26,adjacent_difference,21994,21993
22021,26,adjacent_difference,21995,21994
22022,26,adjacent_difference,21996,21995
22023,26,adjacent_difference,21997,21996
22024,26,adjacent_difference,21998,21997
22025,26,adjacent_difference,21999,21998
22026,26,adjacent_difference,22000,21999
22027,26,adjacent_difference,22001,22000
22028,26,adjacent_difference,22002,22001
22029,26,adjacent_difference,22003,22002
22030,26,adjacent_difference,22004,22003
22031,26,adjacent_difference,22005,22004
22032,26,adjacent_difference,22006,22005
22033,26,adjacent_difference,22007,22006
22034,26,adjacent_difference,22008,22007
22035,26,adjacent_difference,22009,22008
22036,26,adjacent_difference,22010,22009
22037,26,adjacent_difference,22011,22010
22038,26,adjacent_difference,22012,22011
22039,26,adjacent_difference,22013,22012
22040,26,adjacent_difference,22014,22013
22041,26,adjacent_difference,22015,22014
22042,26,adjacent_difference,22016,22015
22043,26,adjacent_difference,22017,22016
22044,26,adjacent_difference,22018,22017
22045,26,adjacent_difference,22019,22018
22046,26,adjacent_difference,22020,22019
22047,26,adjacent_difference,22021,22020
22048,26,adjacent_difference,22022,22021
22049,26,adjacent_difference,22023,22022
22050,26,adjacent_difference,22024,22023
22051,26,adjacent_difference,22025,22024
22052,26,adjacent_difference,22026,22025
22053,26,adjacent_difference,22027,22026
22054,26,adjacent_difference,22028,22027
22055,26,adjacent_difference,22029,22028
22056,26,adjacent_difference,22030,22029
22057,26,adjacent_difference,22031,22030
22058,26,adjacent_difference,22032,22031
22059,26,adjacent_difference,22033,22032
22060,26,adjacent_difference,22034,22033
22061,26,adjacent_difference,22035,22034
22062,26,adjacent_difference,22036,22035
22063,26,adjacent_difference,22037,22036
22064,26,adjacent_difference,22038,22037
22065,26,adjacent_difference,22039,22038
22066,26,adjacent_difference,22040,22039
22067,26,adjacent_difference,22041,22040
22068,26,adjacent_difference,22042,22041
22069,26,adjacent_difference,22043,22042
22070,26,adjacent_difference,22044,22043
22071,26,adjacent_difference,22045,22044
22072,26,adjacent_difference,22046,22045
22073,26,adjacent_difference,22047,22046
22074,26,adjacent_difference,22048,22047
22075,26,adjacent_difference,22049,22048
22076,26,adjacent_difference,22050,22049
22077,26,adjacent_difference,22051,22050
22078,26,adjacent_difference,22052,22051
22079,26,adjacent_difference,22053,22052
22080,26,adjacent_difference,22054,22053
22081,26,adjacent_difference,22055,22054
22082,26,adjacent_difference,22056,22055
22083,26,adjacent_difference,22057,22056
22084,26,adjacent_difference,22058,22057
22085,26,adjacent_difference,22059,22058
22086,26,adjacent_difference,22060,22059
22087,26,adjacent_difference,22061,22060
22088,26,adjacent_difference,22062,22061
22089,26,adjacent_difference,22063,22062
22090,26,adjacent_difference,22064,22063
22091,26,adjacent_difference,22065,22064
22092,26,adjacent_difference,22066,22065
22093,26,adjacent_difference,22067,22066
22094,26,adjacent_difference,22068,22067
22095,26,adjacent_difference,22069,22068
22096,26,adjacent_difference,22070,22069
22097,26,adjacent_difference,22071,22070
22098,26,adjacent_difference,22072,22071
22099,26,adjacent_difference,22073,22072
22100,26,adjacent_difference,22074,22073
22101,26,adjacent_difference,22075,22074
22102,26,adjacent_difference,22076,22075
22103,26,adjacent_difference,22077,22076
22104,26,adjacent_difference,22078,22077
22105,26,adjacent_difference,22079,22078
22106,26,adjacent_difference,22080,22079
22107,26,adjacent_difference,22081,22080
22108,26,adjacent_difference,22082,22081
22109,26,adjacent_difference,22083,22082
22110,26,adjacent_difference,22084,22083
22111,26,adjacent_difference,22085,22084
22112,26,adjacent_difference,22086,22085
22113,26,adjacent_difference,22087,22086
22114,26,adjacent_difference,22088,22087
22115,26,adjacent_difference,22089,22088
22116,26,adjacent_difference,22090,22089
22117,26,adjacent_difference,22091,22090
22118,26,adjacent_difference,22092,22091
22119,26,adjacent_difference,22093,22092
22120,26,adjacent_difference,22094,22093
22121,26,adjacent_difference,22095,22094
22122,26,adjacent_difference,22096,22095
22123,26,adjacent_difference,22097,22096
22124,26,adjacent_difference,22098,22097
22125,26,adjacent_difference,22099,22098
22126,26,adjacent_difference,22100,22099
22127,26,adjacent_difference,22101,22100
22128,26,adjacent_difference,22102,22101
22129,26,adjacent_difference,22103,22102
22130,26,adjacent_difference,22104,22103
22131,26,adjacent_difference,22105,22104
22132,26,adjacent_difference,22106,22105
22133,26,adjacent_difference,22107,22106
22134,26,adjacent_difference,22108,22107
22135,26,adjacent_difference,22109,22108
22136,26,adjacent_difference,22110,22109
22137,26,adjacent_difference,22111,22110
22138,26,adjacent_difference,22112,22111
22139,26,adjacent_difference,22113,22112
22140,26,adjacent_difference,22114,22113
22141,26,adjacent_difference,22115,22114
22142,26,adjacent_difference,22116,22115
22143,26,adjacent_difference,22117,22116
22144,26,adjacent_difference,22118,22117
22145,26,adjacent_difference,22119,22118
22146,26,adjacent_difference,22120,22119
22147,26,adjacent_difference,22121,22120
22148,26,adjacent_difference,22122,22121
22149,26,adjacent_difference,22123,22122
22150,26,adjacent_difference,22124,22123
22151,26,adjacent_difference,22125,22124
22152,26,adjacent_difference,22126,22125
22153,26,adjacent_difference,22127,22126
22154,26,adjacent_difference,22128,22127
22155,26,adjacent_difference,22129,22128
22156,26,adjacent_difference,22130,22129
22157,26,adjacent_difference,22131,22130
22158,26,adjacent_difference,22132,22131
22159,26,adjacent_difference,22133,22132
22160,26,adjacent_difference,22134,22133
22161,26,adjacent_difference,22135,22134
22162,26,adjacent_difference,22136,22135
22163,26,adjacent_difference,22137,22136
22164,26,adjacent_difference,22138,22137
22165,26,adjacent_difference,22139,22138
22166,26,adjacent_difference,22140,22139
22167,26,adjacent_difference,22141,22140
22168,26,adjacent_difference,22142,22141
22169,26,adjacent_difference,22143,22142
22170,26,adjacent_difference,22144,22143
22171,26,adjacent_difference,22145,22144
22172,26,adjacent_difference,22146,22145
22173,26,adjacent_difference,22147,22146
22174,26,adjacent_difference,22148,22147
22175,26,adjacent_difference,22149,22148
22176,26,adjacent_difference,22150,22149
22177,26,adjacent_difference,22151,22150
22178,26,adjacent_difference,22152,22151
22179,26,adjacent_difference,22153,22152
22180,26,adjacent_difference,22154,22153
22181,26,adjacent_difference,22155,22154
22182,26,adjacent_difference,22156,22155
22183,26,adjacent_difference,22157,22156
22184,26,adjacent_difference,22158,22157
22185,26,adjacent_difference,22159,22158
22186,26,adjacent_difference,22160,22159
22187,26,adjacent_difference,22161,22160
22188,26,adjacent_difference,22162,22161
22189,26,adjacent_difference,22163,22162
22190,26,adjacent_difference,22164,22163
22191,26,adjacent_difference,22165,22164
22192,26,adjacent_difference,22166,22165
22193,26,adjacent_difference,22167,22166
22194,26,adjacent_difference,22168,22167
22195,26,adjacent_difference,22169,22168
22196,26,adjacent_difference,22170,22169
22197,26,adjacent_difference,22171,22170
22198,26,adjacent_difference,22172,22171
22199,26,adjacent_difference,22173,22172
22200,26,adjacent_difference,22174,22173
22201,26,adjacent_difference,22175,22174
22202,26,adjacent_difference,22176,22175
22203,26,adjacent_difference,22177,22176
22204,26,adjacent_difference,22178,22177
22205,26,adjacent_difference,22179,22178
22206,26,adjacent_difference,22180,22179
22207,26,adjacent_difference,22181,22180
22208,26,adjacent_difference,22182,22181
22209,26,adjacent_difference,22183,22182
22210,26,adjacent_difference,22184,22183
22211,26,adjacent_difference,22185,22184
22212,26,adjacent_difference,22186,22185
22213,26,adjacent_difference,22187,22186
22214,26,adjacent_difference,22188,22187
22215,26,adjacent_difference,22189,22188
22216,26,adjacent_difference,22190,22189
22217,26,adjacent_difference,22191,22190
22218,26,adjacent_difference,22192,22191
22219,26,adjacent_difference,22193,22192
22220,26,adjacent_difference,22194,22193
22221,26,adjacent_difference,22195,22194
22222,26,adjacent_difference,22196,22195
22223,26,adjacent_difference,22197,22196
22224,26,adjacent_difference,22198,22197
22225,26,adjacent_difference,22199,22198
22226,26,adjacent_difference,22200,22199
22227,26,adjacent_difference,22201,22200
22228,26,adjacent_difference,22202,22201
22229,26,adjacent_difference,22203,22202
22230,26,adjacent_difference,22204,22203
22231,26,adjacent_difference,22205,22204
22232,26,adjacent_difference,22206,22205
22233,26,adjacent_difference,22207,22206
22234,26,adjacent_difference,22208,22207
22235,26,adjacent_difference,22209,22208
22236,26,adjacent_difference,22210,22209
22237,26,adjacent_difference,22211,22210
22238,26,adjacent_difference,22212,22211
22239,26,adjacent_difference,22213,22212
22240,26,adjacent_difference,22214,22213
22241,26,adjacent_difference,22215,22214
22242,26,adjacent_difference,22216,22215
22243,26,adjacent_difference,22217,22216
22244,26,adjacent_difference,22218,22217
22245,26,adjacent_difference,22219,22218
22246,26,adjacent_difference,22220,22219
22247,26,adjacent_difference,22221,22220
22248,26,adjacent_difference,22222,22221
22249,26,adjacent_difference,22223,22222
22250,26,adjacent_difference,22224,22223
22251,26,adjacent_difference,22225,22224
22252,26,adjacent_difference,22226,22225
22253,26,adjacent_difference,22227,22226
22254,26,adjacent_difference,22228,22227
22255,26,adjacent_difference,22229,22228
22256,26,adjacent_difference,22230,22229
22257,26,adjacent_difference,22231,22230
22258,26,adjacent_difference,22232,22231
22259,26,adjacent_difference,22233,22232
22260,26,adjacent_difference,22234,22233
22261,26,adjacent_difference,22235,22234
22262,26,adjacent_difference,22236,22235
22263,26,adjacent_difference,22237,22236
22264,26,adjacent_difference,22238,22237
22265,26,adjacent_difference,22239,22238
22266,26,adjacent_difference,22240,22239
22267,26,adjacent_difference,22241,22240
22268,26,adjacent_difference,22242,22241
22269,26,adjacent_difference,22243,22242
22270,26,adjacent_difference,22244,22243
22271,26,adjacent_difference,22245,22244
22272,26,adjacent_difference,22246,22245
22273,26,adjacent_difference,22247,22246
22274,26,adjacent_difference,22248,22247
22275,26,adjacent_difference,22249,22248
22276,26,adjacent_difference,22250,22249
22277,26,adjacent_difference,22251,22250
22278,26,adjacent_difference,22252,22251
22279,26,adjacent_difference,22253,22252
22280,26,adjacent_difference,22254,22253
22281,26,adjacent_difference,22255,22254
22282,26,adjacent_difference,22256,22255
22283,26,adjacent_difference,22257,22256
22284,26,adjacent_difference,22258,22257
22285,26,adjacent_difference,22259,22258
22286,26,adjacent_difference,22260,22259
22287,26,adjacent_difference,22261,22260
22288,26,adjacent_difference,22262,22261
22289,26,adjacent_difference,22263,22262
22290,26,adjacent_difference,22264,22263
22291,26,adjacent_difference,22265,22264
22292,26,adjacent_difference,22266,22265
22293,26,adjacent_difference,22267,22266
22294,26,adjacent_difference,22268,22267
22295,26,adjacent_difference,22269,22268
22296,26,adjacent_difference,22270,22269
22297,26,adjacent_difference,22271,22270
22298,26,adjacent_difference,22272,22271
22299,26,adjacent_difference,22273,22272
22300,26,adjacent_difference,22274,22273
22301,26,adjacent_difference,22275,22274
22302,26,adjacent_difference,22276,22275
22303,26,adjacent_difference,22277,22276
22304,26,adjacent_difference,22278,22277
22305,26,adjacent_difference,22279,22278
22306,26,adjacent_difference,22280,22279
22307,26,adjacent_difference,22281,22280
22308,26,adjacent_difference,22282,22281
22309,26,adjacent_difference,22283,22282
22310,26,adjacent_difference,22284,22283
22311,26,adjacent_difference,22285,22284
22312,26,adjacent_difference,22286,22285
22313,26,adjacent_difference,22287,22286
22314,26,adjacent_difference,22288,22287
22315,26,adjacent_difference,22289,22288
22316,26,adjacent_difference,22290,22289
22317,26,adjacent_difference,22291,22290
22318,26,adjacent_difference,22292,22291
22319,26,adjacent_difference,22293,22292
22320,26,adjacent_difference,22294,22293
22321,26,adjacent_difference,22295,22294
22322,26,adjacent_difference,22296,22295
22323,26,adjacent_difference,22297,22296
22324,26,adjacent_difference,22298,22297
22325,26,adjacent_difference,22299,22298
22326,26,adjacent_difference,22300,22299
22327,26,adjacent_difference,22301,22300
22328,26,adjacent_difference,22302,22301
22329,26,adjacent_difference,22303,22302
22330,26,adjacent_difference,22304,22303
22331,26,adjacent_difference,22305,22304
22332,26,adjacent_difference,22306,22305
22333,26,adjacent_difference,22307,22306
22334,26,adjacent_difference,22308,22307
22335,26,adjacent_difference,22309,22308
22336,26,adjacent_difference,22310,22309
22337,26,adjacent_difference,22311,22310
22338,26,adjacent_difference,22312,22311
22339,26,adjacent_difference,22313,22312
22340,26,adjacent_difference,22314,22313
22341,26,adjacent_difference,22315,22314
22342,26,adjacent_difference,22316,22315
22343,26,adjacent_difference,22317,22316
22344,26,adjacent_difference,22318,22317
22345,26,adjacent_difference,22319,22318
22346,26,adjacent_difference,22320,22319
22347,26,adjacent_difference,22321,22320
22348,26,adjacent_difference,22322,22321
22349,26,adjacent_difference,22323,22322
22350,26,adjacent_difference,22324,22323
22351,26,adjacent_difference,22325,22324
22352,26,adjacent_difference,22326,22325
22353,26,adjacent_difference,22327,22326
22354,26,adjacent_difference,22328,22327
22355,26,adjacent_difference,22329,22328
22356,26,adjacent_difference,22330,22329
22357,26,adjacent_difference,22331,22330
22358,26,adjacent_difference,22332,22331
22359,26,adjacent_difference,22333,22332
22360,26,adjacent_difference,22334,22333
22361,26,adjacent_difference,22335,22334
22362,26,adjacent_difference,22336,22335
22363,26,adjacent_difference,22337,22336
22364,26,adjacent_difference,22338,22337
22365,26,adjacent_difference,22339,22338
22366,26,adjacent_difference,22340,22339
22367,26,adjacent_difference,22341,22340
22368,26,adjacent_difference,22342,22341
22369,26,adjacent_difference,22343,22342
22370,26,adjacent_difference,22344,22343
22371,26,adjacent_difference,22345,22344
22372,26,adjacent_difference,22346,22345
22373,26,adjacent_difference,22347,22346
22374,26,adjacent_difference,22348,22347
22375,26,adjacent_difference,22349,22348
22376,26,adjacent_difference,22350,22349
22377,26,adjacent_difference,22351,22350
22378,26,adjacent_difference,22352,22351
22379,26,adjacent_difference,22353,22352
22380,26,adjacent_difference,22354,22353
22381,26,adjacent_difference,22355,22354
22382,26,adjacent_difference,22356,22355
22383,26,adjacent_difference,22357,22356
22384,26,adjacent_difference,22358,22357
22385,26,adjacent_difference,22359,22358
22386,26,adjacent_difference,22360,22359
22387,26,adjacent_difference,22361,22360
22388,26,adjacent_difference,22362,22361
22389,26,adjacent_difference,22363,22362
22390,26,adjacent_difference,22364,22363
22391,26,adjacent_difference,22365,22364
22392,26,adjacent_difference,22366,22365
22393,26,adjacent_difference,22367,22366
22394,26,adjacent_difference,22368,22367
22395,26,adjacent_difference,22369,22368
22396,26,adjacent_difference,22370,22369
22397,26,adjacent_difference,22371,22370
22398,26,adjacent_difference,22372,22371
22399,26,adjacent_difference,22373,22372
22400,26,adjacent_difference,22374,22373
22401,26,adjacent_difference,22375,22374
22402,26,adjacent_difference,22376,22375
22403,26,adjacent_difference,22377,22376
22404,26,adjacent_difference,22378,22377
22405,26,adjacent_difference,22379,22378
22406,26,adjacent_difference,22380,22379
22407,26,adjacent_difference,22381,22380
22408,26,adjacent_difference,22382,22381
22409,26,adjacent_difference,22383,22382
22410,26,adjacent_difference,22384,22383
22411,26,adjacent_difference,22385,22384
22412,26,adjacent_difference,22386,22385
22413,26,adjacent_difference,22387,22386
22414,26,adjacent_difference,22388,22387
22415,26,adjacent_difference,22389,22388
22416,26,adjacent_difference,22390,22389
22417,26,adjacent_difference,22391,22390
22418,26,adjacent_difference,22392,22391
22419,26,adjacent_difference,22393,22392
22420,26,adjacent_difference,22394,22393
22421,26,adjacent_difference,22395,22394
22422,26,adjacent_difference,22396,22395
22423,26,adjacent_difference,22397,22396
22424,26,adjacent_difference,22398,22397
22425,26,adjacent_difference,22399,22398
22426,26,adjacent_difference,22400,22399
22427,26,adjacent_difference,22401,22400
22428,26,adjacent_difference,22402,22401
22429,26,adjacent_difference,22403,22402
22430,26,adjacent_difference,22404,22403
22431,26,adjacent_difference,22405,22404
22432,26,adjacent_difference,22406,22405
22433,26,adjacent_difference,22407,22406
22434,26,adjacent_difference,22408,22407
22435,26,adjacent_difference,22409,22408
22436,26,adjacent_difference,22410,22409
22437,26,adjacent_difference,22411,22410
22438,26,adjacent_difference,22412,22411
22439,26,adjacent_difference,22413,22412
22440,26,adjacent_difference,22414,22413
22441,26,adjacent_difference,22415,22414
22442,26,adjacent_difference,22416,22415
22443,26,adjacent_difference,22417,22416
22444,26,adjacent_difference,22418,22417
22445,26,adjacent_difference,22419,22418
22446,26,adjacent_difference,22420,22419
22447,26,adjacent_difference,22421,22420
22448,26,adjacent_difference,22422,22421
22449,26,adjacent_difference,22423,22422
22450,26,adjacent_difference,22424,22423
22451,26,adjacent_difference,22425,22424
22452,26,adjacent_difference,22426,22425
22453,26,adjacent_difference,22427,22426
22454,26,adjacent_difference,22428,22427
22455,26,adjacent_difference,22429,22428
22456,26,adjacent_difference,22430,22429
22457,26,adjacent_difference,22431,22430
22458,26,adjacent_difference,22432,22431
22459,26,adjacent_difference,22433,22432
22460,26,adjacent_difference,22434,22433
22461,26,adjacent_difference,22435,22434
22462,26,adjacent_difference,22436,22435
22463,26,adjacent_difference,22437,22436
22464,26,adjacent_difference,22438,22437
22465,26,adjacent_difference,22439,22438
22466,26,adjacent_difference,22440,22439
22467,26,adjacent_difference,22441,22440
22468,26,adjacent_difference,22442,22441
22469,26,adjacent_difference,22443,22442
22470,26,adjacent_difference,22444,22443
22471,26,adjacent_difference,22445,22444
22472,26,adjacent_difference,22446,22445
22473,26,adjacent_difference,22447,22446
22474,26,adjacent_difference,22448,22447
22475,26,adjacent_difference,22449,22448
22476,26,adjacent_difference,22450,22449
22477,26,adjacent_difference,22451,22450
22478,26,adjacent_difference,22452,22451
22479,26,adjacent_difference,22453,22452
22480,26,adjacent_difference,22454,22453
22481,26,adjacent_difference,22455,22454
22482,26,adjacent_difference,22456,22455
22483,26,adjacent_difference,22457,22456
22484,26,adjacent_difference,22458,22457
22485,26,adjacent_difference,22459,22458
22486,26,adjacent_difference,22460,22459
22487,26,adjacent_difference,22461,22460
22488,26,adjacent_difference,22462,22461
22489,26,adjacent_difference,22463,22462
22490,26,adjacent_difference,22464,22463
22491,26,adjacent_difference,22465,22464
22492,26,adjacent_difference,22466,22465
22493,26,adjacent_difference,22467,22466
22494,26,adjacent_difference,22468,22467
22495,26,adjacent_difference,22469,22468
22496,26,adjacent_difference,22470,22469
22497,26,adjacent_difference,22471,22470
22498,26,adjacent_difference,22472,22471
22499,26,adjacent_difference,22473,22472
22500,26,adjacent_difference,22474,22473
22501,26,adjacent_difference,22475,22474
22502,26,adjacent_difference,22476,22475
22503,26,adjacent_difference,22477,22476
22504,26,adjacent_difference,22478,22477
22505,26,adjacent_difference,22479,22478
22506,26,adjacent_difference,22480,22479
22507,26,adjacent_difference,22481,22480
22508,26,adjacent_difference,22482,22481
22509,26,adjacent_difference,22483,22482
22510,26,adjacent_difference,22484,22483
22511,26,adjacent_difference,22485,22484
22512,26,adjacent_difference,22486,22485
22513,26,adjacent_difference,22487,22486
22514,26,adjacent_difference,22488,22487
22515,26,adjacent_difference,22489,22488
22516,26,adjacent_difference,22490,22489
22517,26,adjacent_difference,22491,22490
22518,26,adjacent_difference,22492,22491
22519,26,adjacent_difference,22493,22492
22520,26,adjacent_difference,22494,22493
22521,26,adjacent_difference,22495,22494
22522,26,adjacent_difference,22496,22495
22523,26,adjacent_difference,22497,22496
22524,26,adjacent_difference,22498,22497
22525,26,adjacent_difference,22499,22498
22526,26,adjacent_difference,22500,22499
22527,26,adjacent_difference,22501,22500
22528,26,adjacent_difference,22502,22501
22529,26,adjacent_difference,22503,22502
22530,26,adjacent_difference,22504,22503
22531,26,adjacent_difference,22505,22504
22532,26,adjacent_difference,22506,22505
22533,26,adjacent_difference,22507,22506
22534,26,adjacent_difference,22508,22507
22535,26,adjacent_difference,22509,22508
22536,26,adjacent_difference,22510,22509
22537,26,adjacent_difference,22511,22510
22538,26,adjacent_difference,22512,22511
22539,26,adjacent_difference,22513,22512
22540,26,adjacent_difference,22514,22513
22541,26,adjacent_difference,22515,22514
22542,26,adjacent_difference,22516,22515
22543,26,adjacent_difference,22517,22516
22544,26,adjacent_difference,22518,22517
22545,26,adjacent_difference,22519,22518
22546,26,adjacent_difference,22520,22519
22547,26,adjacent_difference,22521,22520
22548,26,adjacent_difference,22522,22521
22549,26,adjacent_difference,22523,22522
22550,26,adjacent_difference,22524,22523
22551,26,adjacent_difference,22525,22524
22552,26,adjacent_difference,22526,22525
22553,26,adjacent_difference,22527,22526
22554,26,adjacent_difference,22528,22527
22555,26,adjacent_difference,22529,22528
22556,26,adjacent_difference,22530,22529
22557,26,adjacent_difference,22531,22530
22558,26,adjacent_difference,22532,22531
22559,26,adjacent_difference,22533,22532
22560,26,adjacent_difference,22534,22533
22561,26,adjacent_difference,22535,22534
22562,26,adjacent_difference,22536,22535
22563,26,adjacent_difference,22537,22536
22564,26,adjacent_difference,22538,22537
22565,26,adjacent_difference,22539,22538
22566,26,adjacent_difference,22540,22539
22567,26,adjacent_difference,22541,22540
22568,26,adjacent_difference,22542,22541
22569,26,adjacent_difference,22543,22542
22570,26,adjacent_difference,22544,22543
22571,26,adjacent_difference,22545,22544
22572,26,adjacent_difference,22546,22545
22573,26,adjacent_difference,22547,22546
22574,26,adjacent_difference,22548,22547
22575,26,adjacent_difference,22549,22548
22576,26,adjacent_difference,22550,22549
22577,26,adjacent_difference,22551,22550
22578,26,adjacent_difference,22552,22551
22579,26,adjacent_difference,22553,22552
22580,26,adjacent_difference,22554,22553
22581,26,adjacent_difference,22555,22554
22582,26,adjacent_difference,22556,22555
22583,26,adjacent_difference,22557,22556
22584,26,adjacent_difference,22558,22557
22585,26,adjacent_difference,22559,22558
22586,26,adjacent_difference,22560,22559
22587,26,adjacent_difference,22561,22560
22588,26,adjacent_difference,22562,22561
22589,26,adjacent_difference,22563,22562
22590,26,adjacent_difference,22564,22563
22591,26,adjacent_difference,22565,22564
22592,26,adjacent_difference,22566,22565
22593,26,adjacent_difference,22567,22566
22594,26,adjacent_difference,22568,22567
22595,26,adjacent_difference,22569,22568
22596,26,adjacent_difference,22570,22569
22597,26,adjacent_difference,22571,22570
22598,26,adjacent_difference,22572,22571
22599,26,adjacent_difference,22573,22572
22600,26,adjacent_difference,22574,22573
22601,26,adjacent_difference,22575,22574
22602,26,adjacent_difference,22576,22575
22603,26,adjacent_difference,22577,22576
22604,26,adjacent_difference,22578,22577
22605,26,adjacent_difference,22579,22578
22606,26,adjacent_difference,22580,22579
22607,26,adjacent_difference,22581,22580
22608,26,adjacent_difference,22582,22581
22609,26,adjacent_difference,22583,22582
22610,26,adjacent_difference,22584,22583
22611,26,adjacent_difference,22585,22584
22612,26,adjacent_difference,22586,22585
22613,26,adjacent_difference,22587,22586
22614,26,adjacent_difference,22588,22587
22615,26,adjacent_difference,22589,22588
22616,26,adjacent_difference,22590,22589
22617,26,adjacent_difference,22591,22590
22618,26,adjacent_difference,22592,22591
22619,26,adjacent_difference,22593,22592
22620,26,adjacent_difference,22594,22593
22621,26,adjacent_difference,22595,22594
22622,26,adjacent_difference,22596,22595
22623,26,adjacent_difference,22597,22596
22624,26,adjacent_difference,22598,22597
22625,26,adjacent_difference,22599,22598
22626,26,adjacent_difference,22600,22599
22627,26,adjacent_difference,22601,22600
22628,26,adjacent_difference,22602,22601
22629,26,adjacent_difference,22603,22602
22630,26,adjacent_difference,22604,22603
22631,26,adjacent_difference,22605,22604
22632,26,adjacent_difference,22606,22605
22633,26,adjacent_difference,22607,22606
22634,26,adjacent_difference,22608,22607
22635,26,adjacent_difference,22609,22608
22636,26,adjacent_difference,22610,22609
22637,26,adjacent_difference,22611,22610
22638,26,adjacent_difference,22612,22611
22639,26,adjacent_difference,22613,22612
22640,26,adjacent_difference,22614,22613
22641,26,adjacent_difference,22615,22614
22642,26,adjacent_difference,22616,22615
22643,26,adjacent_difference,22617,22616
22644,26,adjacent_difference,22618,22617
22645,26,adjacent_difference,22619,22618
22646,26,adjacent_difference,22620,22619
22647,26,adjacent_difference,22621,22620
22648,26,adjacent_difference,22622,22621
22649,26,adjacent_difference,22623,22622
22650,26,adjacent_difference,22624,22623
22651,26,adjacent_difference,22625,22624
22652,26,adjacent_difference,22626,22625
22653,26,adjacent_difference,22627,22626
22654,26,adjacent_difference,22628,22627
22655,26,adjacent_difference,22629,22628
22656,26,adjacent_difference,22630,22629
22657,26,adjacent_difference,22631,22630
22658,26,adjacent_difference,22632,22631
22659,26,adjacent_difference,22633,22632
22660,26,adjacent_difference,22634,22633
22661,26,adjacent_difference,22635,22634
22662,26,adjacent_difference,22636,22635
22663,26,adjacent_difference,22637,22636
22664,26,adjacent_difference,22638,22637
22665,26,adjacent_difference,22639,22638
22666,26,adjacent_difference,22640,22639
22667,26,adjacent_difference,22641,22640
22668,26,adjacent_difference,22642,22641
22669,26,adjacent_difference,22643,22642
22670,26,adjacent_difference,22644,22643
22671,26,adjacent_difference,22645,22644
22672,26,adjacent_difference,22646,22645
22673,26,adjacent_difference,22647,22646
22674,26,adjacent_difference,22648,22647
22675,26,adjacent_difference,22649,22648
22676,26,adjacent_difference,22650,22649
22677,26,adjacent_difference,22651,22650
22678,26,adjacent_difference,22652,22651
22679,26,adjacent_difference,22653,22652
22680,26,adjacent_difference,22654,22653
22681,26,adjacent_difference,22655,22654
22682,26,adjacent_difference,22656,22655
22683,26,adjacent_difference,22657,22656
22684,26,adjacent_difference,22658,22657
22685,26,adjacent_difference,22659,22658
22686,26,adjacent_difference,22660,22659
22687,26,adjacent_difference,22661,22660
22688,26,adjacent_difference,22662,22661
22689,26,adjacent_difference,22663,22662
22690,26,adjacent_difference,22664,22663
22691,26,adjacent_difference,22665,22664
22692,26,adjacent_difference,22666,22665
22693,26,adjacent_difference,22667,22666
22694,26,adjacent_difference,22668,22667
22695,26,adjacent_difference,22669,22668
22696,26,adjacent_difference,22670,22669
22697,26,adjacent_difference,22671,22670
22698,26,adjacent_difference,22672,22671
22699,26,adjacent_difference,22673,22672
22700,26,adjacent_difference,22674,22673
22701,26,adjacent_difference,22675,22674
22702,26,adjacent_difference,22676,22675
22703,26,adjacent_difference,22677,22676
22704,26,adjacent_difference,22678,22677
22705,26,adjacent_difference,22679,22678
22706,26,adjacent_difference,22680,22679
22707,26,adjacent_difference,22681,22680
22708,26,adjacent_difference,22682,22681
22709,26,adjacent_difference,22683,22682
22710,26,adjacent_difference,22684,22683
22711,26,adjacent_difference,22685,22684
22712,26,adjacent_difference,22686,22685
22713,26,adjacent_difference,22687,22686
22714,26,adjacent_difference,22688,22687
22715,26,adjacent_difference,22689,22688
22716,26,adjacent_difference,22690,22689
22717,26,adjacent_difference,22691,22690
22718,26,adjacent_difference,22692,22691
22719,26,adjacent_difference,22693,22692
22720,26,adjacent_difference,22694,22693
22721,26,adjacent_difference,22695,22694
22722,26,adjacent_difference,22696,22695
22723,26,adjacent_difference,22697,22696
22724,26,adjacent_difference,22698,22697
22725,26,adjacent_difference,22699,22698
22726,26,adjacent_difference,22700,22699
22727,26,adjacent_difference,22701,22700
22728,26,adjacent_difference,22702,22701
22729,26,adjacent_difference,22703,22702
22730,26,adjacent_difference,22704,22703
22731,26,adjacent_difference,22705,22704
22732,26,adjacent_difference,22706,22705
22733,26,adjacent_difference,22707,22706
22734,26,adjacent_difference,22708,22707
22735,26,adjacent_difference,22709,22708
22736,26,adjacent_difference,22710,22709
22737,26,adjacent_difference,22711,22710
22738,26,adjacent_difference,22712,22711
22739,26,adjacent_difference,22713,22712
22740,26,adjacent_difference,22714,22713
22741,26,adjacent_difference,22715,22714
22742,26,adjacent_difference,22716,22715
22743,26,adjacent_difference,22717,22716
22744,26,adjacent_difference,22718,22717
22745,26,adjacent_difference,22719,22718
22746,26,adjacent_difference,22720,22719
22747,26,adjacent_difference,22721,22720
22748,26,adjacent_difference,22722,22721
22749,26,adjacent_difference,22723,22722
22750,26,adjacent_difference,22724,22723
22751,26,adjacent_difference,22725,22724
22752,26,adjacent_difference,22726,22725
22753,26,adjacent_difference,22727,22726
22754,26,adjacent_difference,22728,22727
22755,26,adjacent_difference,22729,22728
22756,26,adjacent_difference,22730,22729
22757,26,adjacent_difference,22731,22730
22758,26,adjacent_difference,22732,22731
22759,26,adjacent_difference,22733,22732
22760,26,adjacent_difference,22734,22733
22761,26,adjacent_difference,22735,22734
22762,26,adjacent_difference,22736,22735
22763,26,adjacent_difference,22737,22736
22764,26,adjacent_difference,22738,22737
22765,26,adjacent_difference,22739,22738
22766,26,adjacent_difference,22740,22739
22767,26,adjacent_difference,22741,22740
22768,26,adjacent_difference,22742,22741
22769,26,adjacent_difference,22743,22742
22770,26,adjacent_difference,22744,22743
22771,26,adjacent_difference,22745,22744
22772,26,adjacent_difference,22746,22745
22773,26,adjacent_difference,22747,22746
22774,26,adjacent_difference,22748,22747
22775,26,adjacent_difference,22749,22748
22776,26,adjacent_difference,22750,22749
22777,26,adjacent_difference,22751,22750
22778,26,adjacent_difference,22752,22751
22779,26,adjacent_difference,22753,22752
22780,26,adjacent_difference,22754,22753
22781,26,adjacent_difference,22755,22754
22782,26,adjacent_difference,22756,22755
22783,26,adjacent_difference,22757,22756
22784,26,adjacent_difference,22758,22757
22785,26,adjacent_difference,22759,22758
22786,26,adjacent_difference,22760,22759
22787,26,adjacent_difference,22761,22760
22788,26,adjacent_difference,22762,22761
22789,26,adjacent_difference,22763,22762
22790,26,adjacent_difference,22764,22763
22791,26,adjacent_difference,22765,22764
22792,26,adjacent_difference,22766,22765
22793,26,adjacent_difference,22767,22766
22794,26,adjacent_difference,22768,22767
22795,26,adjacent_difference,22769,22768
22796,26,adjacent_difference,22770,22769
22797,26,adjacent_difference,22771,22770
22798,26,adjacent_difference,22772,22771
22799,26,adjacent_difference,22773,22772
22800,26,adjacent_difference,22774,22773
22801,26,adjacent_difference,22775,22774
22802,26,adjacent_difference,22776,22775
22803,26,adjacent_difference,22777,22776
22804,26,adjacent_difference,22778,22777
22805,26,adjacent_difference,22779,22778
22806,26,adjacent_difference,22780,22779
22807,26,adjacent_difference,22781,22780
22808,26,adjacent_difference,22782,22781
22809,26,adjacent_difference,22783,22782
22810,26,adjacent_difference,22784,22783
22811,26,adjacent_difference,22785,22784
22812,26,adjacent_difference,22786,22785
22813,26,adjacent_difference,22787,22786
22814,26,adjacent_difference,22788,22787
22815,26,adjacent_difference,22789,22788
22816,26,adjacent_difference,22790,22789
22817,26,adjacent_difference,22791,22790
22818,26,adjacent_difference,22792,22791
22819,26,adjacent_difference,22793,22792
22820,26,adjacent_difference,22794,22793
22821,26,adjacent_difference,22795,22794
22822,26,adjacent_difference,22796,22795
22823,26,adjacent_difference,22797,22796
22824,26,adjacent_difference,22798,22797
22825,26,adjacent_difference,22799,22798
22826,26,adjacent_difference,22800,22799
22827,26,adjacent_difference,22801,22800
22828,26,adjacent_difference,22802,22801
22829,26,adjacent_difference,22803,22802
22830,26,adjacent_difference,22804,22803
22831,26,adjacent_difference,22805,22804
22832,26,adjacent_difference,22806,22805
22833,26,adjacent_difference,22807,22806
22834,26,adjacent_difference,22808,22807
22835,26,terminal_inverse,-1,22808
22836,27,absolute_start,22809,-1
22837,27,adjacent_difference,22810,22809
22838,27,adjacent_difference,22811,22810
22839,27,adjacent_difference,22812,22811
22840,27,adjacent_difference,22813,22812
22841,27,adjacent_difference,22814,22813
22842,27,adjacent_difference,22815,22814
22843,27,adjacent_difference,22816,22815
22844,27,adjacent_difference,22817,22816
22845,27,adjacent_difference,22818,22817
22846,27,adjacent_difference,22819,22818
22847,27,adjacent_difference,22820,22819
22848,27,adjacent_difference,22821,22820
22849,27,adjacent_difference,22822,22821
22850,27,adjacent_difference,22823,22822
22851,27,adjacent_difference,22824,22823
22852,27,adjacent_difference,22825,22824
22853,27,adjacent_difference,22826,22825
22854,27,adjacent_difference,22827,22826
22855,27,adjacent_difference,22828,22827
22856,27,adjacent_difference,22829,22828
22857,27,adjacent_difference,22830,22829
22858,27,adjacent_difference,22831,22830
22859,27,adjacent_difference,22832,22831
22860,27,adjacent_difference,22833,22832
22861,27,adjacent_difference,22834,22833
22862,27,adjacent_difference,22835,22834
22863,27,adjacent_difference,22836,22835
22864,27,adjacent_difference,22837,22836
22865,27,adjacent_difference,22838,22837
22866,27,adjacent_difference,22839,22838
22867,27,adjacent_difference,22840,22839
22868,27,adjacent_difference,22841,22840
22869,27,adjacent_difference,22842,22841
22870,27,adjacent_difference,22843,22842
22871,27,adjacent_difference,22844,22843
22872,27,adjacent_difference,22845,22844
22873,27,adjacent_difference,22846,22845
22874,27,adjacent_difference,22847,22846
22875,27,adjacent_difference,22848,22847
22876,27,adjacent_difference,22849,22848
22877,27,adjacent_difference,22850,22849
22878,27,adjacent_difference,22851,22850
22879,27,adjacent_difference,22852,22851
22880,27,adjacent_difference,22853,22852
22881,27,adjacent_difference,22854,22853
22882,27,adjacent_difference,22855,22854
22883,27,adjacent_difference,22856,22855
22884,27,adjacent_difference,22857,22856
22885,27,adjacent_difference,22858,22857
22886,27,adjacent_difference,22859,22858
22887,27,adjacent_difference,22860,22859
22888,27,adjacent_difference,22861,22860
22889,27,adjacent_difference,22862,22861
22890,27,adjacent_difference,22863,22862
22891,27,adjacent_difference,22864,22863
22892,27,adjacent_difference,22865,22864
22893,27,adjacent_difference,22866,22865
22894,27,adjacent_difference,22867,22866
22895,27,adjacent_difference,22868,22867
22896,27,adjacent_difference,22869,22868
22897,27,adjacent_difference,22870,22869
22898,27,adjacent_difference,22871,22870
22899,27,adjacent_difference,22872,22871
22900,27,adjacent_difference,22873,22872
22901,27,adjacent_difference,22874,22873
22902,27,adjacent_difference,22875,22874
22903,27,adjacent_difference,22876,22875
22904,27,adjacent_difference,22877,22876
22905,27,adjacent_difference,22878,22877
22906,27,adjacent_difference,22879,22878
22907,27,adjacent_difference,22880,22879
22908,27,adjacent_difference,22881,22880
22909,27,adjacent_difference,22882,22881
22910,27,adjacent_difference,22883,22882
22911,27,adjacent_difference,22884,22883
22912,27,adjacent_difference,22885,22884
22913,27,adjacent_difference,22886,22885
22914,27,adjacent_difference,22887,22886
22915,27,adjacent_difference,22888,22887
22916,27,adjacent_difference,22889,22888
22917,27,adjacent_difference,22890,22889
22918,27,adjacent_difference,22891,22890
22919,27,adjacent_difference,22892,22891
22920,27,adjacent_difference,22893,22892
22921,27,adjacent_difference,22894,22893
22922,27,adjacent_difference,22895,22894
22923,27,adjacent_difference,22896,22895
22924,27,adjacent_difference,22897,22896
22925,27,adjacent_difference,22898,22897
22926,27,adjacent_difference,22899,22898
22927,27,adjacent_difference,22900,22899
22928,27,adjacent_difference,22901,22900
22929,27,adjacent_difference,22902,22901
22930,27,adjacent_difference,22903,22902
22931,27,adjacent_difference,22904,22903
22932,27,adjacent_difference,22905,22904
22933,27,adjacent_difference,22906,22905
22934,27,adjacent_difference,22907,22906
22935,27,adjacent_difference,22908,22907
22936,27,adjacent_difference,22909,22908
22937,27,adjacent_difference,22910,22909
22938,27,adjacent_difference,22911,22910
22939,27,adjacent_difference,22912,22911
22940,27,adjacent_difference,22913,22912
22941,27,adjacent_difference,22914,22913
22942,27,adjacent_difference,22915,22914
22943,27,adjacent_difference,22916,22915
22944,27,adjacent_difference,22917,22916
22945,27,adjacent_difference,22918,22917
22946,27,adjacent_difference,22919,22918
22947,27,adjacent_difference,22920,22919
22948,27,adjacent_difference,22921,22920
22949,27,adjacent_difference,22922,22921
22950,27,adjacent_difference,22923,22922
22951,27,adjacent_difference,22924,22923
22952,27,adjacent_difference,22925,22924
22953,27,adjacent_difference,22926,22925
22954,27,adjacent_difference,22927,22926
22955,27,adjacent_difference,22928,22927
22956,27,adjacent_difference,22929,22928
22957,27,adjacent_difference,22930,22929
22958,27,adjacent_difference,22931,22930
22959,27,adjacent_difference,22932,22931
22960,27,adjacent_difference,22933,22932
22961,27,adjacent_difference,22934,22933
22962,27,adjacent_difference,22935,22934
22963,27,adjacent_difference,22936,22935
22964,27,adjacent_difference,22937,22936
22965,27,adjacent_difference,22938,22937
22966,27,adjacent_difference,22939,22938
22967,27,adjacent_difference,22940,22939
22968,27,adjacent_difference,22941,22940
22969,27,adjacent_difference,22942,22941
22970,27,adjacent_difference,22943,22942
22971,27,adjacent_difference,22944,22943
22972,27,adjacent_difference,22945,22944
22973,27,adjacent_difference,22946,22945
22974,27,adjacent_difference,22947,22946
22975,27,adjacent_difference,22948,22947
22976,27,adjacent_difference,22949,22948
22977,27,adjacent_difference,22950,22949
22978,27,adjacent_difference,22951,22950
22979,27,adjacent_difference,22952,22951
22980,27,adjacent_difference,22953,22952
22981,27,adjacent_difference,22954,22953
22982,27,adjacent_difference,22955,22954
22983,27,adjacent_difference,22956,22955
22984,27,adjacent_difference,22957,22956
22985,27,adjacent_difference,22958,22957
22986,27,adjacent_difference,22959,22958
22987,27,adjacent_difference,22960,22959
22988,27,adjacent_difference,22961,22960
22989,27,adjacent_difference,22962,22961
22990,27,adjacent_difference,22963,22962
22991,27,adjacent_difference,22964,22963
22992,27,adjacent_difference,22965,22964
22993,27,adjacent_difference,22966,22965
22994,27,adjacent_difference,22967,22966
22995,27,adjacent_difference,22968,22967
22996,27,adjacent_difference,22969,22968
22997,27,adjacent_difference,22970,22969
22998,27,adjacent_difference,22971,22970
22999,27,adjacent_difference,22972,22971
23000,27,adjacent_difference,22973,22972
23001,27,adjacent_difference,22974,22973
23002,27,adjacent_difference,22975,22974
23003,27,adjacent_difference,22976,22975
23004,27,adjacent_difference,22977,22976
23005,27,adjacent_difference,22978,22977
23006,27,adjacent_difference,22979,22978
23007,27,adjacent_difference,22980,22979
23008,27,adjacent_difference,22981,22980
23009,27,adjacent_difference,22982,22981
23010,27,adjacent_difference,22983,22982
23011,27,adjacent_difference,22984,22983
23012,27,adjacent_difference,22985,22984
23013,27,adjacent_difference,22986,22985
23014,27,adjacent_difference,22987,22986
23015,27,adjacent_difference,22988,22987
23016,27,adjacent_difference,22989,22988
23017,27,adjacent_difference,22990,22989
23018,27,adjacent_difference,22991,22990
23019,27,adjacent_difference,22992,22991
23020,27,adjacent_difference,22993,22992
23021,27,adjacent_difference,22994,22993
23022,27,adjacent_difference,22995,22994
23023,27,adjacent_difference,22996,22995
23024,27,adjacent_difference,22997,22996
23025,27,adjacent_difference,22998,22997
23026,27,adjacent_difference,22999,22998
23027,27,adjacent_difference,23000,22999
23028,27,adjacent_difference,23001,23000
23029,27,adjacent_difference,23002,23001
23030,27,adjacent_difference,23003,23002
23031,27,adjacent_difference,23004,23003
23032,27,adjacent_difference,23005,23004
23033,27,adjacent_difference,23006,23005
23034,27,adjacent_difference,23007,23006
23035,27,adjacent_difference,23008,23007
23036,27,adjacent_difference,23009,23008
23037,27,adjacent_difference,23010,23009
23038,27,adjacent_difference,23011,23010
23039,27,adjacent_difference,23012,23011
23040,27,adjacent_difference,23013,23012
23041,27,adjacent_difference,23014,23013
23042,27,adjacent_difference,23015,23014
23043,27,adjacent_difference,23016,23015
23044,27,adjacent_difference,23017,23016
23045,27,adjacent_difference,23018,23017
23046,27,adjacent_difference,23019,23018
23047,27,adjacent_difference,23020,23019
23048,27,adjacent_difference,23021,23020
23049,27,adjacent_difference,23022,23021
23050,27,adjacent_difference,23023,23022
23051,27,adjacent_difference,23024,23023
23052,27,adjacent_difference,23025,23024
23053,27,adjacent_difference,23026,23025
23054,27,adjacent_difference,23027,23026
23055,27,adjacent_difference,23028,23027
23056,27,adjacent_difference,23029,23028
23057,27,adjacent_difference,23030,23029
23058,27,adjacent_difference,23031,23030
23059,27,adjacent_difference,23032,23031
23060,27,adjacent_difference,23033,23032
23061,27,adjacent_difference,23034,23033
23062,27,adjacent_difference,23035,23034
23063,27,adjacent_difference,23036,23035
23064,27,adjacent_difference,23037,23036
23065,27,adjacent_difference,23038,23037
23066,27,adjacent_difference,23039,23038
23067,27,adjacent_difference,23040,23039
23068,27,adjacent_difference,23041,23040
23069,27,adjacent_difference,23042,23041
23070,27,adjacent_difference,23043,23042
23071,27,adjacent_difference,23044,23043
23072,27,adjacent_difference,23045,23044
23073,27,adjacent_difference,23046,23045
23074,27,adjacent_difference,23047,23046
23075,27,adjacent_difference,23048,23047
23076,27,adjacent_difference,23049,23048
23077,27,adjacent_difference,23050,23049
23078,27,adjacent_difference,23051,23050
23079,27,adjacent_difference,23052,23051
23080,27,adjacent_difference,23053,23052
23081,27,adjacent_difference,23054,23053
23082,27,adjacent_difference,23055,23054
23083,27,adjacent_difference,23056,23055
23084,27,adjacent_difference,23057,23056
23085,27,adjacent_difference,23058,23057
23086,27,adjacent_difference,23059,23058
23087,27,adjacent_difference,23060,23059
23088,27,adjacent_difference,23061,23060
23089,27,adjacent_difference,23062,23061
23090,27,adjacent_difference,23063,23062
23091,27,adjacent_difference,23064,23063
23092,27,adjacent_difference,23065,23064
23093,27,adjacent_difference,23066,23065
23094,27,adjacent_difference,23067,23066
23095,27,adjacent_difference,23068,23067
23096,27,adjacent_difference,23069,23068
23097,27,adjacent_difference,23070,23069
23098,27,adjacent_difference,23071,23070
23099,27,adjacent_difference,23072,23071
23100,27,adjacent_difference,23073,23072
23101,27,adjacent_difference,23074,23073
23102,27,adjacent_difference,23075,23074
23103,27,adjacent_difference,23076,23075
23104,27,adjacent_difference,23077,23076
23105,27,adjacent_difference,23078,23077
23106,27,adjacent_difference,23079,23078
23107,27,adjacent_difference,23080,23079
23108,27,adjacent_difference,23081,23080
23109,27,adjacent_difference,23082,23081
23110,27,adjacent_difference,23083,23082
23111,27,adjacent_difference,23084,23083
23112,27,adjacent_difference,23085,23084
23113,27,adjacent_difference,23086,23085
23114,27,adjacent_difference,23087,23086
23115,27,adjacent_difference,23088,23087
23116,27,adjacent_difference,23089,23088
23117,27,adjacent_difference,23090,23089
23118,27,adjacent_difference,23091,23090
23119,27,adjacent_difference,23092,23091
23120,27,adjacent_difference,23093,23092
23121,27,adjacent_difference,23094,23093
23122,27,adjacent_difference,23095,23094
23123,27,adjacent_difference,23096,23095
23124,27,adjacent_difference,23097,23096
23125,27,adjacent_difference,23098,23097
23126,27,adjacent_difference,23099,23098
23127,27,adjacent_difference,23100,23099
23128,27,adjacent_difference,23101,23100
23129,27,adjacent_difference,23102,23101
23130,27,adjacent_difference,23103,23102
23131,27,adjacent_difference,23104,23103
23132,27,adjacent_difference,23105,23104
23133,27,adjacent_difference,23106,23105
23134,27,adjacent_difference,23107,23106
23135,27,adjacent_difference,23108,23107
23136,27,adjacent_difference,23109,23108
23137,27,adjacent_difference,23110,23109
23138,27,adjacent_difference,23111,23110
23139,27,adjacent_difference,23112,23111
23140,27,adjacent_difference,23113,23112
23141,27,adjacent_difference,23114,23113
23142,27,adjacent_difference,23115,23114
23143,27,adjacent_difference,23116,23115
23144,27,adjacent_difference,23117,23116
23145,27,adjacent_difference,23118,23117
23146,27,adjacent_difference,23119,23118
23147,27,adjacent_difference,23120,23119
23148,27,adjacent_difference,23121,23120
23149,27,adjacent_difference,23122,23121
23150,27,adjacent_difference,23123,23122
23151,27,adjacent_difference,23124,23123
23152,27,adjacent_difference,23125,23124
23153,27,adjacent_difference,23126,23125
23154,27,adjacent_difference,23127,23126
23155,27,adjacent_difference,23128,23127
23156,27,adjacent_difference,23129,23128
23157,27,adjacent_difference,23130,23129
23158,27,adjacent_difference,23131,23130
23159,27,adjacent_difference,23132,23131
23160,27,adjacent_difference,23133,23132
23161,27,adjacent_difference,23134,23133
23162,27,adjacent_difference,23135,23134
23163,27,adjacent_difference,23136,23135
23164,27,adjacent_difference,23137,23136
23165,27,adjacent_difference,23138,23137
23166,27,adjacent_difference,23139,23138
23167,27,adjacent_difference,23140,23139
23168,27,adjacent_difference,23141,23140
23169,27,adjacent_difference,23142,23141
23170,27,adjacent_difference,23143,23142
23171,27,adjacent_difference,23144,23143
23172,27,adjacent_difference,23145,23144
23173,27,adjacent_difference,23146,23145
23174,27,adjacent_difference,23147,23146
23175,27,adjacent_difference,23148,23147
23176,27,adjacent_difference,23149,23148
23177,27,adjacent_difference,23150,23149
23178,27,adjacent_difference,23151,23150
23179,27,adjacent_difference,23152,23151
23180,27,adjacent_difference,23153,23152
23181,27,adjacent_difference,23154,23153
23182,27,adjacent_difference,23155,23154
23183,27,adjacent_difference,23156,23155
23184,27,adjacent_difference,23157,23156
23185,27,adjacent_difference,23158,23157
23186,27,adjacent_difference,23159,23158
23187,27,adjacent_difference,23160,23159
23188,27,adjacent_difference,23161,23160
23189,27,adjacent_difference,23162,23161
23190,27,adjacent_difference,23163,23162
23191,27,adjacent_difference,23164,23163
23192,27,adjacent_difference,23165,23164
23193,27,adjacent_difference,23166,23165
23194,27,adjacent_difference,23167,23166
23195,27,adjacent_difference,23168,23167
23196,27,adjacent_difference,23169,23168
23197,27,adjacent_difference,23170,23169
23198,27,adjacent_difference,23171,23170
23199,27,adjacent_difference,23172,23171
23200,27,adjacent_difference,23173,23172
23201,27,adjacent_difference,23174,23173
23202,27,adjacent_difference,23175,23174
23203,27,adjacent_difference,23176,23175
23204,27,adjacent_difference,23177,23176
23205,27,adjacent_difference,23178,23177
23206,27,adjacent_difference,23179,23178
23207,27,adjacent_difference,23180,23179
23208,27,adjacent_difference,23181,23180
23209,27,adjacent_difference,23182,23181
23210,27,adjacent_difference,23183,23182
23211,27,adjacent_difference,23184,23183
23212,27,adjacent_difference,23185,23184
23213,27,adjacent_difference,23186,23185
23214,27,adjacent_difference,23187,23186
23215,27,adjacent_difference,23188,23187
23216,27,adjacent_difference,23189,23188
23217,27,adjacent_difference,23190,23189
23218,27,adjacent_difference,23191,23190
23219,27,adjacent_difference,23192,23191
23220,27,adjacent_difference,23193,23192
23221,27,adjacent_difference,23194,23193
23222,27,adjacent_difference,23195,23194
23223,27,adjacent_difference,23196,23195
23224,27,adjacent_difference,23197,23196
23225,27,adjacent_difference,23198,23197
23226,27,adjacent_difference,23199,23198
23227,27,adjacent_difference,23200,23199
23228,27,adjacent_difference,23201,23200
23229,27,adjacent_difference,23202,23201
23230,27,adjacent_difference,23203,23202
23231,27,adjacent_difference,23204,23203
23232,27,adjacent_difference,23205,23204
23233,27,adjacent_difference,23206,23205
23234,27,adjacent_difference,23207,23206
23235,27,adjacent_difference,23208,23207
23236,27,adjacent_difference,23209,23208
23237,27,adjacent_difference,23210,23209
23238,27,adjacent_difference,23211,23210
23239,27,adjacent_difference,23212,23211
23240,27,adjacent_difference,23213,23212
23241,27,adjacent_difference,23214,23213
23242,27,adjacent_difference,23215,23214
23243,27,adjacent_difference,23216,23215
23244,27,adjacent_difference,23217,23216
23245,27,adjacent_difference,23218,23217
23246,27,adjacent_difference,23219,23218
23247,27,adjacent_difference,23220,23219
23248,27,adjacent_difference,23221,23220
23249,27,adjacent_difference,23222,23221
23250,27,adjacent_difference,23223,23222
23251,27,adjacent_difference,23224,23223
23252,27,adjacent_difference,23225,23224
23253,27,adjacent_difference,23226,23225
23254,27,adjacent_difference,23227,23226
23255,27,adjacent_difference,23228,23227
23256,27,adjacent_difference,23229,23228
23257,27,adjacent_difference,23230,23229
23258,27,adjacent_difference,23231,23230
23259,27,adjacent_difference,23232,23231
23260,27,adjacent_difference,23233,23232
23261,27,adjacent_difference,23234,23233
23262,27,adjacent_difference,23235,23234
23263,27,adjacent_difference,23236,23235
23264,27,adjacent_difference,23237,23236
23265,27,adjacent_difference,23238,23237
23266,27,adjacent_difference,23239,23238
23267,27,adjacent_difference,23240,23239
23268,27,adjacent_difference,23241,23240
23269,27,adjacent_difference,23242,23241
23270,27,adjacent_difference,23243,23242
23271,27,adjacent_difference,23244,23243
23272,27,adjacent_difference,23245,23244
23273,27,adjacent_difference,23246,23245
23274,27,adjacent_difference,23247,23246
23275,27,adjacent_difference,23248,23247
23276,27,adjacent_difference,23249,23248
23277,27,adjacent_difference,23250,23249
23278,27,adjacent_difference,23251,23250
23279,27,adjacent_difference,23252,23251
23280,27,adjacent_difference,23253,23252
23281,27,adjacent_difference,23254,23253
23282,27,adjacent_difference,23255,23254
23283,27,adjacent_difference,23256,23255
23284,27,adjacent_difference,23257,23256
23285,27,adjacent_difference,23258,23257
23286,27,adjacent_difference,23259,23258
23287,27,adjacent_difference,23260,23259
23288,27,adjacent_difference,23261,23260
23289,27,adjacent_difference,23262,23261
23290,27,adjacent_difference,23263,23262
23291,27,adjacent_difference,23264,23263
23292,27,adjacent_difference,23265,23264
23293,27,adjacent_difference,23266,23265
23294,27,adjacent_difference,23267,23266
23295,27,adjacent_difference,23268,23267
23296,27,adjacent_difference,23269,23268
23297,27,adjacent_difference,23270,23269
23298,27,adjacent_difference,23271,23270
23299,27,adjacent_difference,23272,23271
23300,27,adjacent_difference,23273,23272
23301,27,adjacent_difference,23274,23273
23302,27,adjacent_difference,23275,23274
23303,27,adjacent_difference,23276,23275
23304,27,adjacent_difference,23277,23276
23305,27,adjacent_difference,23278,23277
23306,27,adjacent_difference,23279,23278
23307,27,adjacent_difference,23280,23279
23308,27,adjacent_difference,23281,23280
23309,27,adjacent_difference,23282,23281
23310,27,adjacent_difference,23283,23282
23311,27,adjacent_difference,23284,23283
23312,27,adjacent_difference,23285,23284
23313,27,adjacent_difference,23286,23285
23314,27,adjacent_difference,23287,23286
23315,27,adjacent_difference,23288,23287
23316,27,adjacent_difference,23289,23288
23317,27,adjacent_difference,23290,23289
23318,27,adjacent_difference,23291,23290
23319,27,adjacent_difference,23292,23291
23320,27,adjacent_difference,23293,23292
23321,27,adjacent_difference,23294,23293
23322,27,adjacent_difference,23295,23294
23323,27,adjacent_difference,23296,23295
23324,27,adjacent_difference,23297,23296
23325,27,adjacent_difference,23298,23297
23326,27,adjacent_difference,23299,23298
23327,27,adjacent_difference,23300,23299
23328,27,adjacent_difference,23301,23300
23329,27,adjacent_difference,23302,23301
23330,27,adjacent_difference,23303,23302
23331,27,adjacent_difference,23304,23303
23332,27,adjacent_difference,23305,23304
23333,27,adjacent_difference,23306,23305
23334,27,adjacent_difference,23307,23306
23335,27,adjacent_difference,23308,23307
23336,27,adjacent_difference,23309,23308
23337,27,adjacent_difference,23310,23309
23338,27,adjacent_difference,23311,23310
23339,27,adjacent_difference,23312,23311
23340,27,adjacent_difference,23313,23312
23341,27,adjacent_difference,23314,23313
23342,27,adjacent_difference,23315,23314
23343,27,adjacent_difference,23316,23315
23344,27,adjacent_difference,23317,23316
23345,27,adjacent_difference,23318,23317
23346,27,adjacent_difference,23319,23318
23347,27,adjacent_difference,23320,23319
23348,27,adjacent_difference,23321,23320
23349,27,adjacent_difference,23322,23321
23350,27,adjacent_difference,23323,23322
23351,27,adjacent_difference,23324,23323
23352,27,adjacent_difference,23325,23324
23353,27,adjacent_difference,23326,23325
23354,27,adjacent_difference,23327,23326
23355,27,adjacent_difference,23328,23327
23356,27,adjacent_difference,23329,23328
23357,27,adjacent_difference,23330,23329
23358,27,adjacent_difference,23331,23330
23359,27,adjacent_difference,23332,23331
23360,27,adjacent_difference,23333,23332
23361,27,adjacent_difference,23334,23333
23362,27,adjacent_difference,23335,23334
23363,27,adjacent_difference,23336,23335
23364,27,adjacent_difference,23337,23336
23365,27,adjacent_difference,23338,23337
23366,27,adjacent_difference,23339,23338
23367,27,adjacent_difference,23340,23339
23368,27,adjacent_difference,23341,23340
23369,27,adjacent_difference,23342,23341
23370,27,adjacent_difference,23343,23342
23371,27,adjacent_difference,23344,23343
23372,27,adjacent_difference,23345,23344
23373,27,adjacent_difference,23346,23345
23374,27,adjacent_difference,23347,23346
23375,27,adjacent_difference,23348,23347
23376,27,adjacent_difference,23349,23348
23377,27,adjacent_difference,23350,23349
23378,27,adjacent_difference,23351,23350
23379,27,adjacent_difference,23352,23351
23380,27,adjacent_difference,23353,23352
23381,27,adjacent_difference,23354,23353
23382,27,adjacent_difference,23355,23354
23383,27,adjacent_difference,23356,23355
23384,27,adjacent_difference,23357,23356
23385,27,adjacent_difference,23358,23357
23386,27,adjacent_difference,23359,23358
23387,27,adjacent_difference,23360,23359
23388,27,adjacent_difference,23361,23360
23389,27,adjacent_difference,23362,23361
23390,27,adjacent_difference,23363,23362
23391,27,adjacent_difference,23364,23363
23392,27,adjacent_difference,23365,23364
23393,27,adjacent_difference,23366,23365
23394,27,adjacent_difference,23367,23366
23395,27,adjacent_difference,23368,23367
23396,27,adjacent_difference,23369,23368
23397,27,adjacent_difference,23370,23369
23398,27,adjacent_difference,23371,23370
23399,27,adjacent_difference,23372,23371
23400,27,adjacent_difference,23373,23372
23401,27,adjacent_difference,23374,23373
23402,27,adjacent_difference,23375,23374
23403,27,adjacent_difference,23376,23375
23404,27,adjacent_difference,23377,23376
23405,27,adjacent_difference,23378,23377
23406,27,adjacent_difference,23379,23378
23407,27,adjacent_difference,23380,23379
23408,27,adjacent_difference,23381,23380
23409,27,adjacent_difference,23382,23381
23410,27,adjacent_difference,23383,23382
23411,27,adjacent_difference,23384,23383
23412,27,adjacent_difference,23385,23384
23413,27,adjacent_difference,23386,23385
23414,27,adjacent_difference,23387,23386
23415,27,adjacent_difference,23388,23387
23416,27,adjacent_difference,23389,23388
23417,27,adjacent_difference,23390,23389
23418,27,adjacent_difference,23391,23390
23419,27,adjacent_difference,23392,23391
23420,27,adjacent_difference,23393,23392
23421,27,adjacent_difference,23394,23393
23422,27,adjacent_difference,23395,23394
23423,27,adjacent_difference,23396,23395
23424,27,adjacent_difference,23397,23396
23425,27,adjacent_difference,23398,23397
23426,27,adjacent_difference,23399,23398
23427,27,adjacent_difference,23400,23399
23428,27,adjacent_difference,23401,23400
23429,27,adjacent_difference,23402,23401
23430,27,adjacent_difference,23403,23402
23431,27,adjacent_difference,23404,23403
23432,27,adjacent_difference,23405,23404
23433,27,adjacent_difference,23406,23405
23434,27,adjacent_difference,23407,23406
23435,27,adjacent_difference,23408,23407
23436,27,adjacent_difference,23409,23408
23437,27,adjacent_difference,23410,23409
23438,27,adjacent_difference,23411,23410
23439,27,adjacent_difference,23412,23411
23440,27,adjacent_difference,23413,23412
23441,27,adjacent_difference,23414,23413
23442,27,adjacent_difference,23415,23414
23443,27,adjacent_difference,23416,23415
23444,27,adjacent_difference,23417,23416
23445,27,adjacent_difference,23418,23417
23446,27,adjacent_difference,23419,23418
23447,27,adjacent_difference,23420,23419
23448,27,adjacent_difference,23421,23420
23449,27,adjacent_difference,23422,23421
23450,27,adjacent_difference,23423,23422
23451,27,adjacent_difference,23424,23423
23452,27,adjacent_difference,23425,23424
23453,27,adjacent_difference,23426,23425
23454,27,adjacent_difference,23427,23426
23455,27,adjacent_difference,23428,23427
23456,27,adjacent_difference,23429,23428
23457,27,adjacent_difference,23430,23429
23458,27,adjacent_difference,23431,23430
23459,27,adjacent_difference,23432,23431
23460,27,adjacent_difference,23433,23432
23461,27,adjacent_difference,23434,23433
23462,27,adjacent_difference,23435,23434
23463,27,adjacent_difference,23436,23435
23464,27,adjacent_difference,23437,23436
23465,27,adjacent_difference,23438,23437
23466,27,adjacent_difference,23439,23438
23467,27,adjacent_difference,23440,23439
23468,27,adjacent_difference,23441,23440
23469,27,adjacent_difference,23442,23441
23470,27,adjacent_difference,23443,23442
23471,27,adjacent_difference,23444,23443
23472,27,adjacent_difference,23445,23444
23473,27,adjacent_difference,23446,23445
23474,27,adjacent_difference,23447,23446
23475,27,adjacent_difference,23448,23447
23476,27,adjacent_difference,23449,23448
23477,27,adjacent_difference,23450,23449
23478,27,adjacent_difference,23451,23450
23479,27,adjacent_difference,23452,23451
23480,27,adjacent_difference,23453,23452
23481,27,adjacent_difference,23454,23453
23482,27,adjacent_difference,23455,23454
23483,27,adjacent_difference,23456,23455
23484,27,adjacent_difference,23457,23456
23485,27,adjacent_difference,23458,23457
23486,27,adjacent_difference,23459,23458
23487,27,adjacent_difference,23460,23459
23488,27,adjacent_difference,23461,23460
23489,27,adjacent_difference,23462,23461
23490,27,adjacent_difference,23463,23462
23491,27,adjacent_difference,23464,23463
23492,27,adjacent_difference,23465,23464
23493,27,adjacent_difference,23466,23465
23494,27,adjacent_difference,23467,23466
23495,27,adjacent_difference,23468,23467
23496,27,adjacent_difference,23469,23468
23497,27,adjacent_difference,23470,23469
23498,27,adjacent_difference,23471,23470
23499,27,adjacent_difference,23472,23471
23500,27,adjacent_difference,23473,23472
23501,27,adjacent_difference,23474,23473
23502,27,adjacent_difference,23475,23474
23503,27,adjacent_difference,23476,23475
23504,27,adjacent_difference,23477,23476
23505,27,adjacent_difference,23478,23477
23506,27,adjacent_difference,23479,23478
23507,27,adjacent_difference,23480,23479
23508,27,adjacent_difference,23481,23480
23509,27,adjacent_difference,23482,23481
23510,27,adjacent_difference,23483,23482
23511,27,adjacent_difference,23484,23483
23512,27,adjacent_difference,23485,23484
23513,27,adjacent_difference,23486,23485
23514,27,adjacent_difference,23487,23486
23515,27,adjacent_difference,23488,23487
23516,27,adjacent_difference,23489,23488
23517,27,adjacent_difference,23490,23489
23518,27,adjacent_difference,23491,23490
23519,27,adjacent_difference,23492,23491
23520,27,adjacent_difference,23493,23492
23521,27,adjacent_difference,23494,23493
23522,27,adjacent_difference,23495,23494
23523,27,adjacent_difference,23496,23495
23524,27,adjacent_difference,23497,23496
23525,27,adjacent_difference,23498,23497
23526,27,adjacent_difference,23499,23498
23527,27,adjacent_difference,23500,23499
23528,27,adjacent_difference,23501,23500
23529,27,adjacent_difference,23502,23501
23530,27,adjacent_difference,23503,23502
23531,27,adjacent_difference,23504,23503
23532,27,adjacent_difference,23505,23504
23533,27,adjacent_difference,23506,23505
23534,27,adjacent_difference,23507,23506
23535,27,adjacent_difference,23508,23507
23536,27,adjacent_difference,23509,23508
23537,27,adjacent_difference,23510,23509
23538,27,adjacent_difference,23511,23510
23539,27,adjacent_difference,23512,23511
23540,27,adjacent_difference,23513,23512
23541,27,adjacent_difference,23514,23513
23542,27,adjacent_difference,23515,23514
23543,27,adjacent_difference,23516,23515
23544,27,adjacent_difference,23517,23516
23545,27,adjacent_difference,23518,23517
23546,27,adjacent_difference,23519,23518
23547,27,adjacent_difference,23520,23519
23548,27,adjacent_difference,23521,23520
23549,27,adjacent_difference,23522,23521
23550,27,adjacent_difference,23523,23522
23551,27,adjacent_difference,23524,23523
23552,27,adjacent_difference,23525,23524
23553,27,adjacent_difference,23526,23525
23554,27,adjacent_difference,23527,23526
23555,27,adjacent_difference,23528,23527
23556,27,adjacent_difference,23529,23528
23557,27,adjacent_difference,23530,23529
23558,27,adjacent_difference,23531,23530
23559,27,adjacent_difference,23532,23531
23560,27,adjacent_difference,23533,23532
23561,27,adjacent_difference,23534,23533
23562,27,adjacent_difference,23535,23534
23563,27,adjacent_difference,23536,23535
23564,27,adjacent_difference,23537,23536
23565,27,adjacent_difference,23538,23537
23566,27,adjacent_difference,23539,23538
23567,27,adjacent_difference,23540,23539
23568,27,adjacent_difference,23541,23540
23569,27,adjacent_difference,23542,23541
23570,27,adjacent_difference,23543,23542
23571,27,adjacent_difference,23544,23543
23572,27,adjacent_difference,23545,23544
23573,27,adjacent_difference,23546,23545
23574,27,adjacent_difference,23547,23546
23575,27,adjacent_difference,23548,23547
23576,27,adjacent_difference,23549,23548
23577,27,adjacent_difference,23550,23549
23578,27,adjacent_difference,23551,23550
23579,27,adjacent_difference,23552,23551
23580,27,adjacent_difference,23553,23552
23581,27,adjacent_difference,23554,23553
23582,27,adjacent_difference,23555,23554
23583,27,adjacent_difference,23556,23555
23584,27,adjacent_difference,23557,23556
23585,27,adjacent_difference,23558,23557
23586,27,adjacent_difference,23559,23558
23587,27,adjacent_difference,23560,23559
23588,27,adjacent_difference,23561,23560
23589,27,adjacent_difference,23562,23561
23590,27,adjacent_difference,23563,23562
23591,27,adjacent_difference,23564,23563
23592,27,adjacent_difference,23565,23564
23593,27,adjacent_difference,23566,23565
23594,27,adjacent_difference,23567,23566
23595,27,adjacent_difference,23568,23567
23596,27,adjacent_difference,23569,23568
23597,27,adjacent_difference,23570,23569
23598,27,adjacent_difference,23571,23570
23599,27,adjacent_difference,23572,23571
23600,27,adjacent_difference,23573,23572
23601,27,adjacent_difference,23574,23573
23602,27,adjacent_difference,23575,23574
23603,27,adjacent_difference,23576,23575
23604,27,adjacent_difference,23577,23576
23605,27,adjacent_difference,23578,23577
23606,27,adjacent_difference,23579,23578
23607,27,adjacent_difference,23580,23579
23608,27,adjacent_difference,23581,23580
23609,27,adjacent_difference,23582,23581
23610,27,adjacent_difference,23583,23582
23611,27,adjacent_difference,23584,23583
23612,27,adjacent_difference,23585,23584
23613,27,adjacent_difference,23586,23585
23614,27,adjacent_difference,23587,23586
23615,27,adjacent_difference,23588,23587
23616,27,adjacent_difference,23589,23588
23617,27,adjacent_difference,23590,23589
23618,27,adjacent_difference,23591,23590
23619,27,adjacent_difference,23592,23591
23620,27,adjacent_difference,23593,23592
23621,27,adjacent_difference,23594,23593
23622,27,adjacent_difference,23595,23594
23623,27,adjacent_difference,23596,23595
23624,27,adjacent_difference,23597,23596
23625,27,adjacent_difference,23598,23597
23626,27,adjacent_difference,23599,23598
23627,27,adjacent_difference,23600,23599
23628,27,adjacent_difference,23601,23600
23629,27,adjacent_difference,23602,23601
23630,27,adjacent_difference,23603,23602
23631,27,adjacent_difference,23604,23603
23632,27,adjacent_difference,23605,23604
23633,27,adjacent_difference,23606,23605
23634,27,adjacent_difference,23607,23606
23635,27,adjacent_difference,23608,23607
23636,27,adjacent_difference,23609,23608
23637,27,adjacent_difference,23610,23609
23638,27,adjacent_difference,23611,23610
23639,27,adjacent_difference,23612,23611
23640,27,adjacent_difference,23613,23612
23641,27,adjacent_difference,23614,23613
23642,27,adjacent_difference,23615,23614
23643,27,adjacent_difference,23616,23615
23644,27,adjacent_difference,23617,23616
23645,27,adjacent_difference,23618,23617
23646,27,adjacent_difference,23619,23618
23647,27,adjacent_difference,23620,23619
23648,27,adjacent_difference,23621,23620
23649,27,adjacent_difference,23622,23621
23650,27,adjacent_difference,23623,23622
23651,27,adjacent_difference,23624,23623
23652,27,adjacent_difference,23625,23624
23653,27,adjacent_difference,23626,23625
23654,27,adjacent_difference,23627,23626
23655,27,adjacent_difference,23628,23627
23656,27,adjacent_difference,23629,23628
23657,27,adjacent_difference,23630,23629
23658,27,adjacent_difference,23631,23630
23659,27,adjacent_difference,23632,23631
23660,27,adjacent_difference,23633,23632
23661,27,adjacent_difference,23634,23633
23662,27,adjacent_difference,23635,23634
23663,27,adjacent_difference,23636,23635
23664,27,adjacent_difference,23637,23636
23665,27,adjacent_difference,23638,23637
23666,27,adjacent_difference,23639,23638
23667,27,adjacent_difference,23640,23639
23668,27,adjacent_difference,23641,23640
23669,27,adjacent_difference,23642,23641
23670,27,adjacent_difference,23643,23642
23671,27,adjacent_difference,23644,23643
23672,27,adjacent_difference,23645,23644
23673,27,adjacent_difference,23646,23645
23674,27,adjacent_difference,23647,23646
23675,27,adjacent_difference,23648,23647
23676,27,adjacent_difference,23649,23648
23677,27,adjacent_difference,23650,23649
23678,27,adjacent_difference,23651,23650
23679,27,adjacent_difference,23652,23651
23680,27,terminal_inverse,-1,23652
23681,28,absolute_start,23653,-1
23682,28,adjacent_difference,23654,23653
23683,28,adjacent_difference,23655,23654
23684,28,adjacent_difference,23656,23655
23685,28,adjacent_difference,23657,23656
23686,28,adjacent_difference,23658,23657
23687,28,adjacent_difference,23659,23658
23688,28,adjacent_difference,23660,23659
23689,28,adjacent_difference,23661,23660
23690,28,adjacent_difference,23662,23661
23691,28,adjacent_difference,23663,23662
23692,28,adjacent_difference,23664,23663
23693,28,adjacent_difference,23665,23664
23694,28,adjacent_difference,23666,23665
23695,28,adjacent_difference,23667,23666
23696,28,adjacent_difference,23668,23667
23697,28,adjacent_difference,23669,23668
23698,28,adjacent_difference,23670,23669
23699,28,adjacent_difference,23671,23670
23700,28,adjacent_difference,23672,23671
23701,28,adjacent_difference,23673,23672
23702,28,adjacent_difference,23674,23673
23703,28,adjacent_difference,23675,23674
23704,28,adjacent_difference,23676,23675
23705,28,adjacent_difference,23677,23676
23706,28,adjacent_difference,23678,23677
23707,28,adjacent_difference,23679,23678
23708,28,adjacent_difference,23680,23679
23709,28,adjacent_difference,23681,23680
23710,28,adjacent_difference,23682,23681
23711,28,adjacent_difference,23683,23682
23712,28,adjacent_difference,23684,23683
23713,28,adjacent_difference,23685,23684
23714,28,adjacent_difference,23686,23685
23715,28,adjacent_difference,23687,23686
23716,28,adjacent_difference,23688,23687
23717,28,adjacent_difference,23689,23688
23718,28,adjacent_difference,23690,23689
23719,28,adjacent_difference,23691,23690
23720,28,adjacent_difference,23692,23691
23721,28,adjacent_difference,23693,23692
23722,28,adjacent_difference,23694,23693
23723,28,adjacent_difference,23695,23694
23724,28,adjacent_difference,23696,23695
23725,28,adjacent_difference,23697,23696
23726,28,adjacent_difference,23698,23697
23727,28,adjacent_difference,23699,23698
23728,28,adjacent_difference,23700,23699
23729,28,adjacent_difference,23701,23700
23730,28,adjacent_difference,23702,23701
23731,28,adjacent_difference,23703,23702
23732,28,adjacent_difference,23704,23703
23733,28,adjacent_difference,23705,23704
23734,28,adjacent_difference,23706,23705
23735,28,adjacent_difference,23707,23706
23736,28,adjacent_difference,23708,23707
23737,28,adjacent_difference,23709,23708
23738,28,adjacent_difference,23710,23709
23739,28,adjacent_difference,23711,23710
23740,28,adjacent_difference,23712,23711
23741,28,adjacent_difference,23713,23712
23742,28,adjacent_difference,23714,23713
23743,28,adjacent_difference,23715,23714
23744,28,adjacent_difference,23716,23715
23745,28,adjacent_difference,23717,23716
23746,28,adjacent_difference,23718,23717
23747,28,adjacent_difference,23719,23718
23748,28,adjacent_difference,23720,23719
23749,28,adjacent_difference,23721,23720
23750,28,adjacent_difference,23722,23721
23751,28,adjacent_difference,23723,23722
23752,28,adjacent_difference,23724,23723
23753,28,adjacent_difference,23725,23724
23754,28,adjacent_difference,23726,23725
23755,28,adjacent_difference,23727,23726
23756,28,adjacent_difference,23728,23727
23757,28,adjacent_difference,23729,23728
23758,28,adjacent_difference,23730,23729
23759,28,adjacent_difference,23731,23730
23760,28,adjacent_difference,23732,23731
23761,28,adjacent_difference,23733,23732
23762,28,adjacent_difference,23734,23733
23763,28,adjacent_difference,23735,23734
23764,28,adjacent_difference,23736,23735
23765,28,adjacent_difference,23737,23736
23766,28,adjacent_difference,23738,23737
23767,28,adjacent_difference,23739,23738
23768,28,adjacent_difference,23740,23739
23769,28,adjacent_difference,23741,23740
23770,28,adjacent_difference,23742,23741
23771,28,adjacent_difference,23743,23742
23772,28,adjacent_difference,23744,23743
23773,28,adjacent_difference,23745,23744
23774,28,adjacent_difference,23746,23745
23775,28,adjacent_difference,23747,23746
23776,28,adjacent_difference,23748,23747
23777,28,adjacent_difference,23749,23748
23778,28,adjacent_difference,23750,23749
23779,28,adjacent_difference,23751,23750
23780,28,adjacent_difference,23752,23751
23781,28,adjacent_difference,23753,23752
23782,28,adjacent_difference,23754,23753
23783,28,adjacent_difference,23755,23754
23784,28,adjacent_difference,23756,23755
23785,28,adjacent_difference,23757,23756
23786,28,adjacent_difference,23758,23757
23787,28,adjacent_difference,23759,23758
23788,28,adjacent_difference,23760,23759
23789,28,adjacent_difference,23761,23760
23790,28,adjacent_difference,23762,23761
23791,28,adjacent_difference,23763,23762
23792,28,adjacent_difference,23764,23763
23793,28,adjacent_difference,23765,23764
23794,28,adjacent_difference,23766,23765
23795,28,adjacent_difference,23767,23766
23796,28,adjacent_difference,23768,23767
23797,28,adjacent_difference,23769,23768
23798,28,adjacent_difference,23770,23769
23799,28,adjacent_difference,23771,23770
23800,28,adjacent_difference,23772,23771
23801,28,adjacent_difference,23773,23772
23802,28,adjacent_difference,23774,23773
23803,28,adjacent_difference,23775,23774
23804,28,adjacent_difference,23776,23775
23805,28,adjacent_difference,23777,23776
23806,28,adjacent_difference,23778,23777
23807,28,adjacent_difference,23779,23778
23808,28,adjacent_difference,23780,23779
23809,28,adjacent_difference,23781,23780
23810,28,adjacent_difference,23782,23781
23811,28,adjacent_difference,23783,23782
23812,28,adjacent_difference,23784,23783
23813,28,adjacent_difference,23785,23784
23814,28,adjacent_difference,23786,23785
23815,28,adjacent_difference,23787,23786
23816,28,adjacent_difference,23788,23787
23817,28,adjacent_difference,23789,23788
23818,28,adjacent_difference,23790,23789
23819,28,adjacent_difference,23791,23790
23820,28,adjacent_difference,23792,23791
23821,28,adjacent_difference,23793,23792
23822,28,adjacent_difference,23794,23793
23823,28,adjacent_difference,23795,23794
23824,28,adjacent_difference,23796,23795
23825,28,adjacent_difference,23797,23796
23826,28,adjacent_difference,23798,23797
23827,28,adjacent_difference,23799,23798
23828,28,adjacent_difference,23800,23799
23829,28,adjacent_difference,23801,23800
23830,28,adjacent_difference,23802,23801
23831,28,adjacent_difference,23803,23802
23832,28,adjacent_difference,23804,23803
23833,28,adjacent_difference,23805,23804
23834,28,adjacent_difference,23806,23805
23835,28,adjacent_difference,23807,23806
23836,28,adjacent_difference,23808,23807
23837,28,adjacent_difference,23809,23808
23838,28,adjacent_difference,23810,23809
23839,28,adjacent_difference,23811,23810
23840,28,adjacent_difference,23812,23811
23841,28,adjacent_difference,23813,23812
23842,28,adjacent_difference,23814,23813
23843,28,adjacent_difference,23815,23814
23844,28,adjacent_difference,23816,23815
23845,28,adjacent_difference,23817,23816
23846,28,adjacent_difference,23818,23817
23847,28,adjacent_difference,23819,23818
23848,28,adjacent_difference,23820,23819
23849,28,adjacent_difference,23821,23820
23850,28,adjacent_difference,23822,23821
23851,28,adjacent_difference,23823,23822
23852,28,adjacent_difference,23824,23823
23853,28,adjacent_difference,23825,23824
23854,28,adjacent_difference,23826,23825
23855,28,adjacent_difference,23827,23826
23856,28,adjacent_difference,23828,23827
23857,28,adjacent_difference,23829,23828
23858,28,adjacent_difference,23830,23829
23859,28,adjacent_difference,23831,23830
23860,28,adjacent_difference,23832,23831
23861,28,adjacent_difference,23833,23832
23862,28,adjacent_difference,23834,23833
23863,28,adjacent_difference,23835,23834
23864,28,adjacent_difference,23836,23835
23865,28,adjacent_difference,23837,23836
23866,28,adjacent_difference,23838,23837
23867,28,adjacent_difference,23839,23838
23868,28,adjacent_difference,23840,23839
23869,28,adjacent_difference,23841,23840
23870,28,adjacent_difference,23842,23841
23871,28,adjacent_difference,23843,23842
23872,28,adjacent_difference,23844,23843
23873,28,adjacent_difference,23845,23844
23874,28,adjacent_difference,23846,23845
23875,28,adjacent_difference,23847,23846
23876,28,adjacent_difference,23848,23847
23877,28,adjacent_difference,23849,23848
23878,28,adjacent_difference,23850,23849
23879,28,adjacent_difference,23851,23850
23880,28,adjacent_difference,23852,23851
23881,28,adjacent_difference,23853,23852
23882,28,adjacent_difference,23854,23853
23883,28,adjacent_difference,23855,23854
23884,28,adjacent_difference,23856,23855
23885,28,adjacent_difference,23857,23856
23886,28,adjacent_difference,23858,23857
23887,28,adjacent_difference,23859,23858
23888,28,adjacent_difference,23860,23859
23889,28,adjacent_difference,23861,23860
23890,28,adjacent_difference,23862,23861
23891,28,adjacent_difference,23863,23862
23892,28,adjacent_difference,23864,23863
23893,28,adjacent_difference,23865,23864
23894,28,adjacent_difference,23866,23865
23895,28,adjacent_difference,23867,23866
23896,28,adjacent_difference,23868,23867
23897,28,adjacent_difference,23869,23868
23898,28,adjacent_difference,23870,23869
23899,28,adjacent_difference,23871,23870
23900,28,adjacent_difference,23872,23871
23901,28,adjacent_difference,23873,23872
23902,28,adjacent_difference,23874,23873
23903,28,adjacent_difference,23875,23874
23904,28,adjacent_difference,23876,23875
23905,28,adjacent_difference,23877,23876
23906,28,adjacent_difference,23878,23877
23907,28,adjacent_difference,23879,23878
23908,28,adjacent_difference,23880,23879
23909,28,adjacent_difference,23881,23880
23910,28,adjacent_difference,23882,23881
23911,28,adjacent_difference,23883,23882
23912,28,adjacent_difference,23884,23883
23913,28,adjacent_difference,23885,23884
23914,28,adjacent_difference,23886,23885
23915,28,adjacent_difference,23887,23886
23916,28,adjacent_difference,23888,23887
23917,28,adjacent_difference,23889,23888
23918,28,adjacent_difference,23890,23889
23919,28,adjacent_difference,23891,23890
23920,28,adjacent_difference,23892,23891
23921,28,adjacent_difference,23893,23892
23922,28,adjacent_difference,23894,23893
23923,28,adjacent_difference,23895,23894
23924,28,adjacent_difference,23896,23895
23925,28,adjacent_difference,23897,23896
23926,28,adjacent_difference,23898,23897
23927,28,adjacent_difference,23899,23898
23928,28,adjacent_difference,23900,23899
23929,28,adjacent_difference,23901,23900
23930,28,adjacent_difference,23902,23901
23931,28,adjacent_difference,23903,23902
23932,28,adjacent_difference,23904,23903
23933,28,adjacent_difference,23905,23904
23934,28,adjacent_difference,23906,23905
23935,28,adjacent_difference,23907,23906
23936,28,adjacent_difference,23908,23907
23937,28,adjacent_difference,23909,23908
23938,28,adjacent_difference,23910,23909
23939,28,adjacent_difference,23911,23910
23940,28,adjacent_difference,23912,23911
23941,28,adjacent_difference,23913,23912
23942,28,adjacent_difference,23914,23913
23943,28,adjacent_difference,23915,23914
23944,28,adjacent_difference,23916,23915
23945,28,adjacent_difference,23917,23916
23946,28,adjacent_difference,23918,23917
23947,28,adjacent_difference,23919,23918
23948,28,adjacent_difference,23920,23919
23949,28,adjacent_difference,23921,23920
23950,28,adjacent_difference,23922,23921
23951,28,adjacent_difference,23923,23922
23952,28,adjacent_difference,23924,23923
23953,28,adjacent_difference,23925,23924
23954,28,adjacent_difference,23926,23925
23955,28,adjacent_difference,23927,23926
23956,28,adjacent_difference,23928,23927
23957,28,adjacent_difference,23929,23928
23958,28,adjacent_difference,23930,23929
23959,28,adjacent_difference,23931,23930
23960,28,adjacent_difference,23932,23931
23961,28,adjacent_difference,23933,23932
23962,28,adjacent_difference,23934,23933
23963,28,adjacent_difference,23935,23934
23964,28,adjacent_difference,23936,23935
23965,28,adjacent_difference,23937,23936
23966,28,adjacent_difference,23938,23937
23967,28,adjacent_difference,23939,23938
23968,28,adjacent_difference,23940,23939
23969,28,adjacent_difference,23941,23940
23970,28,adjacent_difference,23942,23941
23971,28,adjacent_difference,23943,23942
23972,28,adjacent_difference,23944,23943
23973,28,adjacent_difference,23945,23944
23974,28,adjacent_difference,23946,23945
23975,28,adjacent_difference,23947,23946
23976,28,adjacent_difference,23948,23947
23977,28,adjacent_difference,23949,23948
23978,28,adjacent_difference,23950,23949
23979,28,adjacent_difference,23951,23950
23980,28,adjacent_difference,23952,23951
23981,28,adjacent_difference,23953,23952
23982,28,adjacent_difference,23954,23953
23983,28,adjacent_difference,23955,23954
23984,28,adjacent_difference,23956,23955
23985,28,adjacent_difference,23957,23956
23986,28,adjacent_difference,23958,23957
23987,28,adjacent_difference,23959,23958
23988,28,adjacent_difference,23960,23959
23989,28,adjacent_difference,23961,23960
23990,28,adjacent_difference,23962,23961
23991,28,adjacent_difference,23963,23962
23992,28,adjacent_difference,23964,23963
23993,28,adjacent_difference,23965,23964
23994,28,adjacent_difference,23966,23965
23995,28,adjacent_difference,23967,23966
23996,28,adjacent_difference,23968,23967
23997,28,adjacent_difference,23969,23968
23998,28,adjacent_difference,23970,23969
23999,28,adjacent_difference,23971,23970
24000,28,adjacent_difference,23972,23971
24001,28,adjacent_difference,23973,23972
24002,28,adjacent_difference,23974,23973
24003,28,adjacent_difference,23975,23974
24004,28,adjacent_difference,23976,23975
24005,28,adjacent_difference,23977,23976
24006,28,adjacent_difference,23978,23977
24007,28,adjacent_difference,23979,23978
24008,28,adjacent_difference,23980,23979
24009,28,adjacent_difference,23981,23980
24010,28,adjacent_difference,23982,23981
24011,28,adjacent_difference,23983,23982
24012,28,adjacent_difference,23984,23983
24013,28,adjacent_difference,23985,23984
24014,28,adjacent_difference,23986,23985
24015,28,adjacent_difference,23987,23986
24016,28,adjacent_difference,23988,23987
24017,28,adjacent_difference,23989,23988
24018,28,adjacent_difference,23990,23989
24019,28,adjacent_difference,23991,23990
24020,28,adjacent_difference,23992,23991
24021,28,adjacent_difference,23993,23992
24022,28,adjacent_difference,23994,23993
24023,28,adjacent_difference,23995,23994
24024,28,adjacent_difference,23996,23995
24025,28,adjacent_difference,23997,23996
24026,28,adjacent_difference,23998,23997
24027,28,adjacent_difference,23999,23998
24028,28,adjacent_difference,24000,23999
24029,28,adjacent_difference,24001,24000
24030,28,adjacent_difference,24002,24001
24031,28,adjacent_difference,24003,24002
24032,28,adjacent_difference,24004,24003
24033,28,adjacent_difference,24005,24004
24034,28,adjacent_difference,24006,24005
24035,28,adjacent_difference,24007,24006
24036,28,adjacent_difference,24008,24007
24037,28,adjacent_difference,24009,24008
24038,28,adjacent_difference,24010,24009
24039,28,adjacent_difference,24011,24010
24040,28,adjacent_difference,24012,24011
24041,28,adjacent_difference,24013,24012
24042,28,adjacent_difference,24014,24013
24043,28,adjacent_difference,24015,24014
24044,28,adjacent_difference,24016,24015
24045,28,adjacent_difference,24017,24016
24046,28,adjacent_difference,24018,24017
24047,28,adjacent_difference,24019,24018
24048,28,adjacent_difference,24020,24019
24049,28,adjacent_difference,24021,24020
24050,28,adjacent_difference,24022,24021
24051,28,adjacent_difference,24023,24022
24052,28,adjacent_difference,24024,24023
24053,28,adjacent_difference,24025,24024
24054,28,adjacent_difference,24026,24025
24055,28,adjacent_difference,24027,24026
24056,28,adjacent_difference,24028,24027
24057,28,adjacent_difference,24029,24028
24058,28,adjacent_difference,24030,24029
24059,28,adjacent_difference,24031,24030
24060,28,adjacent_difference,24032,24031
24061,28,adjacent_difference,24033,24032
24062,28,adjacent_difference,24034,24033
24063,28,adjacent_difference,24035,24034
24064,28,adjacent_difference,24036,24035
24065,28,adjacent_difference,24037,24036
24066,28,adjacent_difference,24038,24037
24067,28,adjacent_difference,24039,24038
24068,28,adjacent_difference,24040,24039
24069,28,adjacent_difference,24041,24040
24070,28,adjacent_difference,24042,24041
24071,28,adjacent_difference,24043,24042
24072,28,adjacent_difference,24044,24043
24073,28,adjacent_difference,24045,24044
24074,28,adjacent_difference,24046,24045
24075,28,adjacent_difference,24047,24046
24076,28,adjacent_difference,24048,24047
24077,28,adjacent_difference,24049,24048
24078,28,adjacent_difference,24050,24049
24079,28,adjacent_difference,24051,24050
24080,28,adjacent_difference,24052,24051
24081,28,adjacent_difference,24053,24052
24082,28,adjacent_difference,24054,24053
24083,28,adjacent_difference,24055,24054
24084,28,adjacent_difference,24056,24055
24085,28,adjacent_difference,24057,24056
24086,28,adjacent_difference,24058,24057
24087,28,adjacent_difference,24059,24058
24088,28,adjacent_difference,24060,24059
24089,28,adjacent_difference,24061,24060
24090,28,adjacent_difference,24062,24061
24091,28,adjacent_difference,24063,24062
24092,28,adjacent_difference,24064,24063
24093,28,adjacent_difference,24065,24064
24094,28,adjacent_difference,24066,24065
24095,28,adjacent_difference,24067,24066
24096,28,adjacent_difference,24068,24067
24097,28,adjacent_difference,24069,24068
24098,28,adjacent_difference,24070,24069
24099,28,adjacent_difference,24071,24070
24100,28,adjacent_difference,24072,24071
24101,28,adjacent_difference,24073,24072
24102,28,adjacent_difference,24074,24073
24103,28,adjacent_difference,24075,24074
24104,28,adjacent_difference,24076,24075
24105,28,adjacent_difference,24077,24076
24106,28,adjacent_difference,24078,24077
24107,28,adjacent_difference,24079,24078
24108,28,adjacent_difference,24080,24079
24109,28,adjacent_difference,24081,24080
24110,28,adjacent_difference,24082,24081
24111,28,adjacent_difference,24083,24082
24112,28,adjacent_difference,24084,24083
24113,28,adjacent_difference,24085,24084
24114,28,adjacent_difference,24086,24085
24115,28,adjacent_difference,24087,24086
24116,28,adjacent_difference,24088,24087
24117,28,adjacent_difference,24089,24088
24118,28,adjacent_difference,24090,24089
24119,28,adjacent_difference,24091,24090
24120,28,adjacent_difference,24092,24091
24121,28,adjacent_difference,24093,24092
24122,28,adjacent_difference,24094,24093
24123,28,adjacent_difference,24095,24094
24124,28,adjacent_difference,24096,24095
24125,28,adjacent_difference,24097,24096
24126,28,adjacent_difference,24098,24097
24127,28,adjacent_difference,24099,24098
24128,28,adjacent_difference,24100,24099
24129,28,adjacent_difference,24101,24100
24130,28,adjacent_difference,24102,24101
24131,28,adjacent_difference,24103,24102
24132,28,adjacent_difference,24104,24103
24133,28,adjacent_difference,24105,24104
24134,28,adjacent_difference,24106,24105
24135,28,adjacent_difference,24107,24106
24136,28,adjacent_difference,24108,24107
24137,28,adjacent_difference,24109,24108
24138,28,adjacent_difference,24110,24109
24139,28,adjacent_difference,24111,24110
24140,28,adjacent_difference,24112,24111
24141,28,adjacent_difference,24113,24112
24142,28,adjacent_difference,24114,24113
24143,28,adjacent_difference,24115,24114
24144,28,adjacent_difference,24116,24115
24145,28,adjacent_difference,24117,24116
24146,28,adjacent_difference,24118,24117
24147,28,adjacent_difference,24119,24118
24148,28,adjacent_difference,24120,24119
24149,28,adjacent_difference,24121,24120
24150,28,adjacent_difference,24122,24121
24151,28,adjacent_difference,24123,24122
24152,28,adjacent_difference,24124,24123
24153,28,adjacent_difference,24125,24124
24154,28,adjacent_difference,24126,24125
24155,28,adjacent_difference,24127,24126
24156,28,adjacent_difference,24128,24127
24157,28,adjacent_difference,24129,24128
24158,28,adjacent_difference,24130,24129
24159,28,adjacent_difference,24131,24130
24160,28,adjacent_difference,24132,24131
24161,28,adjacent_difference,24133,24132
24162,28,adjacent_difference,24134,24133
24163,28,adjacent_difference,24135,24134
24164,28,adjacent_difference,24136,24135
24165,28,adjacent_difference,24137,24136
24166,28,adjacent_difference,24138,24137
24167,28,adjacent_difference,24139,24138
24168,28,adjacent_difference,24140,24139
24169,28,adjacent_difference,24141,24140
24170,28,adjacent_difference,24142,24141
24171,28,adjacent_difference,24143,24142
24172,28,adjacent_difference,24144,24143
24173,28,adjacent_difference,24145,24144
24174,28,adjacent_difference,24146,24145
24175,28,adjacent_difference,24147,24146
24176,28,adjacent_difference,24148,24147
24177,28,adjacent_difference,24149,24148
24178,28,adjacent_difference,24150,24149
24179,28,adjacent_difference,24151,24150
24180,28,adjacent_difference,24152,24151
24181,28,adjacent_difference,24153,24152
24182,28,adjacent_difference,24154,24153
24183,28,adjacent_difference,24155,24154
24184,28,adjacent_difference,24156,24155
24185,28,adjacent_difference,24157,24156
24186,28,adjacent_difference,24158,24157
24187,28,adjacent_difference,24159,24158
24188,28,adjacent_difference,24160,24159
24189,28,adjacent_difference,24161,24160
24190,28,adjacent_difference,24162,24161
24191,28,adjacent_difference,24163,24162
24192,28,adjacent_difference,24164,24163
24193,28,adjacent_difference,24165,24164
24194,28,adjacent_difference,24166,24165
24195,28,adjacent_difference,24167,24166
24196,28,adjacent_difference,24168,24167
24197,28,adjacent_difference,24169,24168
24198,28,adjacent_difference,24170,24169
24199,28,adjacent_difference,24171,24170
24200,28,adjacent_difference,24172,24171
24201,28,adjacent_difference,24173,24172
24202,28,adjacent_difference,24174,24173
24203,28,adjacent_difference,24175,24174
24204,28,adjacent_difference,24176,24175
24205,28,adjacent_difference,24177,24176
24206,28,adjacent_difference,24178,24177
24207,28,adjacent_difference,24179,24178
24208,28,adjacent_difference,24180,24179
24209,28,adjacent_difference,24181,24180
24210,28,adjacent_difference,24182,24181
24211,28,adjacent_difference,24183,24182
24212,28,adjacent_difference,24184,24183
24213,28,adjacent_difference,24185,24184
24214,28,adjacent_difference,24186,24185
24215,28,adjacent_difference,24187,24186
24216,28,adjacent_difference,24188,24187
24217,28,adjacent_difference,24189,24188
24218,28,adjacent_difference,24190,24189
24219,28,adjacent_difference,24191,24190
24220,28,adjacent_difference,24192,24191
24221,28,adjacent_difference,24193,24192
24222,28,adjacent_difference,24194,24193
24223,28,adjacent_difference,24195,24194
24224,28,adjacent_difference,24196,24195
24225,28,adjacent_difference,24197,24196
24226,28,adjacent_difference,24198,24197
24227,28,adjacent_difference,24199,24198
24228,28,adjacent_difference,24200,24199
24229,28,adjacent_difference,24201,24200
24230,28,adjacent_difference,24202,24201
24231,28,adjacent_difference,24203,24202
24232,28,adjacent_difference,24204,24203
24233,28,adjacent_difference,24205,24204
24234,28,adjacent_difference,24206,24205
24235,28,adjacent_difference,24207,24206
24236,28,adjacent_difference,24208,24207
24237,28,adjacent_difference,24209,24208
24238,28,adjacent_difference,24210,24209
24239,28,adjacent_difference,24211,24210
24240,28,adjacent_difference,24212,24211
24241,28,adjacent_difference,24213,24212
24242,28,adjacent_difference,24214,24213
24243,28,adjacent_difference,24215,24214
24244,28,adjacent_difference,24216,24215
24245,28,adjacent_difference,24217,24216
24246,28,adjacent_difference,24218,24217
24247,28,adjacent_difference,24219,24218
24248,28,adjacent_difference,24220,24219
24249,28,adjacent_difference,24221,24220
24250,28,adjacent_difference,24222,24221
24251,28,adjacent_difference,24223,24222
24252,28,adjacent_difference,24224,24223
24253,28,adjacent_difference,24225,24224
24254,28,adjacent_difference,24226,24225
24255,28,adjacent_difference,24227,24226
24256,28,adjacent_difference,24228,24227
24257,28,adjacent_difference,24229,24228
24258,28,adjacent_difference,24230,24229
24259,28,adjacent_difference,24231,24230
24260,28,adjacent_difference,24232,24231
24261,28,adjacent_difference,24233,24232
24262,28,adjacent_difference,24234,24233
24263,28,adjacent_difference,24235,24234
24264,28,adjacent_difference,24236,24235
24265,28,adjacent_difference,24237,24236
24266,28,adjacent_difference,24238,24237
24267,28,adjacent_difference,24239,24238
24268,28,adjacent_difference,24240,24239
24269,28,adjacent_difference,24241,24240
24270,28,adjacent_difference,24242,24241
24271,28,adjacent_difference,24243,24242
24272,28,adjacent_difference,24244,24243
24273,28,adjacent_difference,24245,24244
24274,28,adjacent_difference,24246,24245
24275,28,adjacent_difference,24247,24246
24276,28,adjacent_difference,24248,24247
24277,28,adjacent_difference,24249,24248
24278,28,adjacent_difference,24250,24249
24279,28,adjacent_difference,24251,24250
24280,28,adjacent_difference,24252,24251
24281,28,adjacent_difference,24253,24252
24282,28,adjacent_difference,24254,24253
24283,28,adjacent_difference,24255,24254
24284,28,adjacent_difference,24256,24255
24285,28,adjacent_difference,24257,24256
24286,28,adjacent_difference,24258,24257
24287,28,adjacent_difference,24259,24258
24288,28,adjacent_difference,24260,24259
24289,28,adjacent_difference,24261,24260
24290,28,adjacent_difference,24262,24261
24291,28,adjacent_difference,24263,24262
24292,28,adjacent_difference,24264,24263
24293,28,adjacent_difference,24265,24264
24294,28,adjacent_difference,24266,24265
24295,28,adjacent_difference,24267,24266
24296,28,adjacent_difference,24268,24267
24297,28,adjacent_difference,24269,24268
24298,28,adjacent_difference,24270,24269
24299,28,adjacent_difference,24271,24270
24300,28,adjacent_difference,24272,24271
24301,28,adjacent_difference,24273,24272
24302,28,adjacent_difference,24274,24273
24303,28,adjacent_difference,24275,24274
24304,28,adjacent_difference,24276,24275
24305,28,adjacent_difference,24277,24276
24306,28,adjacent_difference,24278,24277
24307,28,adjacent_difference,24279,24278
24308,28,adjacent_difference,24280,24279
24309,28,adjacent_difference,24281,24280
24310,28,adjacent_difference,24282,24281
24311,28,adjacent_difference,24283,24282
24312,28,adjacent_difference,24284,24283
24313,28,adjacent_difference,24285,24284
24314,28,adjacent_difference,24286,24285
24315,28,adjacent_difference,24287,24286
24316,28,adjacent_difference,24288,24287
24317,28,adjacent_difference,24289,24288
24318,28,adjacent_difference,24290,24289
24319,28,adjacent_difference,24291,24290
24320,28,adjacent_difference,24292,24291
24321,28,adjacent_difference,24293,24292
24322,28,adjacent_difference,24294,24293
24323,28,adjacent_difference,24295,24294
24324,28,adjacent_difference,24296,24295
24325,28,adjacent_difference,24297,24296
24326,28,adjacent_difference,24298,24297
24327,28,adjacent_difference,24299,24298
24328,28,adjacent_difference,24300,24299
24329,28,adjacent_difference,24301,24300
24330,28,adjacent_difference,24302,24301
24331,28,adjacent_difference,24303,24302
24332,28,adjacent_difference,24304,24303
24333,28,adjacent_difference,24305,24304
24334,28,adjacent_difference,24306,24305
24335,28,adjacent_difference,24307,24306
24336,28,adjacent_difference,24308,24307
24337,28,adjacent_difference,24309,24308
24338,28,adjacent_difference,24310,24309
24339,28,adjacent_difference,24311,24310
24340,28,adjacent_difference,24312,24311
24341,28,adjacent_difference,24313,24312
24342,28,adjacent_difference,24314,24313
24343,28,adjacent_difference,24315,24314
24344,28,adjacent_difference,24316,24315
24345,28,adjacent_difference,24317,24316
24346,28,adjacent_difference,24318,24317
24347,28,adjacent_difference,24319,24318
24348,28,adjacent_difference,24320,24319
24349,28,adjacent_difference,24321,24320
24350,28,adjacent_difference,24322,24321
24351,28,adjacent_difference,24323,24322
24352,28,adjacent_difference,24324,24323
24353,28,adjacent_difference,24325,24324
24354,28,adjacent_difference,24326,24325
24355,28,adjacent_difference,24327,24326
24356,28,adjacent_difference,24328,24327
24357,28,adjacent_difference,24329,24328
24358,28,adjacent_difference,24330,24329
24359,28,adjacent_difference,24331,24330
24360,28,adjacent_difference,24332,24331
24361,28,adjacent_difference,24333,24332
24362,28,adjacent_difference,24334,24333
24363,28,adjacent_difference,24335,24334
24364,28,adjacent_difference,24336,24335
24365,28,adjacent_difference,24337,24336
24366,28,adjacent_difference,24338,24337
24367,28,adjacent_difference,24339,24338
24368,28,adjacent_difference,24340,24339
24369,28,adjacent_difference,24341,24340
24370,28,adjacent_difference,24342,24341
24371,28,adjacent_difference,24343,24342
24372,28,adjacent_difference,24344,24343
24373,28,adjacent_difference,24345,24344
24374,28,adjacent_difference,24346,24345
24375,28,adjacent_difference,24347,24346
24376,28,adjacent_difference,24348,24347
24377,28,adjacent_difference,24349,24348
24378,28,adjacent_difference,24350,24349
24379,28,adjacent_difference,24351,24350
24380,28,adjacent_difference,24352,24351
24381,28,adjacent_difference,24353,24352
24382,28,adjacent_difference,24354,24353
24383,28,adjacent_difference,24355,24354
24384,28,adjacent_difference,24356,24355
24385,28,adjacent_difference,24357,24356
24386,28,adjacent_difference,24358,24357
24387,28,adjacent_difference,24359,24358
24388,28,adjacent_difference,24360,24359
24389,28,adjacent_difference,24361,24360
24390,28,adjacent_difference,24362,24361
24391,28,adjacent_difference,24363,24362
24392,28,adjacent_difference,24364,24363
24393,28,adjacent_difference,24365,24364
24394,28,adjacent_difference,24366,24365
24395,28,adjacent_difference,24367,24366
24396,28,adjacent_difference,24368,24367
24397,28,adjacent_difference,24369,24368
24398,28,adjacent_difference,24370,24369
24399,28,adjacent_difference,24371,24370
24400,28,adjacent_difference,24372,24371
24401,28,adjacent_difference,24373,24372
24402,28,adjacent_difference,24374,24373
24403,28,adjacent_difference,24375,24374
24404,28,adjacent_difference,24376,24375
24405,28,adjacent_difference,24377,24376
24406,28,adjacent_difference,24378,24377
24407,28,adjacent_difference,24379,24378
24408,28,adjacent_difference,24380,24379
24409,28,adjacent_difference,24381,24380
24410,28,adjacent_difference,24382,24381
24411,28,adjacent_difference,24383,24382
24412,28,adjacent_difference,24384,24383
24413,28,adjacent_difference,24385,24384
24414,28,adjacent_difference,24386,24385
24415,28,adjacent_difference,24387,24386
24416,28,adjacent_difference,24388,24387
24417,28,adjacent_difference,24389,24388
24418,28,adjacent_difference,24390,24389
24419,28,adjacent_difference,24391,24390
24420,28,adjacent_difference,24392,24391
24421,28,adjacent_difference,24393,24392
24422,28,adjacent_difference,24394,24393
24423,28,adjacent_difference,24395,24394
24424,28,adjacent_difference,24396,24395
24425,28,adjacent_difference,24397,24396
24426,28,adjacent_difference,24398,24397
24427,28,adjacent_difference,24399,24398
24428,28,adjacent_difference,24400,24399
24429,28,adjacent_difference,24401,24400
24430,28,adjacent_difference,24402,24401
24431,28,adjacent_difference,24403,24402
24432,28,adjacent_difference,24404,24403
24433,28,adjacent_difference,24405,24404
24434,28,adjacent_difference,24406,24405
24435,28,adjacent_difference,24407,24406
24436,28,adjacent_difference,24408,24407
24437,28,adjacent_difference,24409,24408
24438,28,adjacent_difference,24410,24409
24439,28,adjacent_difference,24411,24410
24440,28,adjacent_difference,24412,24411
24441,28,adjacent_difference,24413,24412
24442,28,adjacent_difference,24414,24413
24443,28,adjacent_difference,24415,24414
24444,28,adjacent_difference,24416,24415
24445,28,adjacent_difference,24417,24416
24446,28,adjacent_difference,24418,24417
24447,28,adjacent_difference,24419,24418
24448,28,adjacent_difference,24420,24419
24449,28,adjacent_difference,24421,24420
24450,28,adjacent_difference,24422,24421
24451,28,adjacent_difference,24423,24422
24452,28,adjacent_difference,24424,24423
24453,28,adjacent_difference,24425,24424
24454,28,adjacent_difference,24426,24425
24455,28,adjacent_difference,24427,24426
24456,28,adjacent_difference,24428,24427
24457,28,adjacent_difference,24429,24428
24458,28,adjacent_difference,24430,24429
24459,28,adjacent_difference,24431,24430
24460,28,adjacent_difference,24432,24431
24461,28,adjacent_difference,24433,24432
24462,28,adjacent_difference,24434,24433
24463,28,adjacent_difference,24435,24434
24464,28,adjacent_difference,24436,24435
24465,28,adjacent_difference,24437,24436
24466,28,adjacent_difference,24438,24437
24467,28,adjacent_difference,24439,24438
24468,28,adjacent_difference,24440,24439
24469,28,adjacent_difference,24441,24440
24470,28,adjacent_difference,24442,24441
24471,28,adjacent_difference,24443,24442
24472,28,adjacent_difference,24444,24443
24473,28,adjacent_difference,24445,24444
24474,28,adjacent_difference,24446,24445
24475,28,adjacent_difference,24447,24446
24476,28,adjacent_difference,24448,24447
24477,28,adjacent_difference,24449,24448
24478,28,adjacent_difference,24450,24449
24479,28,adjacent_difference,24451,24450
24480,28,adjacent_difference,24452,24451
24481,28,adjacent_difference,24453,24452
24482,28,adjacent_difference,24454,24453
24483,28,adjacent_difference,24455,24454
24484,28,adjacent_difference,24456,24455
24485,28,adjacent_difference,24457,24456
24486,28,adjacent_difference,24458,24457
24487,28,adjacent_difference,24459,24458
24488,28,adjacent_difference,24460,24459
24489,28,adjacent_difference,24461,24460
24490,28,adjacent_difference,24462,24461
24491,28,adjacent_difference,24463,24462
24492,28,adjacent_difference,24464,24463
24493,28,adjacent_difference,24465,24464
24494,28,adjacent_difference,24466,24465
24495,28,adjacent_difference,24467,24466
24496,28,adjacent_difference,24468,24467
24497,28,adjacent_difference,24469,24468
24498,28,adjacent_difference,24470,24469
24499,28,adjacent_difference,24471,24470
24500,28,adjacent_difference,24472,24471
24501,28,adjacent_difference,24473,24472
24502,28,adjacent_difference,24474,24473
24503,28,adjacent_difference,24475,24474
24504,28,adjacent_difference,24476,24475
24505,28,adjacent_difference,24477,24476
24506,28,adjacent_difference,24478,24477
24507,28,adjacent_difference,24479,24478
24508,28,adjacent_difference,24480,24479
24509,28,adjacent_difference,24481,24480
24510,28,adjacent_difference,24482,24481
24511,28,adjacent_difference,24483,24482
24512,28,adjacent_difference,24484,24483
24513,28,adjacent_difference,24485,24484
24514,28,adjacent_difference,24486,24485
24515,28,adjacent_difference,24487,24486
24516,28,adjacent_difference,24488,24487
24517,28,adjacent_difference,24489,24488
24518,28,adjacent_difference,24490,24489
24519,28,adjacent_difference,24491,24490
24520,28,adjacent_difference,24492,24491
24521,28,adjacent_difference,24493,24492
24522,28,adjacent_difference,24494,24493
24523,28,adjacent_difference,24495,24494
24524,28,adjacent_difference,24496,24495
24525,28,terminal_inverse,-1,24496
24526,29,absolute_start,24497,-1
24527,29,adjacent_difference,24498,24497
24528,29,adjacent_difference,24499,24498
24529,29,adjacent_difference,24500,24499
24530,29,adjacent_difference,24501,24500
24531,29,adjacent_difference,24502,24501
24532,29,adjacent_difference,24503,24502
24533,29,adjacent_difference,24504,24503
24534,29,adjacent_difference,24505,24504
24535,29,adjacent_difference,24506,24505
24536,29,adjacent_difference,24507,24506
24537,29,adjacent_difference,24508,24507
24538,29,adjacent_difference,24509,24508
24539,29,adjacent_difference,24510,24509
24540,29,adjacent_difference,24511,24510
24541,29,adjacent_difference,24512,24511
24542,29,adjacent_difference,24513,24512
24543,29,adjacent_difference,24514,24513
24544,29,adjacent_difference,24515,24514
24545,29,adjacent_difference,24516,24515
24546,29,adjacent_difference,24517,24516
24547,29,adjacent_difference,24518,24517
24548,29,adjacent_difference,24519,24518
24549,29,adjacent_difference,24520,24519
24550,29,adjacent_difference,24521,24520
24551,29,adjacent_difference,24522,24521
24552,29,adjacent_difference,24523,24522
24553,29,adjacent_difference,24524,24523
24554,29,adjacent_difference,24525,24524
24555,29,adjacent_difference,24526,24525
24556,29,adjacent_difference,24527,24526
24557,29,adjacent_difference,24528,24527
24558,29,adjacent_difference,24529,24528
24559,29,adjacent_difference,24530,24529
24560,29,adjacent_difference,24531,24530
24561,29,adjacent_difference,24532,24531
24562,29,adjacent_difference,24533,24532
24563,29,adjacent_difference,24534,24533
24564,29,adjacent_difference,24535,24534
24565,29,adjacent_difference,24536,24535
24566,29,adjacent_difference,24537,24536
24567,29,adjacent_difference,24538,24537
24568,29,adjacent_difference,24539,24538
24569,29,adjacent_difference,24540,24539
24570,29,adjacent_difference,24541,24540
24571,29,adjacent_difference,24542,24541
24572,29,adjacent_difference,24543,24542
24573,29,adjacent_difference,24544,24543
24574,29,adjacent_difference,24545,24544
24575,29,adjacent_difference,24546,24545
24576,29,adjacent_difference,24547,24546
24577,29,adjacent_difference,24548,24547
24578,29,adjacent_difference,24549,24548
24579,29,adjacent_difference,24550,24549
24580,29,adjacent_difference,24551,24550
24581,29,adjacent_difference,24552,24551
24582,29,adjacent_difference,24553,24552
24583,29,adjacent_difference,24554,24553
24584,29,adjacent_difference,24555,24554
24585,29,adjacent_difference,24556,24555
24586,29,adjacent_difference,24557,24556
24587,29,adjacent_difference,24558,24557
24588,29,adjacent_difference,24559,24558
24589,29,adjacent_difference,24560,24559
24590,29,adjacent_difference,24561,24560
24591,29,adjacent_difference,24562,24561
24592,29,adjacent_difference,24563,24562
24593,29,adjacent_difference,24564,24563
24594,29,adjacent_difference,24565,24564
24595,29,adjacent_difference,24566,24565
24596,29,adjacent_difference,24567,24566
24597,29,adjacent_difference,24568,24567
24598,29,adjacent_difference,24569,24568
24599,29,adjacent_difference,24570,24569
24600,29,adjacent_difference,24571,24570
24601,29,adjacent_difference,24572,24571
24602,29,adjacent_difference,24573,24572
24603,29,adjacent_difference,24574,24573
24604,29,adjacent_difference,24575,24574
24605,29,adjacent_difference,24576,24575
24606,29,adjacent_difference,24577,24576
24607,29,adjacent_difference,24578,24577
24608,29,adjacent_difference,24579,24578
24609,29,adjacent_difference,24580,24579
24610,29,adjacent_difference,24581,24580
24611,29,adjacent_difference,24582,24581
24612,29,adjacent_difference,24583,24582
24613,29,adjacent_difference,24584,24583
24614,29,adjacent_difference,24585,24584
24615,29,adjacent_difference,24586,24585
24616,29,adjacent_difference,24587,24586
24617,29,adjacent_difference,24588,24587
24618,29,adjacent_difference,24589,24588
24619,29,adjacent_difference,24590,24589
24620,29,adjacent_difference,24591,24590
24621,29,adjacent_difference,24592,24591
24622,29,adjacent_difference,24593,24592
24623,29,adjacent_difference,24594,24593
24624,29,adjacent_difference,24595,24594
24625,29,adjacent_difference,24596,24595
24626,29,adjacent_difference,24597,24596
24627,29,adjacent_difference,24598,24597
24628,29,adjacent_difference,24599,24598
24629,29,adjacent_difference,24600,24599
24630,29,adjacent_difference,24601,24600
24631,29,adjacent_difference,24602,24601
24632,29,adjacent_difference,24603,24602
24633,29,adjacent_difference,24604,24603
24634,29,adjacent_difference,24605,24604
24635,29,adjacent_difference,24606,24605
24636,29,adjacent_difference,24607,24606
24637,29,adjacent_difference,24608,24607
24638,29,adjacent_difference,24609,24608
24639,29,adjacent_difference,24610,24609
24640,29,adjacent_difference,24611,24610
24641,29,adjacent_difference,24612,24611
24642,29,adjacent_difference,24613,24612
24643,29,adjacent_difference,24614,24613
24644,29,adjacent_difference,24615,24614
24645,29,adjacent_difference,24616,24615
24646,29,adjacent_difference,24617,24616
24647,29,adjacent_difference,24618,24617
24648,29,adjacent_difference,24619,24618
24649,29,adjacent_difference,24620,24619
24650,29,adjacent_difference,24621,24620
24651,29,adjacent_difference,24622,24621
24652,29,adjacent_difference,24623,24622
24653,29,adjacent_difference,24624,24623
24654,29,adjacent_difference,24625,24624
24655,29,adjacent_difference,24626,24625
24656,29,adjacent_difference,24627,24626
24657,29,adjacent_difference,24628,24627
24658,29,adjacent_difference,24629,24628
24659,29,adjacent_difference,24630,24629
24660,29,adjacent_difference,24631,24630
24661,29,adjacent_difference,24632,24631
24662,29,adjacent_difference,24633,24632
24663,29,adjacent_difference,24634,24633
24664,29,adjacent_difference,24635,24634
24665,29,adjacent_difference,24636,24635
24666,29,adjacent_difference,24637,24636
24667,29,adjacent_difference,24638,24637
24668,29,adjacent_difference,24639,24638
24669,29,adjacent_difference,24640,24639
24670,29,adjacent_difference,24641,24640
24671,29,adjacent_difference,24642,24641
24672,29,adjacent_difference,24643,24642
24673,29,adjacent_difference,24644,24643
24674,29,adjacent_difference,24645,24644
24675,29,adjacent_difference,24646,24645
24676,29,adjacent_difference,24647,24646
24677,29,adjacent_difference,24648,24647
24678,29,adjacent_difference,24649,24648
24679,29,adjacent_difference,24650,24649
24680,29,adjacent_difference,24651,24650
24681,29,adjacent_difference,24652,24651
24682,29,adjacent_difference,24653,24652
24683,29,adjacent_difference,24654,24653
24684,29,adjacent_difference,24655,24654
24685,29,adjacent_difference,24656,24655
24686,29,adjacent_difference,24657,24656
24687,29,adjacent_difference,24658,24657
24688,29,adjacent_difference,24659,24658
24689,29,adjacent_difference,24660,24659
24690,29,adjacent_difference,24661,24660
24691,29,adjacent_difference,24662,24661
24692,29,adjacent_difference,24663,24662
24693,29,adjacent_difference,24664,24663
24694,29,adjacent_difference,24665,24664
24695,29,adjacent_difference,24666,24665
24696,29,adjacent_difference,24667,24666
24697,29,adjacent_difference,24668,24667
24698,29,adjacent_difference,24669,24668
24699,29,adjacent_difference,24670,24669
24700,29,adjacent_difference,24671,24670
24701,29,adjacent_difference,24672,24671
24702,29,adjacent_difference,24673,24672
24703,29,adjacent_difference,24674,24673
24704,29,adjacent_difference,24675,24674
24705,29,adjacent_difference,24676,24675
24706,29,adjacent_difference,24677,24676
24707,29,adjacent_difference,24678,24677
24708,29,adjacent_difference,24679,24678
24709,29,adjacent_difference,24680,24679
24710,29,adjacent_difference,24681,24680
24711,29,adjacent_difference,24682,24681
24712,29,adjacent_difference,24683,24682
24713,29,adjacent_difference,24684,24683
24714,29,adjacent_difference,24685,24684
24715,29,adjacent_difference,24686,24685
24716,29,adjacent_difference,24687,24686
24717,29,adjacent_difference,24688,24687
24718,29,adjacent_difference,24689,24688
24719,29,adjacent_difference,24690,24689
24720,29,adjacent_difference,24691,24690
24721,29,adjacent_difference,24692,24691
24722,29,adjacent_difference,24693,24692
24723,29,adjacent_difference,24694,24693
24724,29,adjacent_difference,24695,24694
24725,29,adjacent_difference,24696,24695
24726,29,adjacent_difference,24697,24696
24727,29,adjacent_difference,24698,24697
24728,29,adjacent_difference,24699,24698
24729,29,adjacent_difference,24700,24699
24730,29,adjacent_difference,24701,24700
24731,29,adjacent_difference,24702,24701
24732,29,adjacent_difference,24703,24702
24733,29,adjacent_difference,24704,24703
24734,29,adjacent_difference,24705,24704
24735,29,adjacent_difference,24706,24705
24736,29,adjacent_difference,24707,24706
24737,29,adjacent_difference,24708,24707
24738,29,adjacent_difference,24709,24708
24739,29,adjacent_difference,24710,24709
24740,29,adjacent_difference,24711,24710
24741,29,adjacent_difference,24712,24711
24742,29,adjacent_difference,24713,24712
24743,29,adjacent_difference,24714,24713
24744,29,adjacent_difference,24715,24714
24745,29,adjacent_difference,24716,24715
24746,29,adjacent_difference,24717,24716
24747,29,adjacent_difference,24718,24717
24748,29,adjacent_difference,24719,24718
24749,29,adjacent_difference,24720,24719
24750,29,adjacent_difference,24721,24720
24751,29,adjacent_difference,24722,24721
24752,29,adjacent_difference,24723,24722
24753,29,adjacent_difference,24724,24723
24754,29,adjacent_difference,24725,24724
24755,29,adjacent_difference,24726,24725
24756,29,adjacent_difference,24727,24726
24757,29,adjacent_difference,24728,24727
24758,29,adjacent_difference,24729,24728
24759,29,adjacent_difference,24730,24729
24760,29,adjacent_difference,24731,24730
24761,29,adjacent_difference,24732,24731
24762,29,adjacent_difference,24733,24732
24763,29,adjacent_difference,24734,24733
24764,29,adjacent_difference,24735,24734
24765,29,adjacent_difference,24736,24735
24766,29,adjacent_difference,24737,24736
24767,29,adjacent_difference,24738,24737
24768,29,adjacent_difference,24739,24738
24769,29,adjacent_difference,24740,24739
24770,29,adjacent_difference,24741,24740
24771,29,adjacent_difference,24742,24741
24772,29,adjacent_difference,24743,24742
24773,29,adjacent_difference,24744,24743
24774,29,adjacent_difference,24745,24744
24775,29,adjacent_difference,24746,24745
24776,29,adjacent_difference,24747,24746
24777,29,adjacent_difference,24748,24747
24778,29,adjacent_difference,24749,24748
24779,29,adjacent_difference,24750,24749
24780,29,adjacent_difference,24751,24750
24781,29,adjacent_difference,24752,24751
24782,29,adjacent_difference,24753,24752
24783,29,adjacent_difference,24754,24753
24784,29,adjacent_difference,24755,24754
24785,29,adjacent_difference,24756,24755
24786,29,adjacent_difference,24757,24756
24787,29,adjacent_difference,24758,24757
24788,29,adjacent_difference,24759,24758
24789,29,adjacent_difference,24760,24759
24790,29,adjacent_difference,24761,24760
24791,29,adjacent_difference,24762,24761
24792,29,adjacent_difference,24763,24762
24793,29,adjacent_difference,24764,24763
24794,29,adjacent_difference,24765,24764
24795,29,adjacent_difference,24766,24765
24796,29,adjacent_difference,24767,24766
24797,29,adjacent_difference,24768,24767
24798,29,adjacent_difference,24769,24768
24799,29,adjacent_difference,24770,24769
24800,29,adjacent_difference,24771,24770
24801,29,adjacent_difference,24772,24771
24802,29,adjacent_difference,24773,24772
24803,29,adjacent_difference,24774,24773
24804,29,adjacent_difference,24775,24774
24805,29,adjacent_difference,24776,24775
24806,29,adjacent_difference,24777,24776
24807,29,adjacent_difference,24778,24777
24808,29,adjacent_difference,24779,24778
24809,29,adjacent_difference,24780,24779
24810,29,adjacent_difference,24781,24780
24811,29,adjacent_difference,24782,24781
24812,29,adjacent_difference,24783,24782
24813,29,adjacent_difference,24784,24783
24814,29,adjacent_difference,24785,24784
24815,29,adjacent_difference,24786,24785
24816,29,adjacent_difference,24787,24786
24817,29,adjacent_difference,24788,24787
24818,29,adjacent_difference,24789,24788
24819,29,adjacent_difference,24790,24789
24820,29,adjacent_difference,24791,24790
24821,29,adjacent_difference,24792,24791
24822,29,adjacent_difference,24793,24792
24823,29,adjacent_difference,24794,24793
24824,29,adjacent_difference,24795,24794
24825,29,adjacent_difference,24796,24795
24826,29,adjacent_difference,24797,24796
24827,29,adjacent_difference,24798,24797
24828,29,adjacent_difference,24799,24798
24829,29,adjacent_difference,24800,24799
24830,29,adjacent_difference,24801,24800
24831,29,adjacent_difference,24802,24801
24832,29,adjacent_difference,24803,24802
24833,29,adjacent_difference,24804,24803
24834,29,adjacent_difference,24805,24804
24835,29,adjacent_difference,24806,24805
24836,29,adjacent_difference,24807,24806
24837,29,adjacent_difference,24808,24807
24838,29,adjacent_difference,24809,24808
24839,29,adjacent_difference,24810,24809
24840,29,adjacent_difference,24811,24810
24841,29,adjacent_difference,24812,24811
24842,29,adjacent_difference,24813,24812
24843,29,adjacent_difference,24814,24813
24844,29,adjacent_difference,24815,24814
24845,29,adjacent_difference,24816,24815
24846,29,adjacent_difference,24817,24816
24847,29,adjacent_difference,24818,24817
24848,29,adjacent_difference,24819,24818
24849,29,adjacent_difference,24820,24819
24850,29,adjacent_difference,24821,24820
24851,29,adjacent_difference,24822,24821
24852,29,adjacent_difference,24823,24822
24853,29,adjacent_difference,24824,24823
24854,29,adjacent_difference,24825,24824
24855,29,adjacent_difference,24826,24825
24856,29,adjacent_difference,24827,24826
24857,29,adjacent_difference,24828,24827
24858,29,adjacent_difference,24829,24828
24859,29,adjacent_difference,24830,24829
24860,29,adjacent_difference,24831,24830
24861,29,adjacent_difference,24832,24831
24862,29,adjacent_difference,24833,24832
24863,29,adjacent_difference,24834,24833
24864,29,adjacent_difference,24835,24834
24865,29,adjacent_difference,24836,24835
24866,29,adjacent_difference,24837,24836
24867,29,adjacent_difference,24838,24837
24868,29,adjacent_difference,24839,24838
24869,29,adjacent_difference,24840,24839
24870,29,adjacent_difference,24841,24840
24871,29,adjacent_difference,24842,24841
24872,29,adjacent_difference,24843,24842
24873,29,adjacent_difference,24844,24843
24874,29,adjacent_difference,24845,24844
24875,29,adjacent_difference,24846,24845
24876,29,adjacent_difference,24847,24846
24877,29,adjacent_difference,24848,24847
24878,29,adjacent_difference,24849,24848
24879,29,adjacent_difference,24850,24849
24880,29,adjacent_difference,24851,24850
24881,29,adjacent_difference,24852,24851
24882,29,adjacent_difference,24853,24852
24883,29,adjacent_difference,24854,24853
24884,29,adjacent_difference,24855,24854
24885,29,adjacent_difference,24856,24855
24886,29,adjacent_difference,24857,24856
24887,29,adjacent_difference,24858,24857
24888,29,adjacent_difference,24859,24858
24889,29,adjacent_difference,24860,24859
24890,29,adjacent_difference,24861,24860
24891,29,adjacent_difference,24862,24861
24892,29,adjacent_difference,24863,24862
24893,29,adjacent_difference,24864,24863
24894,29,adjacent_difference,24865,24864
24895,29,adjacent_difference,24866,24865
24896,29,adjacent_difference,24867,24866
24897,29,adjacent_difference,24868,24867
24898,29,adjacent_difference,24869,24868
24899,29,adjacent_difference,24870,24869
24900,29,adjacent_difference,24871,24870
24901,29,adjacent_difference,24872,24871
24902,29,adjacent_difference,24873,24872
24903,29,adjacent_difference,24874,24873
24904,29,adjacent_difference,24875,24874
24905,29,adjacent_difference,24876,24875
24906,29,adjacent_difference,24877,24876
24907,29,adjacent_difference,24878,24877
24908,29,adjacent_difference,24879,24878
24909,29,adjacent_difference,24880,24879
24910,29,adjacent_difference,24881,24880
24911,29,adjacent_difference,24882,24881
24912,29,adjacent_difference,24883,24882
24913,29,adjacent_difference,24884,24883
24914,29,adjacent_difference,24885,24884
24915,29,adjacent_difference,24886,24885
24916,29,adjacent_difference,24887,24886
24917,29,adjacent_difference,24888,24887
24918,29,adjacent_difference,24889,24888
24919,29,adjacent_difference,24890,24889
24920,29,adjacent_difference,24891,24890
24921,29,adjacent_difference,24892,24891
24922,29,adjacent_difference,24893,24892
24923,29,adjacent_difference,24894,24893
24924,29,adjacent_difference,24895,24894
24925,29,adjacent_difference,24896,24895
24926,29,adjacent_difference,24897,24896
24927,29,adjacent_difference,24898,24897
24928,29,adjacent_difference,24899,24898
24929,29,adjacent_difference,24900,24899
24930,29,adjacent_difference,24901,24900
24931,29,adjacent_difference,24902,24901
24932,29,adjacent_difference,24903,24902
24933,29,adjacent_difference,24904,24903
24934,29,adjacent_difference,24905,24904
24935,29,adjacent_difference,24906,24905
24936,29,adjacent_difference,24907,24906
24937,29,adjacent_difference,24908,24907
24938,29,adjacent_difference,24909,24908
24939,29,adjacent_difference,24910,24909
24940,29,adjacent_difference,24911,24910
24941,29,adjacent_difference,24912,24911
24942,29,adjacent_difference,24913,24912
24943,29,adjacent_difference,24914,24913
24944,29,adjacent_difference,24915,24914
24945,29,adjacent_difference,24916,24915
24946,29,adjacent_difference,24917,24916
24947,29,adjacent_difference,24918,24917
24948,29,adjacent_difference,24919,24918
24949,29,adjacent_difference,24920,24919
24950,29,adjacent_difference,24921,24920
24951,29,adjacent_difference,24922,24921
24952,29,adjacent_difference,24923,24922
24953,29,adjacent_difference,24924,24923
24954,29,adjacent_difference,24925,24924
24955,29,adjacent_difference,24926,24925
24956,29,adjacent_difference,24927,24926
24957,29,adjacent_difference,24928,24927
24958,29,adjacent_difference,24929,24928
24959,29,adjacent_difference,24930,24929
24960,29,adjacent_difference,24931,24930
24961,29,adjacent_difference,24932,24931
24962,29,adjacent_difference,24933,24932
24963,29,adjacent_difference,24934,24933
24964,29,adjacent_difference,24935,24934
24965,29,adjacent_difference,24936,24935
24966,29,adjacent_difference,24937,24936
24967,29,adjacent_difference,24938,24937
24968,29,adjacent_difference,24939,24938
24969,29,adjacent_difference,24940,24939
24970,29,adjacent_difference,24941,24940
24971,29,adjacent_difference,24942,24941
24972,29,adjacent_difference,24943,24942
24973,29,adjacent_difference,24944,24943
24974,29,adjacent_difference,24945,24944
24975,29,adjacent_difference,24946,24945
24976,29,adjacent_difference,24947,24946
24977,29,adjacent_difference,24948,24947
24978,29,adjacent_difference,24949,24948
24979,29,adjacent_difference,24950,24949
24980,29,adjacent_difference,24951,24950
24981,29,adjacent_difference,24952,24951
24982,29,adjacent_difference,24953,24952
24983,29,adjacent_difference,24954,24953
24984,29,adjacent_difference,24955,24954
24985,29,adjacent_difference,24956,24955
24986,29,adjacent_difference,24957,24956
24987,29,adjacent_difference,24958,24957
24988,29,adjacent_difference,24959,24958
24989,29,adjacent_difference,24960,24959
24990,29,adjacent_difference,24961,24960
24991,29,adjacent_difference,24962,24961
24992,29,adjacent_difference,24963,24962
24993,29,adjacent_difference,24964,24963
24994,29,adjacent_difference,24965,24964
24995,29,adjacent_difference,24966,24965
24996,29,adjacent_difference,24967,24966
24997,29,adjacent_difference,24968,24967
24998,29,adjacent_difference,24969,24968
24999,29,adjacent_difference,24970,24969
25000,29,adjacent_difference,24971,24970
25001,29,adjacent_difference,24972,24971
25002,29,adjacent_difference,24973,24972
25003,29,adjacent_difference,24974,24973
25004,29,adjacent_difference,24975,24974
25005,29,adjacent_difference,24976,24975
25006,29,adjacent_difference,24977,24976
25007,29,adjacent_difference,24978,24977
25008,29,adjacent_difference,24979,24978
25009,29,adjacent_difference,24980,24979
25010,29,adjacent_difference,24981,24980
25011,29,adjacent_difference,24982,24981
25012,29,adjacent_difference,24983,24982
25013,29,adjacent_difference,24984,24983
25014,29,adjacent_difference,24985,24984
25015,29,adjacent_difference,24986,24985
25016,29,adjacent_difference,24987,24986
25017,29,adjacent_difference,24988,24987
25018,29,adjacent_difference,24989,24988
25019,29,adjacent_difference,24990,24989
25020,29,adjacent_difference,24991,24990
25021,29,adjacent_difference,24992,24991
25022,29,adjacent_difference,24993,24992
25023,29,adjacent_difference,24994,24993
25024,29,adjacent_difference,24995,24994
25025,29,adjacent_difference,24996,24995
25026,29,adjacent_difference,24997,24996
25027,29,adjacent_difference,24998,24997
25028,29,adjacent_difference,24999,24998
25029,29,adjacent_difference,25000,24999
25030,29,adjacent_difference,25001,25000
25031,29,adjacent_difference,25002,25001
25032,29,adjacent_difference,25003,25002
25033,29,adjacent_difference,25004,25003
25034,29,adjacent_difference,25005,25004
25035,29,adjacent_difference,25006,25005
25036,29,adjacent_difference,25007,25006
25037,29,adjacent_difference,25008,25007
25038,29,adjacent_difference,25009,25008
25039,29,adjacent_difference,25010,25009
25040,29,adjacent_difference,25011,25010
25041,29,adjacent_difference,25012,25011
25042,29,adjacent_difference,25013,25012
25043,29,adjacent_difference,25014,25013
25044,29,adjacent_difference,25015,25014
25045,29,adjacent_difference,25016,25015
25046,29,adjacent_difference,25017,25016
25047,29,adjacent_difference,25018,25017
25048,29,adjacent_difference,25019,25018
25049,29,adjacent_difference,25020,25019
25050,29,adjacent_difference,25021,25020
25051,29,adjacent_difference,25022,25021
25052,29,adjacent_difference,25023,25022
25053,29,adjacent_difference,25024,25023
25054,29,adjacent_difference,25025,25024
25055,29,adjacent_difference,25026,25025
25056,29,adjacent_difference,25027,25026
25057,29,adjacent_difference,25028,25027
25058,29,adjacent_difference,25029,25028
25059,29,adjacent_difference,25030,25029
25060,29,adjacent_difference,25031,25030
25061,29,adjacent_difference,25032,25031
25062,29,adjacent_difference,25033,25032
25063,29,adjacent_difference,25034,25033
25064,29,adjacent_difference,25035,25034
25065,29,adjacent_difference,25036,25035
25066,29,adjacent_difference,25037,25036
25067,29,adjacent_difference,25038,25037
25068,29,adjacent_difference,25039,25038
25069,29,adjacent_difference,25040,25039
25070,29,adjacent_difference,25041,25040
25071,29,adjacent_difference,25042,25041
25072,29,adjacent_difference,25043,25042
25073,29,adjacent_difference,25044,25043
25074,29,adjacent_difference,25045,25044
25075,29,adjacent_difference,25046,25045
25076,29,adjacent_difference,25047,25046
25077,29,adjacent_difference,25048,25047
25078,29,adjacent_difference,25049,25048
25079,29,adjacent_difference,25050,25049
25080,29,adjacent_difference,25051,25050
25081,29,adjacent_difference,25052,25051
25082,29,adjacent_difference,25053,25052
25083,29,adjacent_difference,25054,25053
25084,29,adjacent_difference,25055,25054
25085,29,adjacent_difference,25056,25055
25086,29,adjacent_difference,25057,25056
25087,29,adjacent_difference,25058,25057
25088,29,adjacent_difference,25059,25058
25089,29,adjacent_difference,25060,25059
25090,29,adjacent_difference,25061,25060
25091,29,adjacent_difference,25062,25061
25092,29,adjacent_difference,25063,25062
25093,29,adjacent_difference,25064,25063
25094,29,adjacent_difference,25065,25064
25095,29,adjacent_difference,25066,25065
25096,29,adjacent_difference,25067,25066
25097,29,adjacent_difference,25068,25067
25098,29,adjacent_difference,25069,25068
25099,29,adjacent_difference,25070,25069
25100,29,adjacent_difference,25071,25070
25101,29,adjacent_difference,25072,25071
25102,29,adjacent_difference,25073,25072
25103,29,adjacent_difference,25074,25073
25104,29,adjacent_difference,25075,25074
25105,29,adjacent_difference,25076,25075
25106,29,adjacent_difference,25077,25076
25107,29,adjacent_difference,25078,25077
25108,29,adjacent_difference,25079,25078
25109,29,adjacent_difference,25080,25079
25110,29,adjacent_difference,25081,25080
25111,29,adjacent_difference,25082,25081
25112,29,adjacent_difference,25083,25082
25113,29,adjacent_difference,25084,25083
25114,29,adjacent_difference,25085,25084
25115,29,adjacent_difference,25086,25085
25116,29,adjacent_difference,25087,25086
25117,29,adjacent_difference,25088,25087
25118,29,adjacent_difference,25089,25088
25119,29,adjacent_difference,25090,25089
25120,29,adjacent_difference,25091,25090
25121,29,adjacent_difference,25092,25091
25122,29,adjacent_difference,25093,25092
25123,29,adjacent_difference,25094,25093
25124,29,adjacent_difference,25095,25094
25125,29,adjacent_difference,25096,25095
25126,29,adjacent_difference,25097,25096
25127,29,adjacent_difference,25098,25097
25128,29,adjacent_difference,25099,25098
25129,29,adjacent_difference,25100,25099
25130,29,adjacent_difference,25101,25100
25131,29,adjacent_difference,25102,25101
25132,29,adjacent_difference,25103,25102
25133,29,adjacent_difference,25104,25103
25134,29,adjacent_difference,25105,25104
25135,29,adjacent_difference,25106,25105
25136,29,adjacent_difference,25107,25106
25137,29,adjacent_difference,25108,25107
25138,29,adjacent_difference,25109,25108
25139,29,adjacent_difference,25110,25109
25140,29,adjacent_difference,25111,25110
25141,29,adjacent_difference,25112,25111
25142,29,adjacent_difference,25113,25112
25143,29,adjacent_difference,25114,25113
25144,29,adjacent_difference,25115,25114
25145,29,adjacent_difference,25116,25115
25146,29,adjacent_difference,25117,25116
25147,29,adjacent_difference,25118,25117
25148,29,adjacent_difference,25119,25118
25149,29,adjacent_difference,25120,25119
25150,29,adjacent_difference,25121,25120
25151,29,adjacent_difference,25122,25121
25152,29,adjacent_difference,25123,25122
25153,29,adjacent_difference,25124,25123
25154,29,adjacent_difference,25125,25124
25155,29,adjacent_difference,25126,25125
25156,29,adjacent_difference,25127,25126
25157,29,adjacent_difference,25128,25127
25158,29,adjacent_difference,25129,25128
25159,29,adjacent_difference,25130,25129
25160,29,adjacent_difference,25131,25130
25161,29,adjacent_difference,25132,25131
25162,29,adjacent_difference,25133,25132
25163,29,adjacent_difference,25134,25133
25164,29,adjacent_difference,25135,25134
25165,29,adjacent_difference,25136,25135
25166,29,adjacent_difference,25137,25136
25167,29,adjacent_difference,25138,25137
25168,29,adjacent_difference,25139,25138
25169,29,adjacent_difference,25140,25139
25170,29,adjacent_difference,25141,25140
25171,29,adjacent_difference,25142,25141
25172,29,adjacent_difference,25143,25142
25173,29,adjacent_difference,25144,25143
25174,29,adjacent_difference,25145,25144
25175,29,adjacent_difference,25146,25145
25176,29,adjacent_difference,25147,25146
25177,29,adjacent_difference,25148,25147
25178,29,adjacent_difference,25149,25148
25179,29,adjacent_difference,25150,25149
25180,29,adjacent_difference,25151,25150
25181,29,adjacent_difference,25152,25151
25182,29,adjacent_difference,25153,25152
25183,29,adjacent_difference,25154,25153
25184,29,adjacent_difference,25155,25154
25185,29,adjacent_difference,25156,25155
25186,29,adjacent_difference,25157,25156
25187,29,adjacent_difference,25158,25157
25188,29,adjacent_difference,25159,25158
25189,29,adjacent_difference,25160,25159
25190,29,adjacent_difference,25161,25160
25191,29,adjacent_difference,25162,25161
25192,29,adjacent_difference,25163,25162
25193,29,adjacent_difference,25164,25163
25194,29,adjacent_difference,25165,25164
25195,29,adjacent_difference,25166,25165
25196,29,adjacent_difference,25167,25166
25197,29,adjacent_difference,25168,25167
25198,29,adjacent_difference,25169,25168
25199,29,adjacent_difference,25170,25169
25200,29,adjacent_difference,25171,25170
25201,29,adjacent_difference,25172,25171
25202,29,adjacent_difference,25173,25172
25203,29,adjacent_difference,25174,25173
25204,29,adjacent_difference,25175,25174
25205,29,adjacent_difference,25176,25175
25206,29,adjacent_difference,25177,25176
25207,29,adjacent_difference,25178,25177
25208,29,adjacent_difference,25179,25178
25209,29,adjacent_difference,25180,25179
25210,29,adjacent_difference,25181,25180
25211,29,adjacent_difference,25182,25181
25212,29,adjacent_difference,25183,25182
25213,29,adjacent_difference,25184,25183
25214,29,adjacent_difference,25185,25184
25215,29,adjacent_difference,25186,25185
25216,29,adjacent_difference,25187,25186
25217,29,adjacent_difference,25188,25187
25218,29,adjacent_difference,25189,25188
25219,29,adjacent_difference,25190,25189
25220,29,adjacent_difference,25191,25190
25221,29,adjacent_difference,25192,25191
25222,29,adjacent_difference,25193,25192
25223,29,adjacent_difference,25194,25193
25224,29,adjacent_difference,25195,25194
25225,29,adjacent_difference,25196,25195
25226,29,adjacent_difference,25197,25196
25227,29,adjacent_difference,25198,25197
25228,29,adjacent_difference,25199,25198
25229,29,adjacent_difference,25200,25199
25230,29,adjacent_difference,25201,25200
25231,29,adjacent_difference,25202,25201
25232,29,adjacent_difference,25203,25202
25233,29,adjacent_difference,25204,25203
25234,29,adjacent_difference,25205,25204
25235,29,adjacent_difference,25206,25205
25236,29,adjacent_difference,25207,25206
25237,29,adjacent_difference,25208,25207
25238,29,adjacent_difference,25209,25208
25239,29,adjacent_difference,25210,25209
25240,29,adjacent_difference,25211,25210
25241,29,adjacent_difference,25212,25211
25242,29,adjacent_difference,25213,25212
25243,29,adjacent_difference,25214,25213
25244,29,adjacent_difference,25215,25214
25245,29,adjacent_difference,25216,25215
25246,29,adjacent_difference,25217,25216
25247,29,adjacent_difference,25218,25217
25248,29,adjacent_difference,25219,25218
25249,29,adjacent_difference,25220,25219
25250,29,adjacent_difference,25221,25220
25251,29,adjacent_difference,25222,25221
25252,29,adjacent_difference,25223,25222
25253,29,adjacent_difference,25224,25223
25254,29,adjacent_difference,25225,25224
25255,29,adjacent_difference,25226,25225
25256,29,adjacent_difference,25227,25226
25257,29,adjacent_difference,25228,25227
25258,29,adjacent_difference,25229,25228
25259,29,adjacent_difference,25230,25229
25260,29,adjacent_difference,25231,25230
25261,29,adjacent_difference,25232,25231
25262,29,adjacent_difference,25233,25232
25263,29,adjacent_difference,25234,25233
25264,29,adjacent_difference,25235,25234
25265,29,adjacent_difference,25236,25235
25266,29,adjacent_difference,25237,25236
25267,29,adjacent_difference,25238,25237
25268,29,adjacent_difference,25239,25238
25269,29,adjacent_difference,25240,25239
25270,29,adjacent_difference,25241,25240
25271,29,adjacent_difference,25242,25241
25272,29,adjacent_difference,25243,25242
25273,29,adjacent_difference,25244,25243
25274,29,adjacent_difference,25245,25244
25275,29,adjacent_difference,25246,25245
25276,29,adjacent_difference,25247,25246
25277,29,adjacent_difference,25248,25247
25278,29,adjacent_difference,25249,25248
25279,29,adjacent_difference,25250,25249
25280,29,adjacent_difference,25251,25250
25281,29,adjacent_difference,25252,25251
25282,29,adjacent_difference,25253,25252
25283,29,adjacent_difference,25254,25253
25284,29,adjacent_difference,25255,25254
25285,29,adjacent_difference,25256,25255
25286,29,adjacent_difference,25257,25256
25287,29,adjacent_difference,25258,25257
25288,29,adjacent_difference,25259,25258
25289,29,adjacent_difference,25260,25259
25290,29,adjacent_difference,25261,25260
25291,29,adjacent_difference,25262,25261
25292,29,adjacent_difference,25263,25262
25293,29,adjacent_difference,25264,25263
25294,29,adjacent_difference,25265,25264
25295,29,adjacent_difference,25266,25265
25296,29,adjacent_difference,25267,25266
25297,29,adjacent_difference,25268,25267
25298,29,adjacent_difference,25269,25268
25299,29,adjacent_difference,25270,25269
25300,29,adjacent_difference,25271,25270
25301,29,adjacent_difference,25272,25271
25302,29,adjacent_difference,25273,25272
25303,29,adjacent_difference,25274,25273
25304,29,adjacent_difference,25275,25274
25305,29,adjacent_difference,25276,25275
25306,29,adjacent_difference,25277,25276
25307,29,adjacent_difference,25278,25277
25308,29,adjacent_difference,25279,25278
25309,29,adjacent_difference,25280,25279
25310,29,adjacent_difference,25281,25280
25311,29,adjacent_difference,25282,25281
25312,29,adjacent_difference,25283,25282
25313,29,adjacent_difference,25284,25283
25314,29,adjacent_difference,25285,25284
25315,29,adjacent_difference,25286,25285
25316,29,adjacent_difference,25287,25286
25317,29,adjacent_difference,25288,25287
25318,29,adjacent_difference,25289,25288
25319,29,adjacent_difference,25290,25289
25320,29,adjacent_difference,25291,25290
25321,29,adjacent_difference,25292,25291
25322,29,adjacent_difference,25293,25292
25323,29,adjacent_difference,25294,25293
25324,29,adjacent_difference,25295,25294
25325,29,adjacent_difference,25296,25295
25326,29,adjacent_difference,25297,25296
25327,29,adjacent_difference,25298,25297
25328,29,adjacent_difference,25299,25298
25329,29,adjacent_difference,25300,25299
25330,29,adjacent_difference,25301,25300
25331,29,adjacent_difference,25302,25301
25332,29,adjacent_difference,25303,25302
25333,29,adjacent_difference,25304,25303
25334,29,adjacent_difference,25305,25304
25335,29,adjacent_difference,25306,25305
25336,29,adjacent_difference,25307,25306
25337,29,adjacent_difference,25308,25307
25338,29,adjacent_difference,25309,25308
25339,29,adjacent_difference,25310,25309
25340,29,adjacent_difference,25311,25310
25341,29,adjacent_difference,25312,25311
25342,29,adjacent_difference,25313,25312
25343,29,adjacent_difference,25314,25313
25344,29,adjacent_difference,25315,25314
25345,29,adjacent_difference,25316,25315
25346,29,adjacent_difference,25317,25316
25347,29,adjacent_difference,25318,25317
25348,29,adjacent_difference,25319,25318
25349,29,adjacent_difference,25320,25319
25350,29,adjacent_difference,25321,25320
25351,29,adjacent_difference,25322,25321
25352,29,adjacent_difference,25323,25322
25353,29,adjacent_difference,25324,25323
25354,29,adjacent_difference,25325,25324
25355,29,adjacent_difference,25326,25325
25356,29,adjacent_difference,25327,25326
25357,29,adjacent_difference,25328,25327
25358,29,adjacent_difference,25329,25328
25359,29,adjacent_difference,25330,25329
25360,29,adjacent_difference,25331,25330
25361,29,adjacent_difference,25332,25331
25362,29,adjacent_difference,25333,25332
25363,29,adjacent_difference,25334,25333
25364,29,adjacent_difference,25335,25334
25365,29,adjacent_difference,25336,25335
25366,29,adjacent_difference,25337,25336
25367,29,adjacent_difference,25338,25337
25368,29,adjacent_difference,25339,25338
25369,29,adjacent_difference,25340,25339
25370,29,terminal_inverse,-1,25340
